[1769669269.648][INFO]: Starting ChromeDriver 144.0.7559.109 (6a8d5e49388fcc8a7d56d2a275e4ef424eb10960-refs/branch-heads/7559@{#4008}) on port 64552
[1769669269.648][INFO]: Please see https://chromedriver.chromium.org/security-considerations for suggestions on keeping ChromeDriver safe.
[1769669269.653][INFO]: ChromeDriver was started successfully on port 64552
[1769669269.871][INFO]: [e9bdbd4df8cae9f7a7b05ef895e65b5c] COMMAND InitSession {
   "capabilities": {
      "alwaysMatch": {
         "browserName": "chrome",
         "browserVersion": null,
         "goog:chromeOptions": {
            "args": [ "--headless=new", "--user-data-dir=/tmp/selenium-e59c302113bb4a299749f774f3aa9c98", "--window-size=1280,720", "--disable-gpu", "--disable-gpu-rasterization", "--disable-dev-shm-usage", "--remote-allow-origins=*", "--no-sandbox" ],
            "binary": "/Applications/Google Chrome.app/Contents/MacOS/Google Chrome",
            "extensions": [  ]
         },
         "pageLoadStrategy": "normal"
      },
      "firstMatch": [ {
      } ]
   }
}
[1769669269.872][INFO]: Populating Preferences file: {
   "alternate_error_pages": {
      "enabled": false
   },
   "autofill": {
      "enabled": false
   },
   "browser": {
      "check_default_browser": false
   },
   "distribution": {
      "import_bookmarks": false,
      "import_history": false,
      "import_search_engine": false,
      "make_chrome_default_for_user": false,
      "skip_first_run_ui": true
   },
   "dns_prefetching": {
      "enabled": false
   },
   "profile": {
      "content_settings": {
         "pattern_pairs": {
            "https://*,*": {
               "media-stream": {
                  "audio": "Default",
                  "video": "Default"
               }
            }
         }
      },
      "default_content_setting_values": {
         "geolocation": 1
      },
      "default_content_settings": {
         "geolocation": 1,
         "mouselock": 1,
         "notifications": 1,
         "popups": 1,
         "ppapi-broker": 1
      },
      "password_manager_enabled": false
   },
   "safebrowsing": {
      "enabled": false
   },
   "search": {
      "suggest_enabled": false
   },
   "translate": {
      "enabled": false
   }
}
[1769669269.872][INFO]: Populating Local State file: {
   "background_mode": {
      "enabled": false
   },
   "ssl": {
      "rev_checking": {
         "enabled": false
      }
   }
}
[1769669269.873][INFO]: ChromeDriver supports communication with Chrome via pipes. This is more reliable and more secure.
[1769669269.873][INFO]: Use the --remote-debugging-pipe Chrome switch instead of the default --remote-debugging-port to enable this communication mode.
[1769669269.873][INFO]: Launching chrome: /Applications/Google Chrome.app/Contents/MacOS/Google Chrome --allow-pre-commit-input --disable-background-networking --disable-background-timer-throttling --disable-backgrounding-occluded-windows --disable-client-side-phishing-detection --disable-default-apps --disable-dev-shm-usage --disable-features=IgnoreDuplicateNavs,Prewarm --disable-gpu --disable-gpu-rasterization --disable-hang-monitor --disable-popup-blocking --disable-prompt-on-repost --disable-sync --enable-automation --enable-logging=stderr --headless=new --log-level=0 --no-first-run --no-sandbox --no-service-autorun --password-store=basic --remote-allow-origins=* --remote-debugging-port=0 --test-type=webdriver --use-mock-keychain --user-data-dir=/tmp/selenium-e59c302113bb4a299749f774f3aa9c98 --window-size=1280,720
[26350:893314:0129/114750.339542:INFO:components/enterprise/browser/controller/chrome_browser_cloud_management_controller.cc:206] No machine level policy manager exists.

DevTools listening on ws://127.0.0.1:64580/devtools/browser/c3dc49e7-4cf7-42b6-96c1-28df6aebbdef
[1769669270.683][INFO]: resolved localhost to ["::1","127.0.0.1"]
[1769669270.813][INFO]: [e9bdbd4df8cae9f7a7b05ef895e65b5c] RESPONSE InitSession {
   "capabilities": {
      "acceptInsecureCerts": false,
      "browserName": "chrome",
      "browserVersion": "144.0.7559.97",
      "chrome": {
         "chromedriverVersion": "144.0.7559.109 (6a8d5e49388fcc8a7d56d2a275e4ef424eb10960-refs/branch-heads/7559@{#4008})",
         "userDataDir": "/tmp/selenium-e59c302113bb4a299749f774f3aa9c98"
      },
      "fedcm:accounts": true,
      "goog:chromeOptions": {
         "debuggerAddress": "localhost:64580"
      },
      "goog:processID": 26350,
      "networkConnectionEnabled": false,
      "pageLoadStrategy": "normal",
      "platformName": "mac",
      "proxy": {
      },
      "setWindowRect": true,
      "strictFileInteractability": false,
      "timeouts": {
         "implicit": 0,
         "pageLoad": 300000,
         "script": 30000
      },
      "unhandledPromptBehavior": "dismiss and notify",
      "webauthn:extension:credBlob": true,
      "webauthn:extension:largeBlob": true,
      "webauthn:extension:minPinLength": true,
      "webauthn:extension:prf": true,
      "~~~": "..."
   },
   "sessionId": "e9bdbd4df8cae9f7a7b05ef895e65b5c"
}
[26356:893420:0129/114750.816240:ERROR:ui/display/mac/cv_display_link_mac.mm:165] CVDisplayLinkCreateWithCGDisplay failed. CVReturn: -6670
[26356:893420:0129/114750.817886:ERROR:ui/display/mac/cv_display_link_mac.mm:165] CVDisplayLinkCreateWithCGDisplay failed. CVReturn: -6670
[26356:893420:0129/114750.818087:ERROR:ui/display/mac/cv_display_link_mac.mm:165] CVDisplayLinkCreateWithCGDisplay failed. CVReturn: -6670
[1769669270.819][INFO]: [e9bdbd4df8cae9f7a7b05ef895e65b5c] COMMAND SetTimeouts {
   "pageLoad": 30000
}
[1769669270.836][INFO]: [e9bdbd4df8cae9f7a7b05ef895e65b5c] RESPONSE SetTimeouts
[1769669270.837][INFO]: [e9bdbd4df8cae9f7a7b05ef895e65b5c] COMMAND Navigate {
   "url": "https://asuracomic.net/series/return-of-the-sss-class-ranker-7c425a83/chapter/173"
}
[1769669270.856][INFO]: Waiting for pending navigations...
[1769669270.859][INFO]: Done waiting for pending navigations. Status: ok
[1769669272.049][INFO]: Waiting for pending navigations...
[26350:893314:0129/114755.393733:INFO:CONSOLE:1] "[object Object]", source: https://asuracomic.net/cdn-cgi/challenge-platform/scripts/jsd/main.js (1)
[26350:893314:0129/114755.557954:INFO:CONSOLE:1] "All scripts loaded successfully!", source: https://asuracomic.net/_next/static/chunks/5964-2aa3bef362f822f9.js (1)
[26350:893314:0129/114755.558466:INFO:CONSOLE:1] "All scripts loaded successfully!", source: https://asuracomic.net/_next/static/chunks/5964-2aa3bef362f822f9.js (1)
[26350:893314:0129/114755.558529:INFO:CONSOLE:1] "All scripts loaded successfully!", source: https://asuracomic.net/_next/static/chunks/5964-2aa3bef362f822f9.js (1)
[26350:893314:0129/114755.558567:INFO:CONSOLE:1] "All scripts loaded successfully!", source: https://asuracomic.net/_next/static/chunks/5964-2aa3bef362f822f9.js (1)
[1769669275.944][INFO]: Done waiting for pending navigations. Status: ok
[1769669275.963][INFO]: [e9bdbd4df8cae9f7a7b05ef895e65b5c] RESPONSE Navigate
[1769669275.965][INFO]: [e9bdbd4df8cae9f7a7b05ef895e65b5c] COMMAND FindElement {
   "using": "css selector",
   "value": "div.w-full.mx-auto.center img"
}
[1769669275.982][INFO]: Waiting for pending navigations...
[1769669275.983][INFO]: Done waiting for pending navigations. Status: ok
[1769669275.994][INFO]: Waiting for pending navigations...
[1769669276.003][INFO]: Done waiting for pending navigations. Status: ok
[1769669276.016][INFO]: [e9bdbd4df8cae9f7a7b05ef895e65b5c] RESPONSE FindElement {
   "element-6066-11e4-a52e-4f735466cecf": "f.CAA1FE4C08EC3FB8AD3888983C4001B7.d.728B49898D8128A16D8B333025A9BEAB.e.24"
}
[1769669276.018][INFO]: [e9bdbd4df8cae9f7a7b05ef895e65b5c] COMMAND FindElements {
   "using": "css selector",
   "value": "div.w-full.mx-auto.center img"
}
[1769669276.035][INFO]: Waiting for pending navigations...
[1769669276.037][INFO]: Done waiting for pending navigations. Status: ok
[1769669276.047][INFO]: Waiting for pending navigations...
[1769669276.048][INFO]: Done waiting for pending navigations. Status: ok
[1769669276.048][INFO]: [e9bdbd4df8cae9f7a7b05ef895e65b5c] RESPONSE FindElements [ {
   "element-6066-11e4-a52e-4f735466cecf": "f.CAA1FE4C08EC3FB8AD3888983C4001B7.d.728B49898D8128A16D8B333025A9BEAB.e.24"
}, {
   "element-6066-11e4-a52e-4f735466cecf": "f.CAA1FE4C08EC3FB8AD3888983C4001B7.d.728B49898D8128A16D8B333025A9BEAB.e.25"
}, {
   "element-6066-11e4-a52e-4f735466cecf": "f.CAA1FE4C08EC3FB8AD3888983C4001B7.d.728B49898D8128A16D8B333025A9BEAB.e.26"
}, {
   "element-6066-11e4-a52e-4f735466cecf": "f.CAA1FE4C08EC3FB8AD3888983C4001B7.d.728B49898D8128A16D8B333025A9BEAB.e.27"
}, {
   "element-6066-11e4-a52e-4f735466cecf": "f.CAA1FE4C08EC3FB8AD3888983C4001B7.d.728B49898D8128A16D8B333025A9BEAB.e.28"
}, {
   "element-6066-11e4-a52e-4f735466cecf": "f.CAA1FE4C08EC3FB8AD3888983C4001B7.d.728B49898D8128A16D8B333025A9BEAB.e.29"
}, {
   "element-6066-11e4-a52e-4f735466cecf": "f.CAA1FE4C08EC3FB8AD3888983C4001B7.d.728B49898D8128A16D8B333025A9BEAB.e.30"
}, {
   "element-6066-11e4-a52e-4f735466cecf": "f.CAA1FE4C08EC3FB8AD3888983C4001B7.d.728B49898D8128A16D8B333025A9BEAB.e.31"
}, {
   "element-6066-11e4-a52e-4f735466cecf": "f.CAA1FE4C08EC3FB8AD3888983C4001B7.d.728B49898D8128A16D8B333025A9BEAB.e.32"
}, {
   "element-6066-11e4-a52e-4f735466cecf": "f.CAA1FE4C08EC3FB8AD3888983C4001B7.d.728B49898D8128A16D8B333025A9BEAB.e.33"
}, {
   "element-6066-11e4-a52e-4f735466cecf": "f.CAA1FE4C08EC3FB8AD3888983C4001B7.d.728B49898D8128A16D8B333025A9BEAB.e.34"
}, {
   "element-6066-11e4-a52e-4f735466cecf": "f.CAA1FE4C08EC3FB8AD3888983C4001B7.d.728B49898D8128A16D8B333025A9BEAB.e.35"
} ]
[1769669276.051][INFO]: [e9bdbd4df8cae9f7a7b05ef895e65b5c] COMMAND ExecuteScript {
   "args": [ {
      "element-6066-11e4-a52e-4f735466cecf": "f.CAA1FE4C08EC3FB8AD3888983C4001B7.d.728B49898D8128A16D8B333025A9BEAB.e.24"
   }, "alt" ],
   "script": "/* getAttribute */return (function(){return (function(){var d=this||self;function f(a,b){function c(){}c.prototype=b.prototype;a.prototype=new c;a.prototype.constructor=a};var h=Array.prototype.indexOf?function(a,b){return Array.prototype.indexOf.call(a,b,void 0)}:function(a,b){if(\"string\"===typeof a)return\"string\"!==typeof b||1!=b.length?-1:a.indexOf(b,0);for(var c=0;c\u003Ca.length;c++)if(c in a&&a[c]===b)return c;return-1},k=Array.prototype.forEach?function(a,b){Array.prototype.forEach.call(a,b,void 0)}:function(a,b){for(var c=a.length,e=\"string\"===typeof a?a.split(\"\"):a,g=0;g\u003Cc;g++)g in e&&b.call(void 0,e[g],g,a)};function l(a,b){this.code=a;this.a=m[a]||n;this.message=b||\"\";a=this.a.replace(/((?:^|\\s+)[a-z])/g,function(c){return c.toUpperCase().replace(/^[\\s\\xa0]+/g,\"\")});b=a.length-5;if(0>b||a.indexOf(\"Error\",b)!=b)a+=\"Error\";this.name=a;a=Error(this.message);a.name=this.name;this.stack=a.stack||\"\"}f(l,Error);var n=\"unknown error\",m={15:\"element not selectable\",11:\"element not visible\"};m[31]=n;m[30]=n;m[24]=\"invalid cookie domain\";m[29]=\"invalid element coordinates\";m[12]=\"invalid element state\";m[32]=\"invalid selector\";\nm[51]=\"invalid selector\";m[52]=\"invalid selector\";m[17]=\"javascript error\";m[405]=\"unsupported operation\";m[34]=\"move target out of bounds\";m[27]=\"no such alert\";m[7]=\"no such element\";m[8]=\"no such frame\";m[23]=\"no such window\";m[28]=\"script timeout\";m[33]=\"session not created\";m[10]=\"stale element reference\";m[21]=\"timeout\";m[25]=\"unable to set cookie\";m[26]=\"unexpected alert open\";m[13]=n;m[9]=\"unknown command\";var p;a:{var q=d.navigator;if(q){var r=q.userAgent;if(r){p=r;break a}}p=\"\"}function t(a){return-1!=p.indexOf(a)};function u(){return t(\"Firefox\")||t(\"FxiOS\")}function v(){return(t(\"Chrome\")||t(\"CriOS\"))&&!t(\"Edge\")};function w(){return t(\"iPhone\")&&!t(\"iPod\")&&!t(\"iPad\")};var y=t(\"Opera\"),z=t(\"Trident\")||t(\"MSIE\"),A=t(\"Edge\"),B=t(\"Gecko\")&&!(-1!=p.toLowerCase().indexOf(\"webkit\")&&!t(\"Edge\"))&&!(t(\"Trident\")||t(\"MSIE\"))&&!t(\"Edge\"),C=-1!=p.toLowerCase().indexOf(\"webkit\")&&!t(\"Edge\");function D(){var a=d.document;return a?a.documentMode:void 0}var E;\na:{var F=\"\",G=function(){var a=p;if(B)return/rv:([^\\);]+)(\\)|;)/.exec(a);if(A)return/Edge\\/([\\d\\.]+)/.exec(a);if(z)return/\\b(?:MSIE|rv)[: ]([^\\);]+)(\\)|;)/.exec(a);if(C)return/WebKit\\/(\\S+)/.exec(a);if(y)return/(?:Version)[ \\/]?(\\S+)/.exec(a)}();G&&(F=G?G[1]:\"\");if(z){var H=D();if(null!=H&&H>parseFloat(F)){E=String(H);break a}}E=F}var I;I=d.document&&z?D():void 0;var J=u(),K=w()||t(\"iPod\"),L=t(\"iPad\"),M=t(\"Android\")&&!(v()||u()||t(\"Opera\")||t(\"Silk\")),N=v(),aa=t(\"Safari\")&&!(v()||t(\"Coast\")||t(\"Opera\")||t(\"Edge\")||t(\"Edg/\")||t(\"OPR\")||u()||t(\"Silk\")||t(\"Android\"))&&!(w()||t(\"iPad\")||t(\"iPod\"));function O(a){return(a=a.exec(p))?a[1]:\"\"}(function(){if(J)return O(/Firefox\\/([0-9.]+)/);if(z||A||y)return E;if(N)return w()||t(\"iPad\")||t(\"iPod\")?O(/CriOS\\/([0-9.]+)/):O(/Chrome\\/([0-9.]+)/);if(aa&&!(w()||t(\"iPad\")||t(\"iPod\")))return O(/Version\\/([0-9.]+)/);if(K||L){var a=/Version\\/(\\S+).*Mobile\\/(\\S+)/.exec(p);if(a)return a[1]+\".\"+a[2]}else if(M)return(a=O(/Android\\s+([0-9.]+)/))?a:O(/Version\\/([0-9.]+)/);return\"\"})();var P=z&&!(8\u003C=Number(I)),ba=z&&!(9\u003C=Number(I));var ca={SCRIPT:1,STYLE:1,HEAD:1,IFRAME:1,OBJECT:1},Q={IMG:\" \",BR:\"\\n\"};function R(a,b,c){if(!(a.nodeName in ca))if(3==a.nodeType)c?b.push(String(a.nodeValue).replace(/(\\r\\n|\\r|\\n)/g,\"\")):b.push(a.nodeValue);else if(a.nodeName in Q)b.push(Q[a.nodeName]);else for(a=a.firstChild;a;)R(a,b,c),a=a.nextSibling};function S(a,b){b=b.toLowerCase();return\"style\"==b?da(a.style.cssText):P&&\"value\"==b&&T(a,\"INPUT\")?a.value:ba&&!0===a[b]?String(a.getAttribute(b)):(a=a.getAttributeNode(b))&&a.specified?a.value:null}var ea=/[;]+(?=(?:(?:[^\"]*\"){2})*[^\"]*$)(?=(?:(?:[^']*'){2})*[^']*$)(?=(?:[^()]*\\([^()]*\\))*[^()]*$)/;\nfunction da(a){var b=[];k(a.split(ea),function(c){var e=c.indexOf(\":\");0\u003Ce&&(c=[c.slice(0,e),c.slice(e+1)],2==c.length&&b.push(c[0].toLowerCase(),\":\",c[1],\";\"))});b=b.join(\"\");return b=\";\"==b.charAt(b.length-1)?b:b+\";\"}function U(a,b){P&&\"value\"==b&&T(a,\"OPTION\")&&null===S(a,\"value\")?(b=[],R(a,b,!1),a=b.join(\"\")):a=a[b];return a}\nfunction T(a,b){b&&\"string\"!==typeof b&&(b=b.toString());return a instanceof HTMLFormElement?!!a&&1==a.nodeType&&(!b||\"FORM\"==b):!!a&&1==a.nodeType&&(!b||a.tagName.toUpperCase()==b)}function V(a){return T(a,\"OPTION\")?!0:T(a,\"INPUT\")?(a=a.type.toLowerCase(),\"checkbox\"==a||\"radio\"==a):!1};var fa={\"class\":\"className\",readonly:\"readOnly\"},ha=\"allowfullscreen allowpaymentrequest allowusermedia async autofocus autoplay checked compact complete controls declare default defaultchecked defaultselected defer disabled ended formnovalidate hidden indeterminate iscontenteditable ismap itemscope loop multiple muted nohref nomodule noresize noshade novalidate nowrap open paused playsinline pubdate readonly required reversed scoped seamless seeking selected truespeed typemustmatch willvalidate\".split(\" \");function W(a,b){var c=null,e=b.toLowerCase();if(\"style\"==e)return(c=a.style)&&\"string\"!=typeof c&&(c=c.cssText),c;if((\"selected\"==e||\"checked\"==e)&&V(a)){if(!V(a))throw new l(15,\"Element is not selectable\");b=\"selected\";c=a.type&&a.type.toLowerCase();if(\"checkbox\"==c||\"radio\"==c)b=\"checked\";return U(a,b)?\"true\":null}var g=T(a,\"A\");if(T(a,\"IMG\")&&\"src\"==e||g&&\"href\"==e)return(c=S(a,e))&&(c=U(a,e)),c;if(\"spellcheck\"==e){c=S(a,e);if(null!==c){if(\"false\"==c.toLowerCase())return\"false\";if(\"true\"==c.toLowerCase())return\"true\"}return U(a,\ne)+\"\"}g=fa[b]||b;if(0\u003C=h(ha,e))return(c=null!==S(a,b)||U(a,g))?\"true\":null;try{var x=U(a,g)}catch(ia){}(e=null==x)||(e=typeof x,e=\"object\"==e&&null!=x||\"function\"==e);e?c=S(a,b):c=x;return null!=c?c.toString():null}var X=[\"se_exportedFunctionSymbol\"],Y=d;X[0]in Y||\"undefined\"==typeof Y.execScript||Y.execScript(\"var \"+X[0]);for(var Z;X.length&&(Z=X.shift());)X.length||void 0===W?Y[Z]&&Y[Z]!==Object.prototype[Z]?Y=Y[Z]:Y=Y[Z]={}:Y[Z]=W;; return this.se_exportedFunctionSymbol.apply(null,arguments);}).apply(window, arguments);}\n).apply(null, arguments);"
}
[1769669276.051][INFO]: Waiting for pending navigations...
[1769669276.052][INFO]: Done waiting for pending navigations. Status: ok
[1769669276.056][INFO]: Waiting for pending navigations...
[1769669276.056][INFO]: Done waiting for pending navigations. Status: ok
[1769669276.056][INFO]: [e9bdbd4df8cae9f7a7b05ef895e65b5c] RESPONSE ExecuteScript "chapter page 1"
[1769669276.058][INFO]: [e9bdbd4df8cae9f7a7b05ef895e65b5c] COMMAND ExecuteScript {
   "args": [ {
      "element-6066-11e4-a52e-4f735466cecf": "f.CAA1FE4C08EC3FB8AD3888983C4001B7.d.728B49898D8128A16D8B333025A9BEAB.e.24"
   }, "currentSrc" ],
   "script": "/* getAttribute */return (function(){return (function(){var d=this||self;function f(a,b){function c(){}c.prototype=b.prototype;a.prototype=new c;a.prototype.constructor=a};var h=Array.prototype.indexOf?function(a,b){return Array.prototype.indexOf.call(a,b,void 0)}:function(a,b){if(\"string\"===typeof a)return\"string\"!==typeof b||1!=b.length?-1:a.indexOf(b,0);for(var c=0;c\u003Ca.length;c++)if(c in a&&a[c]===b)return c;return-1},k=Array.prototype.forEach?function(a,b){Array.prototype.forEach.call(a,b,void 0)}:function(a,b){for(var c=a.length,e=\"string\"===typeof a?a.split(\"\"):a,g=0;g\u003Cc;g++)g in e&&b.call(void 0,e[g],g,a)};function l(a,b){this.code=a;this.a=m[a]||n;this.message=b||\"\";a=this.a.replace(/((?:^|\\s+)[a-z])/g,function(c){return c.toUpperCase().replace(/^[\\s\\xa0]+/g,\"\")});b=a.length-5;if(0>b||a.indexOf(\"Error\",b)!=b)a+=\"Error\";this.name=a;a=Error(this.message);a.name=this.name;this.stack=a.stack||\"\"}f(l,Error);var n=\"unknown error\",m={15:\"element not selectable\",11:\"element not visible\"};m[31]=n;m[30]=n;m[24]=\"invalid cookie domain\";m[29]=\"invalid element coordinates\";m[12]=\"invalid element state\";m[32]=\"invalid selector\";\nm[51]=\"invalid selector\";m[52]=\"invalid selector\";m[17]=\"javascript error\";m[405]=\"unsupported operation\";m[34]=\"move target out of bounds\";m[27]=\"no such alert\";m[7]=\"no such element\";m[8]=\"no such frame\";m[23]=\"no such window\";m[28]=\"script timeout\";m[33]=\"session not created\";m[10]=\"stale element reference\";m[21]=\"timeout\";m[25]=\"unable to set cookie\";m[26]=\"unexpected alert open\";m[13]=n;m[9]=\"unknown command\";var p;a:{var q=d.navigator;if(q){var r=q.userAgent;if(r){p=r;break a}}p=\"\"}function t(a){return-1!=p.indexOf(a)};function u(){return t(\"Firefox\")||t(\"FxiOS\")}function v(){return(t(\"Chrome\")||t(\"CriOS\"))&&!t(\"Edge\")};function w(){return t(\"iPhone\")&&!t(\"iPod\")&&!t(\"iPad\")};var y=t(\"Opera\"),z=t(\"Trident\")||t(\"MSIE\"),A=t(\"Edge\"),B=t(\"Gecko\")&&!(-1!=p.toLowerCase().indexOf(\"webkit\")&&!t(\"Edge\"))&&!(t(\"Trident\")||t(\"MSIE\"))&&!t(\"Edge\"),C=-1!=p.toLowerCase().indexOf(\"webkit\")&&!t(\"Edge\");function D(){var a=d.document;return a?a.documentMode:void 0}var E;\na:{var F=\"\",G=function(){var a=p;if(B)return/rv:([^\\);]+)(\\)|;)/.exec(a);if(A)return/Edge\\/([\\d\\.]+)/.exec(a);if(z)return/\\b(?:MSIE|rv)[: ]([^\\);]+)(\\)|;)/.exec(a);if(C)return/WebKit\\/(\\S+)/.exec(a);if(y)return/(?:Version)[ \\/]?(\\S+)/.exec(a)}();G&&(F=G?G[1]:\"\");if(z){var H=D();if(null!=H&&H>parseFloat(F)){E=String(H);break a}}E=F}var I;I=d.document&&z?D():void 0;var J=u(),K=w()||t(\"iPod\"),L=t(\"iPad\"),M=t(\"Android\")&&!(v()||u()||t(\"Opera\")||t(\"Silk\")),N=v(),aa=t(\"Safari\")&&!(v()||t(\"Coast\")||t(\"Opera\")||t(\"Edge\")||t(\"Edg/\")||t(\"OPR\")||u()||t(\"Silk\")||t(\"Android\"))&&!(w()||t(\"iPad\")||t(\"iPod\"));function O(a){return(a=a.exec(p))?a[1]:\"\"}(function(){if(J)return O(/Firefox\\/([0-9.]+)/);if(z||A||y)return E;if(N)return w()||t(\"iPad\")||t(\"iPod\")?O(/CriOS\\/([0-9.]+)/):O(/Chrome\\/([0-9.]+)/);if(aa&&!(w()||t(\"iPad\")||t(\"iPod\")))return O(/Version\\/([0-9.]+)/);if(K||L){var a=/Version\\/(\\S+).*Mobile\\/(\\S+)/.exec(p);if(a)return a[1]+\".\"+a[2]}else if(M)return(a=O(/Android\\s+([0-9.]+)/))?a:O(/Version\\/([0-9.]+)/);return\"\"})();var P=z&&!(8\u003C=Number(I)),ba=z&&!(9\u003C=Number(I));var ca={SCRIPT:1,STYLE:1,HEAD:1,IFRAME:1,OBJECT:1},Q={IMG:\" \",BR:\"\\n\"};function R(a,b,c){if(!(a.nodeName in ca))if(3==a.nodeType)c?b.push(String(a.nodeValue).replace(/(\\r\\n|\\r|\\n)/g,\"\")):b.push(a.nodeValue);else if(a.nodeName in Q)b.push(Q[a.nodeName]);else for(a=a.firstChild;a;)R(a,b,c),a=a.nextSibling};function S(a,b){b=b.toLowerCase();return\"style\"==b?da(a.style.cssText):P&&\"value\"==b&&T(a,\"INPUT\")?a.value:ba&&!0===a[b]?String(a.getAttribute(b)):(a=a.getAttributeNode(b))&&a.specified?a.value:null}var ea=/[;]+(?=(?:(?:[^\"]*\"){2})*[^\"]*$)(?=(?:(?:[^']*'){2})*[^']*$)(?=(?:[^()]*\\([^()]*\\))*[^()]*$)/;\nfunction da(a){var b=[];k(a.split(ea),function(c){var e=c.indexOf(\":\");0\u003Ce&&(c=[c.slice(0,e),c.slice(e+1)],2==c.length&&b.push(c[0].toLowerCase(),\":\",c[1],\";\"))});b=b.join(\"\");return b=\";\"==b.charAt(b.length-1)?b:b+\";\"}function U(a,b){P&&\"value\"==b&&T(a,\"OPTION\")&&null===S(a,\"value\")?(b=[],R(a,b,!1),a=b.join(\"\")):a=a[b];return a}\nfunction T(a,b){b&&\"string\"!==typeof b&&(b=b.toString());return a instanceof HTMLFormElement?!!a&&1==a.nodeType&&(!b||\"FORM\"==b):!!a&&1==a.nodeType&&(!b||a.tagName.toUpperCase()==b)}function V(a){return T(a,\"OPTION\")?!0:T(a,\"INPUT\")?(a=a.type.toLowerCase(),\"checkbox\"==a||\"radio\"==a):!1};var fa={\"class\":\"className\",readonly:\"readOnly\"},ha=\"allowfullscreen allowpaymentrequest allowusermedia async autofocus autoplay checked compact complete controls declare default defaultchecked defaultselected defer disabled ended formnovalidate hidden indeterminate iscontenteditable ismap itemscope loop multiple muted nohref nomodule noresize noshade novalidate nowrap open paused playsinline pubdate readonly required reversed scoped seamless seeking selected truespeed typemustmatch willvalidate\".split(\" \");function W(a,b){var c=null,e=b.toLowerCase();if(\"style\"==e)return(c=a.style)&&\"string\"!=typeof c&&(c=c.cssText),c;if((\"selected\"==e||\"checked\"==e)&&V(a)){if(!V(a))throw new l(15,\"Element is not selectable\");b=\"selected\";c=a.type&&a.type.toLowerCase();if(\"checkbox\"==c||\"radio\"==c)b=\"checked\";return U(a,b)?\"true\":null}var g=T(a,\"A\");if(T(a,\"IMG\")&&\"src\"==e||g&&\"href\"==e)return(c=S(a,e))&&(c=U(a,e)),c;if(\"spellcheck\"==e){c=S(a,e);if(null!==c){if(\"false\"==c.toLowerCase())return\"false\";if(\"true\"==c.toLowerCase())return\"true\"}return U(a,\ne)+\"\"}g=fa[b]||b;if(0\u003C=h(ha,e))return(c=null!==S(a,b)||U(a,g))?\"true\":null;try{var x=U(a,g)}catch(ia){}(e=null==x)||(e=typeof x,e=\"object\"==e&&null!=x||\"function\"==e);e?c=S(a,b):c=x;return null!=c?c.toString():null}var X=[\"se_exportedFunctionSymbol\"],Y=d;X[0]in Y||\"undefined\"==typeof Y.execScript||Y.execScript(\"var \"+X[0]);for(var Z;X.length&&(Z=X.shift());)X.length||void 0===W?Y[Z]&&Y[Z]!==Object.prototype[Z]?Y=Y[Z]:Y=Y[Z]={}:Y[Z]=W;; return this.se_exportedFunctionSymbol.apply(null,arguments);}).apply(window, arguments);}\n).apply(null, arguments);"
}
[1769669276.058][INFO]: Waiting for pending navigations...
[1769669276.058][INFO]: Done waiting for pending navigations. Status: ok
[1769669276.061][INFO]: Waiting for pending navigations...
[1769669276.061][INFO]: Done waiting for pending navigations. Status: ok
[1769669276.062][INFO]: [e9bdbd4df8cae9f7a7b05ef895e65b5c] RESPONSE ExecuteScript "https://gg.asuracomic.net/storage/media/405806/conversions/00000-copy-optimized.webp"
[1769669276.063][INFO]: [e9bdbd4df8cae9f7a7b05ef895e65b5c] COMMAND ExecuteScript {
   "args": [ {
      "element-6066-11e4-a52e-4f735466cecf": "f.CAA1FE4C08EC3FB8AD3888983C4001B7.d.728B49898D8128A16D8B333025A9BEAB.e.25"
   }, "alt" ],
   "script": "/* getAttribute */return (function(){return (function(){var d=this||self;function f(a,b){function c(){}c.prototype=b.prototype;a.prototype=new c;a.prototype.constructor=a};var h=Array.prototype.indexOf?function(a,b){return Array.prototype.indexOf.call(a,b,void 0)}:function(a,b){if(\"string\"===typeof a)return\"string\"!==typeof b||1!=b.length?-1:a.indexOf(b,0);for(var c=0;c\u003Ca.length;c++)if(c in a&&a[c]===b)return c;return-1},k=Array.prototype.forEach?function(a,b){Array.prototype.forEach.call(a,b,void 0)}:function(a,b){for(var c=a.length,e=\"string\"===typeof a?a.split(\"\"):a,g=0;g\u003Cc;g++)g in e&&b.call(void 0,e[g],g,a)};function l(a,b){this.code=a;this.a=m[a]||n;this.message=b||\"\";a=this.a.replace(/((?:^|\\s+)[a-z])/g,function(c){return c.toUpperCase().replace(/^[\\s\\xa0]+/g,\"\")});b=a.length-5;if(0>b||a.indexOf(\"Error\",b)!=b)a+=\"Error\";this.name=a;a=Error(this.message);a.name=this.name;this.stack=a.stack||\"\"}f(l,Error);var n=\"unknown error\",m={15:\"element not selectable\",11:\"element not visible\"};m[31]=n;m[30]=n;m[24]=\"invalid cookie domain\";m[29]=\"invalid element coordinates\";m[12]=\"invalid element state\";m[32]=\"invalid selector\";\nm[51]=\"invalid selector\";m[52]=\"invalid selector\";m[17]=\"javascript error\";m[405]=\"unsupported operation\";m[34]=\"move target out of bounds\";m[27]=\"no such alert\";m[7]=\"no such element\";m[8]=\"no such frame\";m[23]=\"no such window\";m[28]=\"script timeout\";m[33]=\"session not created\";m[10]=\"stale element reference\";m[21]=\"timeout\";m[25]=\"unable to set cookie\";m[26]=\"unexpected alert open\";m[13]=n;m[9]=\"unknown command\";var p;a:{var q=d.navigator;if(q){var r=q.userAgent;if(r){p=r;break a}}p=\"\"}function t(a){return-1!=p.indexOf(a)};function u(){return t(\"Firefox\")||t(\"FxiOS\")}function v(){return(t(\"Chrome\")||t(\"CriOS\"))&&!t(\"Edge\")};function w(){return t(\"iPhone\")&&!t(\"iPod\")&&!t(\"iPad\")};var y=t(\"Opera\"),z=t(\"Trident\")||t(\"MSIE\"),A=t(\"Edge\"),B=t(\"Gecko\")&&!(-1!=p.toLowerCase().indexOf(\"webkit\")&&!t(\"Edge\"))&&!(t(\"Trident\")||t(\"MSIE\"))&&!t(\"Edge\"),C=-1!=p.toLowerCase().indexOf(\"webkit\")&&!t(\"Edge\");function D(){var a=d.document;return a?a.documentMode:void 0}var E;\na:{var F=\"\",G=function(){var a=p;if(B)return/rv:([^\\);]+)(\\)|;)/.exec(a);if(A)return/Edge\\/([\\d\\.]+)/.exec(a);if(z)return/\\b(?:MSIE|rv)[: ]([^\\);]+)(\\)|;)/.exec(a);if(C)return/WebKit\\/(\\S+)/.exec(a);if(y)return/(?:Version)[ \\/]?(\\S+)/.exec(a)}();G&&(F=G?G[1]:\"\");if(z){var H=D();if(null!=H&&H>parseFloat(F)){E=String(H);break a}}E=F}var I;I=d.document&&z?D():void 0;var J=u(),K=w()||t(\"iPod\"),L=t(\"iPad\"),M=t(\"Android\")&&!(v()||u()||t(\"Opera\")||t(\"Silk\")),N=v(),aa=t(\"Safari\")&&!(v()||t(\"Coast\")||t(\"Opera\")||t(\"Edge\")||t(\"Edg/\")||t(\"OPR\")||u()||t(\"Silk\")||t(\"Android\"))&&!(w()||t(\"iPad\")||t(\"iPod\"));function O(a){return(a=a.exec(p))?a[1]:\"\"}(function(){if(J)return O(/Firefox\\/([0-9.]+)/);if(z||A||y)return E;if(N)return w()||t(\"iPad\")||t(\"iPod\")?O(/CriOS\\/([0-9.]+)/):O(/Chrome\\/([0-9.]+)/);if(aa&&!(w()||t(\"iPad\")||t(\"iPod\")))return O(/Version\\/([0-9.]+)/);if(K||L){var a=/Version\\/(\\S+).*Mobile\\/(\\S+)/.exec(p);if(a)return a[1]+\".\"+a[2]}else if(M)return(a=O(/Android\\s+([0-9.]+)/))?a:O(/Version\\/([0-9.]+)/);return\"\"})();var P=z&&!(8\u003C=Number(I)),ba=z&&!(9\u003C=Number(I));var ca={SCRIPT:1,STYLE:1,HEAD:1,IFRAME:1,OBJECT:1},Q={IMG:\" \",BR:\"\\n\"};function R(a,b,c){if(!(a.nodeName in ca))if(3==a.nodeType)c?b.push(String(a.nodeValue).replace(/(\\r\\n|\\r|\\n)/g,\"\")):b.push(a.nodeValue);else if(a.nodeName in Q)b.push(Q[a.nodeName]);else for(a=a.firstChild;a;)R(a,b,c),a=a.nextSibling};function S(a,b){b=b.toLowerCase();return\"style\"==b?da(a.style.cssText):P&&\"value\"==b&&T(a,\"INPUT\")?a.value:ba&&!0===a[b]?String(a.getAttribute(b)):(a=a.getAttributeNode(b))&&a.specified?a.value:null}var ea=/[;]+(?=(?:(?:[^\"]*\"){2})*[^\"]*$)(?=(?:(?:[^']*'){2})*[^']*$)(?=(?:[^()]*\\([^()]*\\))*[^()]*$)/;\nfunction da(a){var b=[];k(a.split(ea),function(c){var e=c.indexOf(\":\");0\u003Ce&&(c=[c.slice(0,e),c.slice(e+1)],2==c.length&&b.push(c[0].toLowerCase(),\":\",c[1],\";\"))});b=b.join(\"\");return b=\";\"==b.charAt(b.length-1)?b:b+\";\"}function U(a,b){P&&\"value\"==b&&T(a,\"OPTION\")&&null===S(a,\"value\")?(b=[],R(a,b,!1),a=b.join(\"\")):a=a[b];return a}\nfunction T(a,b){b&&\"string\"!==typeof b&&(b=b.toString());return a instanceof HTMLFormElement?!!a&&1==a.nodeType&&(!b||\"FORM\"==b):!!a&&1==a.nodeType&&(!b||a.tagName.toUpperCase()==b)}function V(a){return T(a,\"OPTION\")?!0:T(a,\"INPUT\")?(a=a.type.toLowerCase(),\"checkbox\"==a||\"radio\"==a):!1};var fa={\"class\":\"className\",readonly:\"readOnly\"},ha=\"allowfullscreen allowpaymentrequest allowusermedia async autofocus autoplay checked compact complete controls declare default defaultchecked defaultselected defer disabled ended formnovalidate hidden indeterminate iscontenteditable ismap itemscope loop multiple muted nohref nomodule noresize noshade novalidate nowrap open paused playsinline pubdate readonly required reversed scoped seamless seeking selected truespeed typemustmatch willvalidate\".split(\" \");function W(a,b){var c=null,e=b.toLowerCase();if(\"style\"==e)return(c=a.style)&&\"string\"!=typeof c&&(c=c.cssText),c;if((\"selected\"==e||\"checked\"==e)&&V(a)){if(!V(a))throw new l(15,\"Element is not selectable\");b=\"selected\";c=a.type&&a.type.toLowerCase();if(\"checkbox\"==c||\"radio\"==c)b=\"checked\";return U(a,b)?\"true\":null}var g=T(a,\"A\");if(T(a,\"IMG\")&&\"src\"==e||g&&\"href\"==e)return(c=S(a,e))&&(c=U(a,e)),c;if(\"spellcheck\"==e){c=S(a,e);if(null!==c){if(\"false\"==c.toLowerCase())return\"false\";if(\"true\"==c.toLowerCase())return\"true\"}return U(a,\ne)+\"\"}g=fa[b]||b;if(0\u003C=h(ha,e))return(c=null!==S(a,b)||U(a,g))?\"true\":null;try{var x=U(a,g)}catch(ia){}(e=null==x)||(e=typeof x,e=\"object\"==e&&null!=x||\"function\"==e);e?c=S(a,b):c=x;return null!=c?c.toString():null}var X=[\"se_exportedFunctionSymbol\"],Y=d;X[0]in Y||\"undefined\"==typeof Y.execScript||Y.execScript(\"var \"+X[0]);for(var Z;X.length&&(Z=X.shift());)X.length||void 0===W?Y[Z]&&Y[Z]!==Object.prototype[Z]?Y=Y[Z]:Y=Y[Z]={}:Y[Z]=W;; return this.se_exportedFunctionSymbol.apply(null,arguments);}).apply(window, arguments);}\n).apply(null, arguments);"
}
[1769669276.063][INFO]: Waiting for pending navigations...
[1769669276.063][INFO]: Done waiting for pending navigations. Status: ok
[1769669276.065][INFO]: Waiting for pending navigations...
[1769669276.066][INFO]: Done waiting for pending navigations. Status: ok
[1769669276.066][INFO]: [e9bdbd4df8cae9f7a7b05ef895e65b5c] RESPONSE ExecuteScript "chapter page 2"
[1769669276.067][INFO]: [e9bdbd4df8cae9f7a7b05ef895e65b5c] COMMAND ExecuteScript {
   "args": [ {
      "element-6066-11e4-a52e-4f735466cecf": "f.CAA1FE4C08EC3FB8AD3888983C4001B7.d.728B49898D8128A16D8B333025A9BEAB.e.25"
   }, "currentSrc" ],
   "script": "/* getAttribute */return (function(){return (function(){var d=this||self;function f(a,b){function c(){}c.prototype=b.prototype;a.prototype=new c;a.prototype.constructor=a};var h=Array.prototype.indexOf?function(a,b){return Array.prototype.indexOf.call(a,b,void 0)}:function(a,b){if(\"string\"===typeof a)return\"string\"!==typeof b||1!=b.length?-1:a.indexOf(b,0);for(var c=0;c\u003Ca.length;c++)if(c in a&&a[c]===b)return c;return-1},k=Array.prototype.forEach?function(a,b){Array.prototype.forEach.call(a,b,void 0)}:function(a,b){for(var c=a.length,e=\"string\"===typeof a?a.split(\"\"):a,g=0;g\u003Cc;g++)g in e&&b.call(void 0,e[g],g,a)};function l(a,b){this.code=a;this.a=m[a]||n;this.message=b||\"\";a=this.a.replace(/((?:^|\\s+)[a-z])/g,function(c){return c.toUpperCase().replace(/^[\\s\\xa0]+/g,\"\")});b=a.length-5;if(0>b||a.indexOf(\"Error\",b)!=b)a+=\"Error\";this.name=a;a=Error(this.message);a.name=this.name;this.stack=a.stack||\"\"}f(l,Error);var n=\"unknown error\",m={15:\"element not selectable\",11:\"element not visible\"};m[31]=n;m[30]=n;m[24]=\"invalid cookie domain\";m[29]=\"invalid element coordinates\";m[12]=\"invalid element state\";m[32]=\"invalid selector\";\nm[51]=\"invalid selector\";m[52]=\"invalid selector\";m[17]=\"javascript error\";m[405]=\"unsupported operation\";m[34]=\"move target out of bounds\";m[27]=\"no such alert\";m[7]=\"no such element\";m[8]=\"no such frame\";m[23]=\"no such window\";m[28]=\"script timeout\";m[33]=\"session not created\";m[10]=\"stale element reference\";m[21]=\"timeout\";m[25]=\"unable to set cookie\";m[26]=\"unexpected alert open\";m[13]=n;m[9]=\"unknown command\";var p;a:{var q=d.navigator;if(q){var r=q.userAgent;if(r){p=r;break a}}p=\"\"}function t(a){return-1!=p.indexOf(a)};function u(){return t(\"Firefox\")||t(\"FxiOS\")}function v(){return(t(\"Chrome\")||t(\"CriOS\"))&&!t(\"Edge\")};function w(){return t(\"iPhone\")&&!t(\"iPod\")&&!t(\"iPad\")};var y=t(\"Opera\"),z=t(\"Trident\")||t(\"MSIE\"),A=t(\"Edge\"),B=t(\"Gecko\")&&!(-1!=p.toLowerCase().indexOf(\"webkit\")&&!t(\"Edge\"))&&!(t(\"Trident\")||t(\"MSIE\"))&&!t(\"Edge\"),C=-1!=p.toLowerCase().indexOf(\"webkit\")&&!t(\"Edge\");function D(){var a=d.document;return a?a.documentMode:void 0}var E;\na:{var F=\"\",G=function(){var a=p;if(B)return/rv:([^\\);]+)(\\)|;)/.exec(a);if(A)return/Edge\\/([\\d\\.]+)/.exec(a);if(z)return/\\b(?:MSIE|rv)[: ]([^\\);]+)(\\)|;)/.exec(a);if(C)return/WebKit\\/(\\S+)/.exec(a);if(y)return/(?:Version)[ \\/]?(\\S+)/.exec(a)}();G&&(F=G?G[1]:\"\");if(z){var H=D();if(null!=H&&H>parseFloat(F)){E=String(H);break a}}E=F}var I;I=d.document&&z?D():void 0;var J=u(),K=w()||t(\"iPod\"),L=t(\"iPad\"),M=t(\"Android\")&&!(v()||u()||t(\"Opera\")||t(\"Silk\")),N=v(),aa=t(\"Safari\")&&!(v()||t(\"Coast\")||t(\"Opera\")||t(\"Edge\")||t(\"Edg/\")||t(\"OPR\")||u()||t(\"Silk\")||t(\"Android\"))&&!(w()||t(\"iPad\")||t(\"iPod\"));function O(a){return(a=a.exec(p))?a[1]:\"\"}(function(){if(J)return O(/Firefox\\/([0-9.]+)/);if(z||A||y)return E;if(N)return w()||t(\"iPad\")||t(\"iPod\")?O(/CriOS\\/([0-9.]+)/):O(/Chrome\\/([0-9.]+)/);if(aa&&!(w()||t(\"iPad\")||t(\"iPod\")))return O(/Version\\/([0-9.]+)/);if(K||L){var a=/Version\\/(\\S+).*Mobile\\/(\\S+)/.exec(p);if(a)return a[1]+\".\"+a[2]}else if(M)return(a=O(/Android\\s+([0-9.]+)/))?a:O(/Version\\/([0-9.]+)/);return\"\"})();var P=z&&!(8\u003C=Number(I)),ba=z&&!(9\u003C=Number(I));var ca={SCRIPT:1,STYLE:1,HEAD:1,IFRAME:1,OBJECT:1},Q={IMG:\" \",BR:\"\\n\"};function R(a,b,c){if(!(a.nodeName in ca))if(3==a.nodeType)c?b.push(String(a.nodeValue).replace(/(\\r\\n|\\r|\\n)/g,\"\")):b.push(a.nodeValue);else if(a.nodeName in Q)b.push(Q[a.nodeName]);else for(a=a.firstChild;a;)R(a,b,c),a=a.nextSibling};function S(a,b){b=b.toLowerCase();return\"style\"==b?da(a.style.cssText):P&&\"value\"==b&&T(a,\"INPUT\")?a.value:ba&&!0===a[b]?String(a.getAttribute(b)):(a=a.getAttributeNode(b))&&a.specified?a.value:null}var ea=/[;]+(?=(?:(?:[^\"]*\"){2})*[^\"]*$)(?=(?:(?:[^']*'){2})*[^']*$)(?=(?:[^()]*\\([^()]*\\))*[^()]*$)/;\nfunction da(a){var b=[];k(a.split(ea),function(c){var e=c.indexOf(\":\");0\u003Ce&&(c=[c.slice(0,e),c.slice(e+1)],2==c.length&&b.push(c[0].toLowerCase(),\":\",c[1],\";\"))});b=b.join(\"\");return b=\";\"==b.charAt(b.length-1)?b:b+\";\"}function U(a,b){P&&\"value\"==b&&T(a,\"OPTION\")&&null===S(a,\"value\")?(b=[],R(a,b,!1),a=b.join(\"\")):a=a[b];return a}\nfunction T(a,b){b&&\"string\"!==typeof b&&(b=b.toString());return a instanceof HTMLFormElement?!!a&&1==a.nodeType&&(!b||\"FORM\"==b):!!a&&1==a.nodeType&&(!b||a.tagName.toUpperCase()==b)}function V(a){return T(a,\"OPTION\")?!0:T(a,\"INPUT\")?(a=a.type.toLowerCase(),\"checkbox\"==a||\"radio\"==a):!1};var fa={\"class\":\"className\",readonly:\"readOnly\"},ha=\"allowfullscreen allowpaymentrequest allowusermedia async autofocus autoplay checked compact complete controls declare default defaultchecked defaultselected defer disabled ended formnovalidate hidden indeterminate iscontenteditable ismap itemscope loop multiple muted nohref nomodule noresize noshade novalidate nowrap open paused playsinline pubdate readonly required reversed scoped seamless seeking selected truespeed typemustmatch willvalidate\".split(\" \");function W(a,b){var c=null,e=b.toLowerCase();if(\"style\"==e)return(c=a.style)&&\"string\"!=typeof c&&(c=c.cssText),c;if((\"selected\"==e||\"checked\"==e)&&V(a)){if(!V(a))throw new l(15,\"Element is not selectable\");b=\"selected\";c=a.type&&a.type.toLowerCase();if(\"checkbox\"==c||\"radio\"==c)b=\"checked\";return U(a,b)?\"true\":null}var g=T(a,\"A\");if(T(a,\"IMG\")&&\"src\"==e||g&&\"href\"==e)return(c=S(a,e))&&(c=U(a,e)),c;if(\"spellcheck\"==e){c=S(a,e);if(null!==c){if(\"false\"==c.toLowerCase())return\"false\";if(\"true\"==c.toLowerCase())return\"true\"}return U(a,\ne)+\"\"}g=fa[b]||b;if(0\u003C=h(ha,e))return(c=null!==S(a,b)||U(a,g))?\"true\":null;try{var x=U(a,g)}catch(ia){}(e=null==x)||(e=typeof x,e=\"object\"==e&&null!=x||\"function\"==e);e?c=S(a,b):c=x;return null!=c?c.toString():null}var X=[\"se_exportedFunctionSymbol\"],Y=d;X[0]in Y||\"undefined\"==typeof Y.execScript||Y.execScript(\"var \"+X[0]);for(var Z;X.length&&(Z=X.shift());)X.length||void 0===W?Y[Z]&&Y[Z]!==Object.prototype[Z]?Y=Y[Z]:Y=Y[Z]={}:Y[Z]=W;; return this.se_exportedFunctionSymbol.apply(null,arguments);}).apply(window, arguments);}\n).apply(null, arguments);"
}
[1769669276.067][INFO]: Waiting for pending navigations...
[1769669276.067][INFO]: Done waiting for pending navigations. Status: ok
[1769669276.069][INFO]: Waiting for pending navigations...
[1769669276.070][INFO]: Done waiting for pending navigations. Status: ok
[1769669276.070][INFO]: [e9bdbd4df8cae9f7a7b05ef895e65b5c] RESPONSE ExecuteScript "https://gg.asuracomic.net/storage/media/405807/conversions/01-optimized.webp"
[1769669276.071][INFO]: [e9bdbd4df8cae9f7a7b05ef895e65b5c] COMMAND ExecuteScript {
   "args": [ {
      "element-6066-11e4-a52e-4f735466cecf": "f.CAA1FE4C08EC3FB8AD3888983C4001B7.d.728B49898D8128A16D8B333025A9BEAB.e.26"
   }, "alt" ],
   "script": "/* getAttribute */return (function(){return (function(){var d=this||self;function f(a,b){function c(){}c.prototype=b.prototype;a.prototype=new c;a.prototype.constructor=a};var h=Array.prototype.indexOf?function(a,b){return Array.prototype.indexOf.call(a,b,void 0)}:function(a,b){if(\"string\"===typeof a)return\"string\"!==typeof b||1!=b.length?-1:a.indexOf(b,0);for(var c=0;c\u003Ca.length;c++)if(c in a&&a[c]===b)return c;return-1},k=Array.prototype.forEach?function(a,b){Array.prototype.forEach.call(a,b,void 0)}:function(a,b){for(var c=a.length,e=\"string\"===typeof a?a.split(\"\"):a,g=0;g\u003Cc;g++)g in e&&b.call(void 0,e[g],g,a)};function l(a,b){this.code=a;this.a=m[a]||n;this.message=b||\"\";a=this.a.replace(/((?:^|\\s+)[a-z])/g,function(c){return c.toUpperCase().replace(/^[\\s\\xa0]+/g,\"\")});b=a.length-5;if(0>b||a.indexOf(\"Error\",b)!=b)a+=\"Error\";this.name=a;a=Error(this.message);a.name=this.name;this.stack=a.stack||\"\"}f(l,Error);var n=\"unknown error\",m={15:\"element not selectable\",11:\"element not visible\"};m[31]=n;m[30]=n;m[24]=\"invalid cookie domain\";m[29]=\"invalid element coordinates\";m[12]=\"invalid element state\";m[32]=\"invalid selector\";\nm[51]=\"invalid selector\";m[52]=\"invalid selector\";m[17]=\"javascript error\";m[405]=\"unsupported operation\";m[34]=\"move target out of bounds\";m[27]=\"no such alert\";m[7]=\"no such element\";m[8]=\"no such frame\";m[23]=\"no such window\";m[28]=\"script timeout\";m[33]=\"session not created\";m[10]=\"stale element reference\";m[21]=\"timeout\";m[25]=\"unable to set cookie\";m[26]=\"unexpected alert open\";m[13]=n;m[9]=\"unknown command\";var p;a:{var q=d.navigator;if(q){var r=q.userAgent;if(r){p=r;break a}}p=\"\"}function t(a){return-1!=p.indexOf(a)};function u(){return t(\"Firefox\")||t(\"FxiOS\")}function v(){return(t(\"Chrome\")||t(\"CriOS\"))&&!t(\"Edge\")};function w(){return t(\"iPhone\")&&!t(\"iPod\")&&!t(\"iPad\")};var y=t(\"Opera\"),z=t(\"Trident\")||t(\"MSIE\"),A=t(\"Edge\"),B=t(\"Gecko\")&&!(-1!=p.toLowerCase().indexOf(\"webkit\")&&!t(\"Edge\"))&&!(t(\"Trident\")||t(\"MSIE\"))&&!t(\"Edge\"),C=-1!=p.toLowerCase().indexOf(\"webkit\")&&!t(\"Edge\");function D(){var a=d.document;return a?a.documentMode:void 0}var E;\na:{var F=\"\",G=function(){var a=p;if(B)return/rv:([^\\);]+)(\\)|;)/.exec(a);if(A)return/Edge\\/([\\d\\.]+)/.exec(a);if(z)return/\\b(?:MSIE|rv)[: ]([^\\);]+)(\\)|;)/.exec(a);if(C)return/WebKit\\/(\\S+)/.exec(a);if(y)return/(?:Version)[ \\/]?(\\S+)/.exec(a)}();G&&(F=G?G[1]:\"\");if(z){var H=D();if(null!=H&&H>parseFloat(F)){E=String(H);break a}}E=F}var I;I=d.document&&z?D():void 0;var J=u(),K=w()||t(\"iPod\"),L=t(\"iPad\"),M=t(\"Android\")&&!(v()||u()||t(\"Opera\")||t(\"Silk\")),N=v(),aa=t(\"Safari\")&&!(v()||t(\"Coast\")||t(\"Opera\")||t(\"Edge\")||t(\"Edg/\")||t(\"OPR\")||u()||t(\"Silk\")||t(\"Android\"))&&!(w()||t(\"iPad\")||t(\"iPod\"));function O(a){return(a=a.exec(p))?a[1]:\"\"}(function(){if(J)return O(/Firefox\\/([0-9.]+)/);if(z||A||y)return E;if(N)return w()||t(\"iPad\")||t(\"iPod\")?O(/CriOS\\/([0-9.]+)/):O(/Chrome\\/([0-9.]+)/);if(aa&&!(w()||t(\"iPad\")||t(\"iPod\")))return O(/Version\\/([0-9.]+)/);if(K||L){var a=/Version\\/(\\S+).*Mobile\\/(\\S+)/.exec(p);if(a)return a[1]+\".\"+a[2]}else if(M)return(a=O(/Android\\s+([0-9.]+)/))?a:O(/Version\\/([0-9.]+)/);return\"\"})();var P=z&&!(8\u003C=Number(I)),ba=z&&!(9\u003C=Number(I));var ca={SCRIPT:1,STYLE:1,HEAD:1,IFRAME:1,OBJECT:1},Q={IMG:\" \",BR:\"\\n\"};function R(a,b,c){if(!(a.nodeName in ca))if(3==a.nodeType)c?b.push(String(a.nodeValue).replace(/(\\r\\n|\\r|\\n)/g,\"\")):b.push(a.nodeValue);else if(a.nodeName in Q)b.push(Q[a.nodeName]);else for(a=a.firstChild;a;)R(a,b,c),a=a.nextSibling};function S(a,b){b=b.toLowerCase();return\"style\"==b?da(a.style.cssText):P&&\"value\"==b&&T(a,\"INPUT\")?a.value:ba&&!0===a[b]?String(a.getAttribute(b)):(a=a.getAttributeNode(b))&&a.specified?a.value:null}var ea=/[;]+(?=(?:(?:[^\"]*\"){2})*[^\"]*$)(?=(?:(?:[^']*'){2})*[^']*$)(?=(?:[^()]*\\([^()]*\\))*[^()]*$)/;\nfunction da(a){var b=[];k(a.split(ea),function(c){var e=c.indexOf(\":\");0\u003Ce&&(c=[c.slice(0,e),c.slice(e+1)],2==c.length&&b.push(c[0].toLowerCase(),\":\",c[1],\";\"))});b=b.join(\"\");return b=\";\"==b.charAt(b.length-1)?b:b+\";\"}function U(a,b){P&&\"value\"==b&&T(a,\"OPTION\")&&null===S(a,\"value\")?(b=[],R(a,b,!1),a=b.join(\"\")):a=a[b];return a}\nfunction T(a,b){b&&\"string\"!==typeof b&&(b=b.toString());return a instanceof HTMLFormElement?!!a&&1==a.nodeType&&(!b||\"FORM\"==b):!!a&&1==a.nodeType&&(!b||a.tagName.toUpperCase()==b)}function V(a){return T(a,\"OPTION\")?!0:T(a,\"INPUT\")?(a=a.type.toLowerCase(),\"checkbox\"==a||\"radio\"==a):!1};var fa={\"class\":\"className\",readonly:\"readOnly\"},ha=\"allowfullscreen allowpaymentrequest allowusermedia async autofocus autoplay checked compact complete controls declare default defaultchecked defaultselected defer disabled ended formnovalidate hidden indeterminate iscontenteditable ismap itemscope loop multiple muted nohref nomodule noresize noshade novalidate nowrap open paused playsinline pubdate readonly required reversed scoped seamless seeking selected truespeed typemustmatch willvalidate\".split(\" \");function W(a,b){var c=null,e=b.toLowerCase();if(\"style\"==e)return(c=a.style)&&\"string\"!=typeof c&&(c=c.cssText),c;if((\"selected\"==e||\"checked\"==e)&&V(a)){if(!V(a))throw new l(15,\"Element is not selectable\");b=\"selected\";c=a.type&&a.type.toLowerCase();if(\"checkbox\"==c||\"radio\"==c)b=\"checked\";return U(a,b)?\"true\":null}var g=T(a,\"A\");if(T(a,\"IMG\")&&\"src\"==e||g&&\"href\"==e)return(c=S(a,e))&&(c=U(a,e)),c;if(\"spellcheck\"==e){c=S(a,e);if(null!==c){if(\"false\"==c.toLowerCase())return\"false\";if(\"true\"==c.toLowerCase())return\"true\"}return U(a,\ne)+\"\"}g=fa[b]||b;if(0\u003C=h(ha,e))return(c=null!==S(a,b)||U(a,g))?\"true\":null;try{var x=U(a,g)}catch(ia){}(e=null==x)||(e=typeof x,e=\"object\"==e&&null!=x||\"function\"==e);e?c=S(a,b):c=x;return null!=c?c.toString():null}var X=[\"se_exportedFunctionSymbol\"],Y=d;X[0]in Y||\"undefined\"==typeof Y.execScript||Y.execScript(\"var \"+X[0]);for(var Z;X.length&&(Z=X.shift());)X.length||void 0===W?Y[Z]&&Y[Z]!==Object.prototype[Z]?Y=Y[Z]:Y=Y[Z]={}:Y[Z]=W;; return this.se_exportedFunctionSymbol.apply(null,arguments);}).apply(window, arguments);}\n).apply(null, arguments);"
}
[1769669276.071][INFO]: Waiting for pending navigations...
[1769669276.071][INFO]: Done waiting for pending navigations. Status: ok
[1769669276.074][INFO]: Waiting for pending navigations...
[1769669276.074][INFO]: Done waiting for pending navigations. Status: ok
[1769669276.074][INFO]: [e9bdbd4df8cae9f7a7b05ef895e65b5c] RESPONSE ExecuteScript "chapter page 3"
[1769669276.075][INFO]: [e9bdbd4df8cae9f7a7b05ef895e65b5c] COMMAND ExecuteScript {
   "args": [ {
      "element-6066-11e4-a52e-4f735466cecf": "f.CAA1FE4C08EC3FB8AD3888983C4001B7.d.728B49898D8128A16D8B333025A9BEAB.e.26"
   }, "currentSrc" ],
   "script": "/* getAttribute */return (function(){return (function(){var d=this||self;function f(a,b){function c(){}c.prototype=b.prototype;a.prototype=new c;a.prototype.constructor=a};var h=Array.prototype.indexOf?function(a,b){return Array.prototype.indexOf.call(a,b,void 0)}:function(a,b){if(\"string\"===typeof a)return\"string\"!==typeof b||1!=b.length?-1:a.indexOf(b,0);for(var c=0;c\u003Ca.length;c++)if(c in a&&a[c]===b)return c;return-1},k=Array.prototype.forEach?function(a,b){Array.prototype.forEach.call(a,b,void 0)}:function(a,b){for(var c=a.length,e=\"string\"===typeof a?a.split(\"\"):a,g=0;g\u003Cc;g++)g in e&&b.call(void 0,e[g],g,a)};function l(a,b){this.code=a;this.a=m[a]||n;this.message=b||\"\";a=this.a.replace(/((?:^|\\s+)[a-z])/g,function(c){return c.toUpperCase().replace(/^[\\s\\xa0]+/g,\"\")});b=a.length-5;if(0>b||a.indexOf(\"Error\",b)!=b)a+=\"Error\";this.name=a;a=Error(this.message);a.name=this.name;this.stack=a.stack||\"\"}f(l,Error);var n=\"unknown error\",m={15:\"element not selectable\",11:\"element not visible\"};m[31]=n;m[30]=n;m[24]=\"invalid cookie domain\";m[29]=\"invalid element coordinates\";m[12]=\"invalid element state\";m[32]=\"invalid selector\";\nm[51]=\"invalid selector\";m[52]=\"invalid selector\";m[17]=\"javascript error\";m[405]=\"unsupported operation\";m[34]=\"move target out of bounds\";m[27]=\"no such alert\";m[7]=\"no such element\";m[8]=\"no such frame\";m[23]=\"no such window\";m[28]=\"script timeout\";m[33]=\"session not created\";m[10]=\"stale element reference\";m[21]=\"timeout\";m[25]=\"unable to set cookie\";m[26]=\"unexpected alert open\";m[13]=n;m[9]=\"unknown command\";var p;a:{var q=d.navigator;if(q){var r=q.userAgent;if(r){p=r;break a}}p=\"\"}function t(a){return-1!=p.indexOf(a)};function u(){return t(\"Firefox\")||t(\"FxiOS\")}function v(){return(t(\"Chrome\")||t(\"CriOS\"))&&!t(\"Edge\")};function w(){return t(\"iPhone\")&&!t(\"iPod\")&&!t(\"iPad\")};var y=t(\"Opera\"),z=t(\"Trident\")||t(\"MSIE\"),A=t(\"Edge\"),B=t(\"Gecko\")&&!(-1!=p.toLowerCase().indexOf(\"webkit\")&&!t(\"Edge\"))&&!(t(\"Trident\")||t(\"MSIE\"))&&!t(\"Edge\"),C=-1!=p.toLowerCase().indexOf(\"webkit\")&&!t(\"Edge\");function D(){var a=d.document;return a?a.documentMode:void 0}var E;\na:{var F=\"\",G=function(){var a=p;if(B)return/rv:([^\\);]+)(\\)|;)/.exec(a);if(A)return/Edge\\/([\\d\\.]+)/.exec(a);if(z)return/\\b(?:MSIE|rv)[: ]([^\\);]+)(\\)|;)/.exec(a);if(C)return/WebKit\\/(\\S+)/.exec(a);if(y)return/(?:Version)[ \\/]?(\\S+)/.exec(a)}();G&&(F=G?G[1]:\"\");if(z){var H=D();if(null!=H&&H>parseFloat(F)){E=String(H);break a}}E=F}var I;I=d.document&&z?D():void 0;var J=u(),K=w()||t(\"iPod\"),L=t(\"iPad\"),M=t(\"Android\")&&!(v()||u()||t(\"Opera\")||t(\"Silk\")),N=v(),aa=t(\"Safari\")&&!(v()||t(\"Coast\")||t(\"Opera\")||t(\"Edge\")||t(\"Edg/\")||t(\"OPR\")||u()||t(\"Silk\")||t(\"Android\"))&&!(w()||t(\"iPad\")||t(\"iPod\"));function O(a){return(a=a.exec(p))?a[1]:\"\"}(function(){if(J)return O(/Firefox\\/([0-9.]+)/);if(z||A||y)return E;if(N)return w()||t(\"iPad\")||t(\"iPod\")?O(/CriOS\\/([0-9.]+)/):O(/Chrome\\/([0-9.]+)/);if(aa&&!(w()||t(\"iPad\")||t(\"iPod\")))return O(/Version\\/([0-9.]+)/);if(K||L){var a=/Version\\/(\\S+).*Mobile\\/(\\S+)/.exec(p);if(a)return a[1]+\".\"+a[2]}else if(M)return(a=O(/Android\\s+([0-9.]+)/))?a:O(/Version\\/([0-9.]+)/);return\"\"})();var P=z&&!(8\u003C=Number(I)),ba=z&&!(9\u003C=Number(I));var ca={SCRIPT:1,STYLE:1,HEAD:1,IFRAME:1,OBJECT:1},Q={IMG:\" \",BR:\"\\n\"};function R(a,b,c){if(!(a.nodeName in ca))if(3==a.nodeType)c?b.push(String(a.nodeValue).replace(/(\\r\\n|\\r|\\n)/g,\"\")):b.push(a.nodeValue);else if(a.nodeName in Q)b.push(Q[a.nodeName]);else for(a=a.firstChild;a;)R(a,b,c),a=a.nextSibling};function S(a,b){b=b.toLowerCase();return\"style\"==b?da(a.style.cssText):P&&\"value\"==b&&T(a,\"INPUT\")?a.value:ba&&!0===a[b]?String(a.getAttribute(b)):(a=a.getAttributeNode(b))&&a.specified?a.value:null}var ea=/[;]+(?=(?:(?:[^\"]*\"){2})*[^\"]*$)(?=(?:(?:[^']*'){2})*[^']*$)(?=(?:[^()]*\\([^()]*\\))*[^()]*$)/;\nfunction da(a){var b=[];k(a.split(ea),function(c){var e=c.indexOf(\":\");0\u003Ce&&(c=[c.slice(0,e),c.slice(e+1)],2==c.length&&b.push(c[0].toLowerCase(),\":\",c[1],\";\"))});b=b.join(\"\");return b=\";\"==b.charAt(b.length-1)?b:b+\";\"}function U(a,b){P&&\"value\"==b&&T(a,\"OPTION\")&&null===S(a,\"value\")?(b=[],R(a,b,!1),a=b.join(\"\")):a=a[b];return a}\nfunction T(a,b){b&&\"string\"!==typeof b&&(b=b.toString());return a instanceof HTMLFormElement?!!a&&1==a.nodeType&&(!b||\"FORM\"==b):!!a&&1==a.nodeType&&(!b||a.tagName.toUpperCase()==b)}function V(a){return T(a,\"OPTION\")?!0:T(a,\"INPUT\")?(a=a.type.toLowerCase(),\"checkbox\"==a||\"radio\"==a):!1};var fa={\"class\":\"className\",readonly:\"readOnly\"},ha=\"allowfullscreen allowpaymentrequest allowusermedia async autofocus autoplay checked compact complete controls declare default defaultchecked defaultselected defer disabled ended formnovalidate hidden indeterminate iscontenteditable ismap itemscope loop multiple muted nohref nomodule noresize noshade novalidate nowrap open paused playsinline pubdate readonly required reversed scoped seamless seeking selected truespeed typemustmatch willvalidate\".split(\" \");function W(a,b){var c=null,e=b.toLowerCase();if(\"style\"==e)return(c=a.style)&&\"string\"!=typeof c&&(c=c.cssText),c;if((\"selected\"==e||\"checked\"==e)&&V(a)){if(!V(a))throw new l(15,\"Element is not selectable\");b=\"selected\";c=a.type&&a.type.toLowerCase();if(\"checkbox\"==c||\"radio\"==c)b=\"checked\";return U(a,b)?\"true\":null}var g=T(a,\"A\");if(T(a,\"IMG\")&&\"src\"==e||g&&\"href\"==e)return(c=S(a,e))&&(c=U(a,e)),c;if(\"spellcheck\"==e){c=S(a,e);if(null!==c){if(\"false\"==c.toLowerCase())return\"false\";if(\"true\"==c.toLowerCase())return\"true\"}return U(a,\ne)+\"\"}g=fa[b]||b;if(0\u003C=h(ha,e))return(c=null!==S(a,b)||U(a,g))?\"true\":null;try{var x=U(a,g)}catch(ia){}(e=null==x)||(e=typeof x,e=\"object\"==e&&null!=x||\"function\"==e);e?c=S(a,b):c=x;return null!=c?c.toString():null}var X=[\"se_exportedFunctionSymbol\"],Y=d;X[0]in Y||\"undefined\"==typeof Y.execScript||Y.execScript(\"var \"+X[0]);for(var Z;X.length&&(Z=X.shift());)X.length||void 0===W?Y[Z]&&Y[Z]!==Object.prototype[Z]?Y=Y[Z]:Y=Y[Z]={}:Y[Z]=W;; return this.se_exportedFunctionSymbol.apply(null,arguments);}).apply(window, arguments);}\n).apply(null, arguments);"
}
[1769669276.075][INFO]: Waiting for pending navigations...
[1769669276.076][INFO]: Done waiting for pending navigations. Status: ok
[1769669276.078][INFO]: Waiting for pending navigations...
[1769669276.078][INFO]: Done waiting for pending navigations. Status: ok
[1769669276.078][INFO]: [e9bdbd4df8cae9f7a7b05ef895e65b5c] RESPONSE ExecuteScript "https://gg.asuracomic.net/storage/media/405808/conversions/02-optimized.webp"
[1769669276.079][INFO]: [e9bdbd4df8cae9f7a7b05ef895e65b5c] COMMAND ExecuteScript {
   "args": [ {
      "element-6066-11e4-a52e-4f735466cecf": "f.CAA1FE4C08EC3FB8AD3888983C4001B7.d.728B49898D8128A16D8B333025A9BEAB.e.27"
   }, "alt" ],
   "script": "/* getAttribute */return (function(){return (function(){var d=this||self;function f(a,b){function c(){}c.prototype=b.prototype;a.prototype=new c;a.prototype.constructor=a};var h=Array.prototype.indexOf?function(a,b){return Array.prototype.indexOf.call(a,b,void 0)}:function(a,b){if(\"string\"===typeof a)return\"string\"!==typeof b||1!=b.length?-1:a.indexOf(b,0);for(var c=0;c\u003Ca.length;c++)if(c in a&&a[c]===b)return c;return-1},k=Array.prototype.forEach?function(a,b){Array.prototype.forEach.call(a,b,void 0)}:function(a,b){for(var c=a.length,e=\"string\"===typeof a?a.split(\"\"):a,g=0;g\u003Cc;g++)g in e&&b.call(void 0,e[g],g,a)};function l(a,b){this.code=a;this.a=m[a]||n;this.message=b||\"\";a=this.a.replace(/((?:^|\\s+)[a-z])/g,function(c){return c.toUpperCase().replace(/^[\\s\\xa0]+/g,\"\")});b=a.length-5;if(0>b||a.indexOf(\"Error\",b)!=b)a+=\"Error\";this.name=a;a=Error(this.message);a.name=this.name;this.stack=a.stack||\"\"}f(l,Error);var n=\"unknown error\",m={15:\"element not selectable\",11:\"element not visible\"};m[31]=n;m[30]=n;m[24]=\"invalid cookie domain\";m[29]=\"invalid element coordinates\";m[12]=\"invalid element state\";m[32]=\"invalid selector\";\nm[51]=\"invalid selector\";m[52]=\"invalid selector\";m[17]=\"javascript error\";m[405]=\"unsupported operation\";m[34]=\"move target out of bounds\";m[27]=\"no such alert\";m[7]=\"no such element\";m[8]=\"no such frame\";m[23]=\"no such window\";m[28]=\"script timeout\";m[33]=\"session not created\";m[10]=\"stale element reference\";m[21]=\"timeout\";m[25]=\"unable to set cookie\";m[26]=\"unexpected alert open\";m[13]=n;m[9]=\"unknown command\";var p;a:{var q=d.navigator;if(q){var r=q.userAgent;if(r){p=r;break a}}p=\"\"}function t(a){return-1!=p.indexOf(a)};function u(){return t(\"Firefox\")||t(\"FxiOS\")}function v(){return(t(\"Chrome\")||t(\"CriOS\"))&&!t(\"Edge\")};function w(){return t(\"iPhone\")&&!t(\"iPod\")&&!t(\"iPad\")};var y=t(\"Opera\"),z=t(\"Trident\")||t(\"MSIE\"),A=t(\"Edge\"),B=t(\"Gecko\")&&!(-1!=p.toLowerCase().indexOf(\"webkit\")&&!t(\"Edge\"))&&!(t(\"Trident\")||t(\"MSIE\"))&&!t(\"Edge\"),C=-1!=p.toLowerCase().indexOf(\"webkit\")&&!t(\"Edge\");function D(){var a=d.document;return a?a.documentMode:void 0}var E;\na:{var F=\"\",G=function(){var a=p;if(B)return/rv:([^\\);]+)(\\)|;)/.exec(a);if(A)return/Edge\\/([\\d\\.]+)/.exec(a);if(z)return/\\b(?:MSIE|rv)[: ]([^\\);]+)(\\)|;)/.exec(a);if(C)return/WebKit\\/(\\S+)/.exec(a);if(y)return/(?:Version)[ \\/]?(\\S+)/.exec(a)}();G&&(F=G?G[1]:\"\");if(z){var H=D();if(null!=H&&H>parseFloat(F)){E=String(H);break a}}E=F}var I;I=d.document&&z?D():void 0;var J=u(),K=w()||t(\"iPod\"),L=t(\"iPad\"),M=t(\"Android\")&&!(v()||u()||t(\"Opera\")||t(\"Silk\")),N=v(),aa=t(\"Safari\")&&!(v()||t(\"Coast\")||t(\"Opera\")||t(\"Edge\")||t(\"Edg/\")||t(\"OPR\")||u()||t(\"Silk\")||t(\"Android\"))&&!(w()||t(\"iPad\")||t(\"iPod\"));function O(a){return(a=a.exec(p))?a[1]:\"\"}(function(){if(J)return O(/Firefox\\/([0-9.]+)/);if(z||A||y)return E;if(N)return w()||t(\"iPad\")||t(\"iPod\")?O(/CriOS\\/([0-9.]+)/):O(/Chrome\\/([0-9.]+)/);if(aa&&!(w()||t(\"iPad\")||t(\"iPod\")))return O(/Version\\/([0-9.]+)/);if(K||L){var a=/Version\\/(\\S+).*Mobile\\/(\\S+)/.exec(p);if(a)return a[1]+\".\"+a[2]}else if(M)return(a=O(/Android\\s+([0-9.]+)/))?a:O(/Version\\/([0-9.]+)/);return\"\"})();var P=z&&!(8\u003C=Number(I)),ba=z&&!(9\u003C=Number(I));var ca={SCRIPT:1,STYLE:1,HEAD:1,IFRAME:1,OBJECT:1},Q={IMG:\" \",BR:\"\\n\"};function R(a,b,c){if(!(a.nodeName in ca))if(3==a.nodeType)c?b.push(String(a.nodeValue).replace(/(\\r\\n|\\r|\\n)/g,\"\")):b.push(a.nodeValue);else if(a.nodeName in Q)b.push(Q[a.nodeName]);else for(a=a.firstChild;a;)R(a,b,c),a=a.nextSibling};function S(a,b){b=b.toLowerCase();return\"style\"==b?da(a.style.cssText):P&&\"value\"==b&&T(a,\"INPUT\")?a.value:ba&&!0===a[b]?String(a.getAttribute(b)):(a=a.getAttributeNode(b))&&a.specified?a.value:null}var ea=/[;]+(?=(?:(?:[^\"]*\"){2})*[^\"]*$)(?=(?:(?:[^']*'){2})*[^']*$)(?=(?:[^()]*\\([^()]*\\))*[^()]*$)/;\nfunction da(a){var b=[];k(a.split(ea),function(c){var e=c.indexOf(\":\");0\u003Ce&&(c=[c.slice(0,e),c.slice(e+1)],2==c.length&&b.push(c[0].toLowerCase(),\":\",c[1],\";\"))});b=b.join(\"\");return b=\";\"==b.charAt(b.length-1)?b:b+\";\"}function U(a,b){P&&\"value\"==b&&T(a,\"OPTION\")&&null===S(a,\"value\")?(b=[],R(a,b,!1),a=b.join(\"\")):a=a[b];return a}\nfunction T(a,b){b&&\"string\"!==typeof b&&(b=b.toString());return a instanceof HTMLFormElement?!!a&&1==a.nodeType&&(!b||\"FORM\"==b):!!a&&1==a.nodeType&&(!b||a.tagName.toUpperCase()==b)}function V(a){return T(a,\"OPTION\")?!0:T(a,\"INPUT\")?(a=a.type.toLowerCase(),\"checkbox\"==a||\"radio\"==a):!1};var fa={\"class\":\"className\",readonly:\"readOnly\"},ha=\"allowfullscreen allowpaymentrequest allowusermedia async autofocus autoplay checked compact complete controls declare default defaultchecked defaultselected defer disabled ended formnovalidate hidden indeterminate iscontenteditable ismap itemscope loop multiple muted nohref nomodule noresize noshade novalidate nowrap open paused playsinline pubdate readonly required reversed scoped seamless seeking selected truespeed typemustmatch willvalidate\".split(\" \");function W(a,b){var c=null,e=b.toLowerCase();if(\"style\"==e)return(c=a.style)&&\"string\"!=typeof c&&(c=c.cssText),c;if((\"selected\"==e||\"checked\"==e)&&V(a)){if(!V(a))throw new l(15,\"Element is not selectable\");b=\"selected\";c=a.type&&a.type.toLowerCase();if(\"checkbox\"==c||\"radio\"==c)b=\"checked\";return U(a,b)?\"true\":null}var g=T(a,\"A\");if(T(a,\"IMG\")&&\"src\"==e||g&&\"href\"==e)return(c=S(a,e))&&(c=U(a,e)),c;if(\"spellcheck\"==e){c=S(a,e);if(null!==c){if(\"false\"==c.toLowerCase())return\"false\";if(\"true\"==c.toLowerCase())return\"true\"}return U(a,\ne)+\"\"}g=fa[b]||b;if(0\u003C=h(ha,e))return(c=null!==S(a,b)||U(a,g))?\"true\":null;try{var x=U(a,g)}catch(ia){}(e=null==x)||(e=typeof x,e=\"object\"==e&&null!=x||\"function\"==e);e?c=S(a,b):c=x;return null!=c?c.toString():null}var X=[\"se_exportedFunctionSymbol\"],Y=d;X[0]in Y||\"undefined\"==typeof Y.execScript||Y.execScript(\"var \"+X[0]);for(var Z;X.length&&(Z=X.shift());)X.length||void 0===W?Y[Z]&&Y[Z]!==Object.prototype[Z]?Y=Y[Z]:Y=Y[Z]={}:Y[Z]=W;; return this.se_exportedFunctionSymbol.apply(null,arguments);}).apply(window, arguments);}\n).apply(null, arguments);"
}
[1769669276.079][INFO]: Waiting for pending navigations...
[1769669276.080][INFO]: Done waiting for pending navigations. Status: ok
[1769669276.082][INFO]: Waiting for pending navigations...
[1769669276.082][INFO]: Done waiting for pending navigations. Status: ok
[1769669276.082][INFO]: [e9bdbd4df8cae9f7a7b05ef895e65b5c] RESPONSE ExecuteScript "chapter page 4"
[1769669276.083][INFO]: [e9bdbd4df8cae9f7a7b05ef895e65b5c] COMMAND ExecuteScript {
   "args": [ {
      "element-6066-11e4-a52e-4f735466cecf": "f.CAA1FE4C08EC3FB8AD3888983C4001B7.d.728B49898D8128A16D8B333025A9BEAB.e.27"
   }, "currentSrc" ],
   "script": "/* getAttribute */return (function(){return (function(){var d=this||self;function f(a,b){function c(){}c.prototype=b.prototype;a.prototype=new c;a.prototype.constructor=a};var h=Array.prototype.indexOf?function(a,b){return Array.prototype.indexOf.call(a,b,void 0)}:function(a,b){if(\"string\"===typeof a)return\"string\"!==typeof b||1!=b.length?-1:a.indexOf(b,0);for(var c=0;c\u003Ca.length;c++)if(c in a&&a[c]===b)return c;return-1},k=Array.prototype.forEach?function(a,b){Array.prototype.forEach.call(a,b,void 0)}:function(a,b){for(var c=a.length,e=\"string\"===typeof a?a.split(\"\"):a,g=0;g\u003Cc;g++)g in e&&b.call(void 0,e[g],g,a)};function l(a,b){this.code=a;this.a=m[a]||n;this.message=b||\"\";a=this.a.replace(/((?:^|\\s+)[a-z])/g,function(c){return c.toUpperCase().replace(/^[\\s\\xa0]+/g,\"\")});b=a.length-5;if(0>b||a.indexOf(\"Error\",b)!=b)a+=\"Error\";this.name=a;a=Error(this.message);a.name=this.name;this.stack=a.stack||\"\"}f(l,Error);var n=\"unknown error\",m={15:\"element not selectable\",11:\"element not visible\"};m[31]=n;m[30]=n;m[24]=\"invalid cookie domain\";m[29]=\"invalid element coordinates\";m[12]=\"invalid element state\";m[32]=\"invalid selector\";\nm[51]=\"invalid selector\";m[52]=\"invalid selector\";m[17]=\"javascript error\";m[405]=\"unsupported operation\";m[34]=\"move target out of bounds\";m[27]=\"no such alert\";m[7]=\"no such element\";m[8]=\"no such frame\";m[23]=\"no such window\";m[28]=\"script timeout\";m[33]=\"session not created\";m[10]=\"stale element reference\";m[21]=\"timeout\";m[25]=\"unable to set cookie\";m[26]=\"unexpected alert open\";m[13]=n;m[9]=\"unknown command\";var p;a:{var q=d.navigator;if(q){var r=q.userAgent;if(r){p=r;break a}}p=\"\"}function t(a){return-1!=p.indexOf(a)};function u(){return t(\"Firefox\")||t(\"FxiOS\")}function v(){return(t(\"Chrome\")||t(\"CriOS\"))&&!t(\"Edge\")};function w(){return t(\"iPhone\")&&!t(\"iPod\")&&!t(\"iPad\")};var y=t(\"Opera\"),z=t(\"Trident\")||t(\"MSIE\"),A=t(\"Edge\"),B=t(\"Gecko\")&&!(-1!=p.toLowerCase().indexOf(\"webkit\")&&!t(\"Edge\"))&&!(t(\"Trident\")||t(\"MSIE\"))&&!t(\"Edge\"),C=-1!=p.toLowerCase().indexOf(\"webkit\")&&!t(\"Edge\");function D(){var a=d.document;return a?a.documentMode:void 0}var E;\na:{var F=\"\",G=function(){var a=p;if(B)return/rv:([^\\);]+)(\\)|;)/.exec(a);if(A)return/Edge\\/([\\d\\.]+)/.exec(a);if(z)return/\\b(?:MSIE|rv)[: ]([^\\);]+)(\\)|;)/.exec(a);if(C)return/WebKit\\/(\\S+)/.exec(a);if(y)return/(?:Version)[ \\/]?(\\S+)/.exec(a)}();G&&(F=G?G[1]:\"\");if(z){var H=D();if(null!=H&&H>parseFloat(F)){E=String(H);break a}}E=F}var I;I=d.document&&z?D():void 0;var J=u(),K=w()||t(\"iPod\"),L=t(\"iPad\"),M=t(\"Android\")&&!(v()||u()||t(\"Opera\")||t(\"Silk\")),N=v(),aa=t(\"Safari\")&&!(v()||t(\"Coast\")||t(\"Opera\")||t(\"Edge\")||t(\"Edg/\")||t(\"OPR\")||u()||t(\"Silk\")||t(\"Android\"))&&!(w()||t(\"iPad\")||t(\"iPod\"));function O(a){return(a=a.exec(p))?a[1]:\"\"}(function(){if(J)return O(/Firefox\\/([0-9.]+)/);if(z||A||y)return E;if(N)return w()||t(\"iPad\")||t(\"iPod\")?O(/CriOS\\/([0-9.]+)/):O(/Chrome\\/([0-9.]+)/);if(aa&&!(w()||t(\"iPad\")||t(\"iPod\")))return O(/Version\\/([0-9.]+)/);if(K||L){var a=/Version\\/(\\S+).*Mobile\\/(\\S+)/.exec(p);if(a)return a[1]+\".\"+a[2]}else if(M)return(a=O(/Android\\s+([0-9.]+)/))?a:O(/Version\\/([0-9.]+)/);return\"\"})();var P=z&&!(8\u003C=Number(I)),ba=z&&!(9\u003C=Number(I));var ca={SCRIPT:1,STYLE:1,HEAD:1,IFRAME:1,OBJECT:1},Q={IMG:\" \",BR:\"\\n\"};function R(a,b,c){if(!(a.nodeName in ca))if(3==a.nodeType)c?b.push(String(a.nodeValue).replace(/(\\r\\n|\\r|\\n)/g,\"\")):b.push(a.nodeValue);else if(a.nodeName in Q)b.push(Q[a.nodeName]);else for(a=a.firstChild;a;)R(a,b,c),a=a.nextSibling};function S(a,b){b=b.toLowerCase();return\"style\"==b?da(a.style.cssText):P&&\"value\"==b&&T(a,\"INPUT\")?a.value:ba&&!0===a[b]?String(a.getAttribute(b)):(a=a.getAttributeNode(b))&&a.specified?a.value:null}var ea=/[;]+(?=(?:(?:[^\"]*\"){2})*[^\"]*$)(?=(?:(?:[^']*'){2})*[^']*$)(?=(?:[^()]*\\([^()]*\\))*[^()]*$)/;\nfunction da(a){var b=[];k(a.split(ea),function(c){var e=c.indexOf(\":\");0\u003Ce&&(c=[c.slice(0,e),c.slice(e+1)],2==c.length&&b.push(c[0].toLowerCase(),\":\",c[1],\";\"))});b=b.join(\"\");return b=\";\"==b.charAt(b.length-1)?b:b+\";\"}function U(a,b){P&&\"value\"==b&&T(a,\"OPTION\")&&null===S(a,\"value\")?(b=[],R(a,b,!1),a=b.join(\"\")):a=a[b];return a}\nfunction T(a,b){b&&\"string\"!==typeof b&&(b=b.toString());return a instanceof HTMLFormElement?!!a&&1==a.nodeType&&(!b||\"FORM\"==b):!!a&&1==a.nodeType&&(!b||a.tagName.toUpperCase()==b)}function V(a){return T(a,\"OPTION\")?!0:T(a,\"INPUT\")?(a=a.type.toLowerCase(),\"checkbox\"==a||\"radio\"==a):!1};var fa={\"class\":\"className\",readonly:\"readOnly\"},ha=\"allowfullscreen allowpaymentrequest allowusermedia async autofocus autoplay checked compact complete controls declare default defaultchecked defaultselected defer disabled ended formnovalidate hidden indeterminate iscontenteditable ismap itemscope loop multiple muted nohref nomodule noresize noshade novalidate nowrap open paused playsinline pubdate readonly required reversed scoped seamless seeking selected truespeed typemustmatch willvalidate\".split(\" \");function W(a,b){var c=null,e=b.toLowerCase();if(\"style\"==e)return(c=a.style)&&\"string\"!=typeof c&&(c=c.cssText),c;if((\"selected\"==e||\"checked\"==e)&&V(a)){if(!V(a))throw new l(15,\"Element is not selectable\");b=\"selected\";c=a.type&&a.type.toLowerCase();if(\"checkbox\"==c||\"radio\"==c)b=\"checked\";return U(a,b)?\"true\":null}var g=T(a,\"A\");if(T(a,\"IMG\")&&\"src\"==e||g&&\"href\"==e)return(c=S(a,e))&&(c=U(a,e)),c;if(\"spellcheck\"==e){c=S(a,e);if(null!==c){if(\"false\"==c.toLowerCase())return\"false\";if(\"true\"==c.toLowerCase())return\"true\"}return U(a,\ne)+\"\"}g=fa[b]||b;if(0\u003C=h(ha,e))return(c=null!==S(a,b)||U(a,g))?\"true\":null;try{var x=U(a,g)}catch(ia){}(e=null==x)||(e=typeof x,e=\"object\"==e&&null!=x||\"function\"==e);e?c=S(a,b):c=x;return null!=c?c.toString():null}var X=[\"se_exportedFunctionSymbol\"],Y=d;X[0]in Y||\"undefined\"==typeof Y.execScript||Y.execScript(\"var \"+X[0]);for(var Z;X.length&&(Z=X.shift());)X.length||void 0===W?Y[Z]&&Y[Z]!==Object.prototype[Z]?Y=Y[Z]:Y=Y[Z]={}:Y[Z]=W;; return this.se_exportedFunctionSymbol.apply(null,arguments);}).apply(window, arguments);}\n).apply(null, arguments);"
}
[1769669276.083][INFO]: Waiting for pending navigations...
[1769669276.083][INFO]: Done waiting for pending navigations. Status: ok
[1769669276.086][INFO]: Waiting for pending navigations...
[1769669276.086][INFO]: Done waiting for pending navigations. Status: ok
[1769669276.086][INFO]: [e9bdbd4df8cae9f7a7b05ef895e65b5c] RESPONSE ExecuteScript "https://gg.asuracomic.net/storage/media/405809/conversions/03-optimized.webp"
[1769669276.087][INFO]: [e9bdbd4df8cae9f7a7b05ef895e65b5c] COMMAND ExecuteScript {
   "args": [ {
      "element-6066-11e4-a52e-4f735466cecf": "f.CAA1FE4C08EC3FB8AD3888983C4001B7.d.728B49898D8128A16D8B333025A9BEAB.e.28"
   }, "alt" ],
   "script": "/* getAttribute */return (function(){return (function(){var d=this||self;function f(a,b){function c(){}c.prototype=b.prototype;a.prototype=new c;a.prototype.constructor=a};var h=Array.prototype.indexOf?function(a,b){return Array.prototype.indexOf.call(a,b,void 0)}:function(a,b){if(\"string\"===typeof a)return\"string\"!==typeof b||1!=b.length?-1:a.indexOf(b,0);for(var c=0;c\u003Ca.length;c++)if(c in a&&a[c]===b)return c;return-1},k=Array.prototype.forEach?function(a,b){Array.prototype.forEach.call(a,b,void 0)}:function(a,b){for(var c=a.length,e=\"string\"===typeof a?a.split(\"\"):a,g=0;g\u003Cc;g++)g in e&&b.call(void 0,e[g],g,a)};function l(a,b){this.code=a;this.a=m[a]||n;this.message=b||\"\";a=this.a.replace(/((?:^|\\s+)[a-z])/g,function(c){return c.toUpperCase().replace(/^[\\s\\xa0]+/g,\"\")});b=a.length-5;if(0>b||a.indexOf(\"Error\",b)!=b)a+=\"Error\";this.name=a;a=Error(this.message);a.name=this.name;this.stack=a.stack||\"\"}f(l,Error);var n=\"unknown error\",m={15:\"element not selectable\",11:\"element not visible\"};m[31]=n;m[30]=n;m[24]=\"invalid cookie domain\";m[29]=\"invalid element coordinates\";m[12]=\"invalid element state\";m[32]=\"invalid selector\";\nm[51]=\"invalid selector\";m[52]=\"invalid selector\";m[17]=\"javascript error\";m[405]=\"unsupported operation\";m[34]=\"move target out of bounds\";m[27]=\"no such alert\";m[7]=\"no such element\";m[8]=\"no such frame\";m[23]=\"no such window\";m[28]=\"script timeout\";m[33]=\"session not created\";m[10]=\"stale element reference\";m[21]=\"timeout\";m[25]=\"unable to set cookie\";m[26]=\"unexpected alert open\";m[13]=n;m[9]=\"unknown command\";var p;a:{var q=d.navigator;if(q){var r=q.userAgent;if(r){p=r;break a}}p=\"\"}function t(a){return-1!=p.indexOf(a)};function u(){return t(\"Firefox\")||t(\"FxiOS\")}function v(){return(t(\"Chrome\")||t(\"CriOS\"))&&!t(\"Edge\")};function w(){return t(\"iPhone\")&&!t(\"iPod\")&&!t(\"iPad\")};var y=t(\"Opera\"),z=t(\"Trident\")||t(\"MSIE\"),A=t(\"Edge\"),B=t(\"Gecko\")&&!(-1!=p.toLowerCase().indexOf(\"webkit\")&&!t(\"Edge\"))&&!(t(\"Trident\")||t(\"MSIE\"))&&!t(\"Edge\"),C=-1!=p.toLowerCase().indexOf(\"webkit\")&&!t(\"Edge\");function D(){var a=d.document;return a?a.documentMode:void 0}var E;\na:{var F=\"\",G=function(){var a=p;if(B)return/rv:([^\\);]+)(\\)|;)/.exec(a);if(A)return/Edge\\/([\\d\\.]+)/.exec(a);if(z)return/\\b(?:MSIE|rv)[: ]([^\\);]+)(\\)|;)/.exec(a);if(C)return/WebKit\\/(\\S+)/.exec(a);if(y)return/(?:Version)[ \\/]?(\\S+)/.exec(a)}();G&&(F=G?G[1]:\"\");if(z){var H=D();if(null!=H&&H>parseFloat(F)){E=String(H);break a}}E=F}var I;I=d.document&&z?D():void 0;var J=u(),K=w()||t(\"iPod\"),L=t(\"iPad\"),M=t(\"Android\")&&!(v()||u()||t(\"Opera\")||t(\"Silk\")),N=v(),aa=t(\"Safari\")&&!(v()||t(\"Coast\")||t(\"Opera\")||t(\"Edge\")||t(\"Edg/\")||t(\"OPR\")||u()||t(\"Silk\")||t(\"Android\"))&&!(w()||t(\"iPad\")||t(\"iPod\"));function O(a){return(a=a.exec(p))?a[1]:\"\"}(function(){if(J)return O(/Firefox\\/([0-9.]+)/);if(z||A||y)return E;if(N)return w()||t(\"iPad\")||t(\"iPod\")?O(/CriOS\\/([0-9.]+)/):O(/Chrome\\/([0-9.]+)/);if(aa&&!(w()||t(\"iPad\")||t(\"iPod\")))return O(/Version\\/([0-9.]+)/);if(K||L){var a=/Version\\/(\\S+).*Mobile\\/(\\S+)/.exec(p);if(a)return a[1]+\".\"+a[2]}else if(M)return(a=O(/Android\\s+([0-9.]+)/))?a:O(/Version\\/([0-9.]+)/);return\"\"})();var P=z&&!(8\u003C=Number(I)),ba=z&&!(9\u003C=Number(I));var ca={SCRIPT:1,STYLE:1,HEAD:1,IFRAME:1,OBJECT:1},Q={IMG:\" \",BR:\"\\n\"};function R(a,b,c){if(!(a.nodeName in ca))if(3==a.nodeType)c?b.push(String(a.nodeValue).replace(/(\\r\\n|\\r|\\n)/g,\"\")):b.push(a.nodeValue);else if(a.nodeName in Q)b.push(Q[a.nodeName]);else for(a=a.firstChild;a;)R(a,b,c),a=a.nextSibling};function S(a,b){b=b.toLowerCase();return\"style\"==b?da(a.style.cssText):P&&\"value\"==b&&T(a,\"INPUT\")?a.value:ba&&!0===a[b]?String(a.getAttribute(b)):(a=a.getAttributeNode(b))&&a.specified?a.value:null}var ea=/[;]+(?=(?:(?:[^\"]*\"){2})*[^\"]*$)(?=(?:(?:[^']*'){2})*[^']*$)(?=(?:[^()]*\\([^()]*\\))*[^()]*$)/;\nfunction da(a){var b=[];k(a.split(ea),function(c){var e=c.indexOf(\":\");0\u003Ce&&(c=[c.slice(0,e),c.slice(e+1)],2==c.length&&b.push(c[0].toLowerCase(),\":\",c[1],\";\"))});b=b.join(\"\");return b=\";\"==b.charAt(b.length-1)?b:b+\";\"}function U(a,b){P&&\"value\"==b&&T(a,\"OPTION\")&&null===S(a,\"value\")?(b=[],R(a,b,!1),a=b.join(\"\")):a=a[b];return a}\nfunction T(a,b){b&&\"string\"!==typeof b&&(b=b.toString());return a instanceof HTMLFormElement?!!a&&1==a.nodeType&&(!b||\"FORM\"==b):!!a&&1==a.nodeType&&(!b||a.tagName.toUpperCase()==b)}function V(a){return T(a,\"OPTION\")?!0:T(a,\"INPUT\")?(a=a.type.toLowerCase(),\"checkbox\"==a||\"radio\"==a):!1};var fa={\"class\":\"className\",readonly:\"readOnly\"},ha=\"allowfullscreen allowpaymentrequest allowusermedia async autofocus autoplay checked compact complete controls declare default defaultchecked defaultselected defer disabled ended formnovalidate hidden indeterminate iscontenteditable ismap itemscope loop multiple muted nohref nomodule noresize noshade novalidate nowrap open paused playsinline pubdate readonly required reversed scoped seamless seeking selected truespeed typemustmatch willvalidate\".split(\" \");function W(a,b){var c=null,e=b.toLowerCase();if(\"style\"==e)return(c=a.style)&&\"string\"!=typeof c&&(c=c.cssText),c;if((\"selected\"==e||\"checked\"==e)&&V(a)){if(!V(a))throw new l(15,\"Element is not selectable\");b=\"selected\";c=a.type&&a.type.toLowerCase();if(\"checkbox\"==c||\"radio\"==c)b=\"checked\";return U(a,b)?\"true\":null}var g=T(a,\"A\");if(T(a,\"IMG\")&&\"src\"==e||g&&\"href\"==e)return(c=S(a,e))&&(c=U(a,e)),c;if(\"spellcheck\"==e){c=S(a,e);if(null!==c){if(\"false\"==c.toLowerCase())return\"false\";if(\"true\"==c.toLowerCase())return\"true\"}return U(a,\ne)+\"\"}g=fa[b]||b;if(0\u003C=h(ha,e))return(c=null!==S(a,b)||U(a,g))?\"true\":null;try{var x=U(a,g)}catch(ia){}(e=null==x)||(e=typeof x,e=\"object\"==e&&null!=x||\"function\"==e);e?c=S(a,b):c=x;return null!=c?c.toString():null}var X=[\"se_exportedFunctionSymbol\"],Y=d;X[0]in Y||\"undefined\"==typeof Y.execScript||Y.execScript(\"var \"+X[0]);for(var Z;X.length&&(Z=X.shift());)X.length||void 0===W?Y[Z]&&Y[Z]!==Object.prototype[Z]?Y=Y[Z]:Y=Y[Z]={}:Y[Z]=W;; return this.se_exportedFunctionSymbol.apply(null,arguments);}).apply(window, arguments);}\n).apply(null, arguments);"
}
[1769669276.087][INFO]: Waiting for pending navigations...
[1769669276.087][INFO]: Done waiting for pending navigations. Status: ok
[1769669276.089][INFO]: Waiting for pending navigations...
[1769669276.090][INFO]: Done waiting for pending navigations. Status: ok
[1769669276.090][INFO]: [e9bdbd4df8cae9f7a7b05ef895e65b5c] RESPONSE ExecuteScript "chapter page 5"
[1769669276.091][INFO]: [e9bdbd4df8cae9f7a7b05ef895e65b5c] COMMAND ExecuteScript {
   "args": [ {
      "element-6066-11e4-a52e-4f735466cecf": "f.CAA1FE4C08EC3FB8AD3888983C4001B7.d.728B49898D8128A16D8B333025A9BEAB.e.28"
   }, "currentSrc" ],
   "script": "/* getAttribute */return (function(){return (function(){var d=this||self;function f(a,b){function c(){}c.prototype=b.prototype;a.prototype=new c;a.prototype.constructor=a};var h=Array.prototype.indexOf?function(a,b){return Array.prototype.indexOf.call(a,b,void 0)}:function(a,b){if(\"string\"===typeof a)return\"string\"!==typeof b||1!=b.length?-1:a.indexOf(b,0);for(var c=0;c\u003Ca.length;c++)if(c in a&&a[c]===b)return c;return-1},k=Array.prototype.forEach?function(a,b){Array.prototype.forEach.call(a,b,void 0)}:function(a,b){for(var c=a.length,e=\"string\"===typeof a?a.split(\"\"):a,g=0;g\u003Cc;g++)g in e&&b.call(void 0,e[g],g,a)};function l(a,b){this.code=a;this.a=m[a]||n;this.message=b||\"\";a=this.a.replace(/((?:^|\\s+)[a-z])/g,function(c){return c.toUpperCase().replace(/^[\\s\\xa0]+/g,\"\")});b=a.length-5;if(0>b||a.indexOf(\"Error\",b)!=b)a+=\"Error\";this.name=a;a=Error(this.message);a.name=this.name;this.stack=a.stack||\"\"}f(l,Error);var n=\"unknown error\",m={15:\"element not selectable\",11:\"element not visible\"};m[31]=n;m[30]=n;m[24]=\"invalid cookie domain\";m[29]=\"invalid element coordinates\";m[12]=\"invalid element state\";m[32]=\"invalid selector\";\nm[51]=\"invalid selector\";m[52]=\"invalid selector\";m[17]=\"javascript error\";m[405]=\"unsupported operation\";m[34]=\"move target out of bounds\";m[27]=\"no such alert\";m[7]=\"no such element\";m[8]=\"no such frame\";m[23]=\"no such window\";m[28]=\"script timeout\";m[33]=\"session not created\";m[10]=\"stale element reference\";m[21]=\"timeout\";m[25]=\"unable to set cookie\";m[26]=\"unexpected alert open\";m[13]=n;m[9]=\"unknown command\";var p;a:{var q=d.navigator;if(q){var r=q.userAgent;if(r){p=r;break a}}p=\"\"}function t(a){return-1!=p.indexOf(a)};function u(){return t(\"Firefox\")||t(\"FxiOS\")}function v(){return(t(\"Chrome\")||t(\"CriOS\"))&&!t(\"Edge\")};function w(){return t(\"iPhone\")&&!t(\"iPod\")&&!t(\"iPad\")};var y=t(\"Opera\"),z=t(\"Trident\")||t(\"MSIE\"),A=t(\"Edge\"),B=t(\"Gecko\")&&!(-1!=p.toLowerCase().indexOf(\"webkit\")&&!t(\"Edge\"))&&!(t(\"Trident\")||t(\"MSIE\"))&&!t(\"Edge\"),C=-1!=p.toLowerCase().indexOf(\"webkit\")&&!t(\"Edge\");function D(){var a=d.document;return a?a.documentMode:void 0}var E;\na:{var F=\"\",G=function(){var a=p;if(B)return/rv:([^\\);]+)(\\)|;)/.exec(a);if(A)return/Edge\\/([\\d\\.]+)/.exec(a);if(z)return/\\b(?:MSIE|rv)[: ]([^\\);]+)(\\)|;)/.exec(a);if(C)return/WebKit\\/(\\S+)/.exec(a);if(y)return/(?:Version)[ \\/]?(\\S+)/.exec(a)}();G&&(F=G?G[1]:\"\");if(z){var H=D();if(null!=H&&H>parseFloat(F)){E=String(H);break a}}E=F}var I;I=d.document&&z?D():void 0;var J=u(),K=w()||t(\"iPod\"),L=t(\"iPad\"),M=t(\"Android\")&&!(v()||u()||t(\"Opera\")||t(\"Silk\")),N=v(),aa=t(\"Safari\")&&!(v()||t(\"Coast\")||t(\"Opera\")||t(\"Edge\")||t(\"Edg/\")||t(\"OPR\")||u()||t(\"Silk\")||t(\"Android\"))&&!(w()||t(\"iPad\")||t(\"iPod\"));function O(a){return(a=a.exec(p))?a[1]:\"\"}(function(){if(J)return O(/Firefox\\/([0-9.]+)/);if(z||A||y)return E;if(N)return w()||t(\"iPad\")||t(\"iPod\")?O(/CriOS\\/([0-9.]+)/):O(/Chrome\\/([0-9.]+)/);if(aa&&!(w()||t(\"iPad\")||t(\"iPod\")))return O(/Version\\/([0-9.]+)/);if(K||L){var a=/Version\\/(\\S+).*Mobile\\/(\\S+)/.exec(p);if(a)return a[1]+\".\"+a[2]}else if(M)return(a=O(/Android\\s+([0-9.]+)/))?a:O(/Version\\/([0-9.]+)/);return\"\"})();var P=z&&!(8\u003C=Number(I)),ba=z&&!(9\u003C=Number(I));var ca={SCRIPT:1,STYLE:1,HEAD:1,IFRAME:1,OBJECT:1},Q={IMG:\" \",BR:\"\\n\"};function R(a,b,c){if(!(a.nodeName in ca))if(3==a.nodeType)c?b.push(String(a.nodeValue).replace(/(\\r\\n|\\r|\\n)/g,\"\")):b.push(a.nodeValue);else if(a.nodeName in Q)b.push(Q[a.nodeName]);else for(a=a.firstChild;a;)R(a,b,c),a=a.nextSibling};function S(a,b){b=b.toLowerCase();return\"style\"==b?da(a.style.cssText):P&&\"value\"==b&&T(a,\"INPUT\")?a.value:ba&&!0===a[b]?String(a.getAttribute(b)):(a=a.getAttributeNode(b))&&a.specified?a.value:null}var ea=/[;]+(?=(?:(?:[^\"]*\"){2})*[^\"]*$)(?=(?:(?:[^']*'){2})*[^']*$)(?=(?:[^()]*\\([^()]*\\))*[^()]*$)/;\nfunction da(a){var b=[];k(a.split(ea),function(c){var e=c.indexOf(\":\");0\u003Ce&&(c=[c.slice(0,e),c.slice(e+1)],2==c.length&&b.push(c[0].toLowerCase(),\":\",c[1],\";\"))});b=b.join(\"\");return b=\";\"==b.charAt(b.length-1)?b:b+\";\"}function U(a,b){P&&\"value\"==b&&T(a,\"OPTION\")&&null===S(a,\"value\")?(b=[],R(a,b,!1),a=b.join(\"\")):a=a[b];return a}\nfunction T(a,b){b&&\"string\"!==typeof b&&(b=b.toString());return a instanceof HTMLFormElement?!!a&&1==a.nodeType&&(!b||\"FORM\"==b):!!a&&1==a.nodeType&&(!b||a.tagName.toUpperCase()==b)}function V(a){return T(a,\"OPTION\")?!0:T(a,\"INPUT\")?(a=a.type.toLowerCase(),\"checkbox\"==a||\"radio\"==a):!1};var fa={\"class\":\"className\",readonly:\"readOnly\"},ha=\"allowfullscreen allowpaymentrequest allowusermedia async autofocus autoplay checked compact complete controls declare default defaultchecked defaultselected defer disabled ended formnovalidate hidden indeterminate iscontenteditable ismap itemscope loop multiple muted nohref nomodule noresize noshade novalidate nowrap open paused playsinline pubdate readonly required reversed scoped seamless seeking selected truespeed typemustmatch willvalidate\".split(\" \");function W(a,b){var c=null,e=b.toLowerCase();if(\"style\"==e)return(c=a.style)&&\"string\"!=typeof c&&(c=c.cssText),c;if((\"selected\"==e||\"checked\"==e)&&V(a)){if(!V(a))throw new l(15,\"Element is not selectable\");b=\"selected\";c=a.type&&a.type.toLowerCase();if(\"checkbox\"==c||\"radio\"==c)b=\"checked\";return U(a,b)?\"true\":null}var g=T(a,\"A\");if(T(a,\"IMG\")&&\"src\"==e||g&&\"href\"==e)return(c=S(a,e))&&(c=U(a,e)),c;if(\"spellcheck\"==e){c=S(a,e);if(null!==c){if(\"false\"==c.toLowerCase())return\"false\";if(\"true\"==c.toLowerCase())return\"true\"}return U(a,\ne)+\"\"}g=fa[b]||b;if(0\u003C=h(ha,e))return(c=null!==S(a,b)||U(a,g))?\"true\":null;try{var x=U(a,g)}catch(ia){}(e=null==x)||(e=typeof x,e=\"object\"==e&&null!=x||\"function\"==e);e?c=S(a,b):c=x;return null!=c?c.toString():null}var X=[\"se_exportedFunctionSymbol\"],Y=d;X[0]in Y||\"undefined\"==typeof Y.execScript||Y.execScript(\"var \"+X[0]);for(var Z;X.length&&(Z=X.shift());)X.length||void 0===W?Y[Z]&&Y[Z]!==Object.prototype[Z]?Y=Y[Z]:Y=Y[Z]={}:Y[Z]=W;; return this.se_exportedFunctionSymbol.apply(null,arguments);}).apply(window, arguments);}\n).apply(null, arguments);"
}
[1769669276.091][INFO]: Waiting for pending navigations...
[1769669276.091][INFO]: Done waiting for pending navigations. Status: ok
[1769669276.093][INFO]: Waiting for pending navigations...
[1769669276.093][INFO]: Done waiting for pending navigations. Status: ok
[1769669276.093][INFO]: [e9bdbd4df8cae9f7a7b05ef895e65b5c] RESPONSE ExecuteScript "https://gg.asuracomic.net/storage/media/405810/conversions/04-optimized.webp"
[1769669276.094][INFO]: [e9bdbd4df8cae9f7a7b05ef895e65b5c] COMMAND ExecuteScript {
   "args": [ {
      "element-6066-11e4-a52e-4f735466cecf": "f.CAA1FE4C08EC3FB8AD3888983C4001B7.d.728B49898D8128A16D8B333025A9BEAB.e.29"
   }, "alt" ],
   "script": "/* getAttribute */return (function(){return (function(){var d=this||self;function f(a,b){function c(){}c.prototype=b.prototype;a.prototype=new c;a.prototype.constructor=a};var h=Array.prototype.indexOf?function(a,b){return Array.prototype.indexOf.call(a,b,void 0)}:function(a,b){if(\"string\"===typeof a)return\"string\"!==typeof b||1!=b.length?-1:a.indexOf(b,0);for(var c=0;c\u003Ca.length;c++)if(c in a&&a[c]===b)return c;return-1},k=Array.prototype.forEach?function(a,b){Array.prototype.forEach.call(a,b,void 0)}:function(a,b){for(var c=a.length,e=\"string\"===typeof a?a.split(\"\"):a,g=0;g\u003Cc;g++)g in e&&b.call(void 0,e[g],g,a)};function l(a,b){this.code=a;this.a=m[a]||n;this.message=b||\"\";a=this.a.replace(/((?:^|\\s+)[a-z])/g,function(c){return c.toUpperCase().replace(/^[\\s\\xa0]+/g,\"\")});b=a.length-5;if(0>b||a.indexOf(\"Error\",b)!=b)a+=\"Error\";this.name=a;a=Error(this.message);a.name=this.name;this.stack=a.stack||\"\"}f(l,Error);var n=\"unknown error\",m={15:\"element not selectable\",11:\"element not visible\"};m[31]=n;m[30]=n;m[24]=\"invalid cookie domain\";m[29]=\"invalid element coordinates\";m[12]=\"invalid element state\";m[32]=\"invalid selector\";\nm[51]=\"invalid selector\";m[52]=\"invalid selector\";m[17]=\"javascript error\";m[405]=\"unsupported operation\";m[34]=\"move target out of bounds\";m[27]=\"no such alert\";m[7]=\"no such element\";m[8]=\"no such frame\";m[23]=\"no such window\";m[28]=\"script timeout\";m[33]=\"session not created\";m[10]=\"stale element reference\";m[21]=\"timeout\";m[25]=\"unable to set cookie\";m[26]=\"unexpected alert open\";m[13]=n;m[9]=\"unknown command\";var p;a:{var q=d.navigator;if(q){var r=q.userAgent;if(r){p=r;break a}}p=\"\"}function t(a){return-1!=p.indexOf(a)};function u(){return t(\"Firefox\")||t(\"FxiOS\")}function v(){return(t(\"Chrome\")||t(\"CriOS\"))&&!t(\"Edge\")};function w(){return t(\"iPhone\")&&!t(\"iPod\")&&!t(\"iPad\")};var y=t(\"Opera\"),z=t(\"Trident\")||t(\"MSIE\"),A=t(\"Edge\"),B=t(\"Gecko\")&&!(-1!=p.toLowerCase().indexOf(\"webkit\")&&!t(\"Edge\"))&&!(t(\"Trident\")||t(\"MSIE\"))&&!t(\"Edge\"),C=-1!=p.toLowerCase().indexOf(\"webkit\")&&!t(\"Edge\");function D(){var a=d.document;return a?a.documentMode:void 0}var E;\na:{var F=\"\",G=function(){var a=p;if(B)return/rv:([^\\);]+)(\\)|;)/.exec(a);if(A)return/Edge\\/([\\d\\.]+)/.exec(a);if(z)return/\\b(?:MSIE|rv)[: ]([^\\);]+)(\\)|;)/.exec(a);if(C)return/WebKit\\/(\\S+)/.exec(a);if(y)return/(?:Version)[ \\/]?(\\S+)/.exec(a)}();G&&(F=G?G[1]:\"\");if(z){var H=D();if(null!=H&&H>parseFloat(F)){E=String(H);break a}}E=F}var I;I=d.document&&z?D():void 0;var J=u(),K=w()||t(\"iPod\"),L=t(\"iPad\"),M=t(\"Android\")&&!(v()||u()||t(\"Opera\")||t(\"Silk\")),N=v(),aa=t(\"Safari\")&&!(v()||t(\"Coast\")||t(\"Opera\")||t(\"Edge\")||t(\"Edg/\")||t(\"OPR\")||u()||t(\"Silk\")||t(\"Android\"))&&!(w()||t(\"iPad\")||t(\"iPod\"));function O(a){return(a=a.exec(p))?a[1]:\"\"}(function(){if(J)return O(/Firefox\\/([0-9.]+)/);if(z||A||y)return E;if(N)return w()||t(\"iPad\")||t(\"iPod\")?O(/CriOS\\/([0-9.]+)/):O(/Chrome\\/([0-9.]+)/);if(aa&&!(w()||t(\"iPad\")||t(\"iPod\")))return O(/Version\\/([0-9.]+)/);if(K||L){var a=/Version\\/(\\S+).*Mobile\\/(\\S+)/.exec(p);if(a)return a[1]+\".\"+a[2]}else if(M)return(a=O(/Android\\s+([0-9.]+)/))?a:O(/Version\\/([0-9.]+)/);return\"\"})();var P=z&&!(8\u003C=Number(I)),ba=z&&!(9\u003C=Number(I));var ca={SCRIPT:1,STYLE:1,HEAD:1,IFRAME:1,OBJECT:1},Q={IMG:\" \",BR:\"\\n\"};function R(a,b,c){if(!(a.nodeName in ca))if(3==a.nodeType)c?b.push(String(a.nodeValue).replace(/(\\r\\n|\\r|\\n)/g,\"\")):b.push(a.nodeValue);else if(a.nodeName in Q)b.push(Q[a.nodeName]);else for(a=a.firstChild;a;)R(a,b,c),a=a.nextSibling};function S(a,b){b=b.toLowerCase();return\"style\"==b?da(a.style.cssText):P&&\"value\"==b&&T(a,\"INPUT\")?a.value:ba&&!0===a[b]?String(a.getAttribute(b)):(a=a.getAttributeNode(b))&&a.specified?a.value:null}var ea=/[;]+(?=(?:(?:[^\"]*\"){2})*[^\"]*$)(?=(?:(?:[^']*'){2})*[^']*$)(?=(?:[^()]*\\([^()]*\\))*[^()]*$)/;\nfunction da(a){var b=[];k(a.split(ea),function(c){var e=c.indexOf(\":\");0\u003Ce&&(c=[c.slice(0,e),c.slice(e+1)],2==c.length&&b.push(c[0].toLowerCase(),\":\",c[1],\";\"))});b=b.join(\"\");return b=\";\"==b.charAt(b.length-1)?b:b+\";\"}function U(a,b){P&&\"value\"==b&&T(a,\"OPTION\")&&null===S(a,\"value\")?(b=[],R(a,b,!1),a=b.join(\"\")):a=a[b];return a}\nfunction T(a,b){b&&\"string\"!==typeof b&&(b=b.toString());return a instanceof HTMLFormElement?!!a&&1==a.nodeType&&(!b||\"FORM\"==b):!!a&&1==a.nodeType&&(!b||a.tagName.toUpperCase()==b)}function V(a){return T(a,\"OPTION\")?!0:T(a,\"INPUT\")?(a=a.type.toLowerCase(),\"checkbox\"==a||\"radio\"==a):!1};var fa={\"class\":\"className\",readonly:\"readOnly\"},ha=\"allowfullscreen allowpaymentrequest allowusermedia async autofocus autoplay checked compact complete controls declare default defaultchecked defaultselected defer disabled ended formnovalidate hidden indeterminate iscontenteditable ismap itemscope loop multiple muted nohref nomodule noresize noshade novalidate nowrap open paused playsinline pubdate readonly required reversed scoped seamless seeking selected truespeed typemustmatch willvalidate\".split(\" \");function W(a,b){var c=null,e=b.toLowerCase();if(\"style\"==e)return(c=a.style)&&\"string\"!=typeof c&&(c=c.cssText),c;if((\"selected\"==e||\"checked\"==e)&&V(a)){if(!V(a))throw new l(15,\"Element is not selectable\");b=\"selected\";c=a.type&&a.type.toLowerCase();if(\"checkbox\"==c||\"radio\"==c)b=\"checked\";return U(a,b)?\"true\":null}var g=T(a,\"A\");if(T(a,\"IMG\")&&\"src\"==e||g&&\"href\"==e)return(c=S(a,e))&&(c=U(a,e)),c;if(\"spellcheck\"==e){c=S(a,e);if(null!==c){if(\"false\"==c.toLowerCase())return\"false\";if(\"true\"==c.toLowerCase())return\"true\"}return U(a,\ne)+\"\"}g=fa[b]||b;if(0\u003C=h(ha,e))return(c=null!==S(a,b)||U(a,g))?\"true\":null;try{var x=U(a,g)}catch(ia){}(e=null==x)||(e=typeof x,e=\"object\"==e&&null!=x||\"function\"==e);e?c=S(a,b):c=x;return null!=c?c.toString():null}var X=[\"se_exportedFunctionSymbol\"],Y=d;X[0]in Y||\"undefined\"==typeof Y.execScript||Y.execScript(\"var \"+X[0]);for(var Z;X.length&&(Z=X.shift());)X.length||void 0===W?Y[Z]&&Y[Z]!==Object.prototype[Z]?Y=Y[Z]:Y=Y[Z]={}:Y[Z]=W;; return this.se_exportedFunctionSymbol.apply(null,arguments);}).apply(window, arguments);}\n).apply(null, arguments);"
}
[1769669276.094][INFO]: Waiting for pending navigations...
[1769669276.095][INFO]: Done waiting for pending navigations. Status: ok
[1769669276.097][INFO]: Waiting for pending navigations...
[1769669276.097][INFO]: Done waiting for pending navigations. Status: ok
[1769669276.097][INFO]: [e9bdbd4df8cae9f7a7b05ef895e65b5c] RESPONSE ExecuteScript "chapter page 6"
[1769669276.098][INFO]: [e9bdbd4df8cae9f7a7b05ef895e65b5c] COMMAND ExecuteScript {
   "args": [ {
      "element-6066-11e4-a52e-4f735466cecf": "f.CAA1FE4C08EC3FB8AD3888983C4001B7.d.728B49898D8128A16D8B333025A9BEAB.e.29"
   }, "currentSrc" ],
   "script": "/* getAttribute */return (function(){return (function(){var d=this||self;function f(a,b){function c(){}c.prototype=b.prototype;a.prototype=new c;a.prototype.constructor=a};var h=Array.prototype.indexOf?function(a,b){return Array.prototype.indexOf.call(a,b,void 0)}:function(a,b){if(\"string\"===typeof a)return\"string\"!==typeof b||1!=b.length?-1:a.indexOf(b,0);for(var c=0;c\u003Ca.length;c++)if(c in a&&a[c]===b)return c;return-1},k=Array.prototype.forEach?function(a,b){Array.prototype.forEach.call(a,b,void 0)}:function(a,b){for(var c=a.length,e=\"string\"===typeof a?a.split(\"\"):a,g=0;g\u003Cc;g++)g in e&&b.call(void 0,e[g],g,a)};function l(a,b){this.code=a;this.a=m[a]||n;this.message=b||\"\";a=this.a.replace(/((?:^|\\s+)[a-z])/g,function(c){return c.toUpperCase().replace(/^[\\s\\xa0]+/g,\"\")});b=a.length-5;if(0>b||a.indexOf(\"Error\",b)!=b)a+=\"Error\";this.name=a;a=Error(this.message);a.name=this.name;this.stack=a.stack||\"\"}f(l,Error);var n=\"unknown error\",m={15:\"element not selectable\",11:\"element not visible\"};m[31]=n;m[30]=n;m[24]=\"invalid cookie domain\";m[29]=\"invalid element coordinates\";m[12]=\"invalid element state\";m[32]=\"invalid selector\";\nm[51]=\"invalid selector\";m[52]=\"invalid selector\";m[17]=\"javascript error\";m[405]=\"unsupported operation\";m[34]=\"move target out of bounds\";m[27]=\"no such alert\";m[7]=\"no such element\";m[8]=\"no such frame\";m[23]=\"no such window\";m[28]=\"script timeout\";m[33]=\"session not created\";m[10]=\"stale element reference\";m[21]=\"timeout\";m[25]=\"unable to set cookie\";m[26]=\"unexpected alert open\";m[13]=n;m[9]=\"unknown command\";var p;a:{var q=d.navigator;if(q){var r=q.userAgent;if(r){p=r;break a}}p=\"\"}function t(a){return-1!=p.indexOf(a)};function u(){return t(\"Firefox\")||t(\"FxiOS\")}function v(){return(t(\"Chrome\")||t(\"CriOS\"))&&!t(\"Edge\")};function w(){return t(\"iPhone\")&&!t(\"iPod\")&&!t(\"iPad\")};var y=t(\"Opera\"),z=t(\"Trident\")||t(\"MSIE\"),A=t(\"Edge\"),B=t(\"Gecko\")&&!(-1!=p.toLowerCase().indexOf(\"webkit\")&&!t(\"Edge\"))&&!(t(\"Trident\")||t(\"MSIE\"))&&!t(\"Edge\"),C=-1!=p.toLowerCase().indexOf(\"webkit\")&&!t(\"Edge\");function D(){var a=d.document;return a?a.documentMode:void 0}var E;\na:{var F=\"\",G=function(){var a=p;if(B)return/rv:([^\\);]+)(\\)|;)/.exec(a);if(A)return/Edge\\/([\\d\\.]+)/.exec(a);if(z)return/\\b(?:MSIE|rv)[: ]([^\\);]+)(\\)|;)/.exec(a);if(C)return/WebKit\\/(\\S+)/.exec(a);if(y)return/(?:Version)[ \\/]?(\\S+)/.exec(a)}();G&&(F=G?G[1]:\"\");if(z){var H=D();if(null!=H&&H>parseFloat(F)){E=String(H);break a}}E=F}var I;I=d.document&&z?D():void 0;var J=u(),K=w()||t(\"iPod\"),L=t(\"iPad\"),M=t(\"Android\")&&!(v()||u()||t(\"Opera\")||t(\"Silk\")),N=v(),aa=t(\"Safari\")&&!(v()||t(\"Coast\")||t(\"Opera\")||t(\"Edge\")||t(\"Edg/\")||t(\"OPR\")||u()||t(\"Silk\")||t(\"Android\"))&&!(w()||t(\"iPad\")||t(\"iPod\"));function O(a){return(a=a.exec(p))?a[1]:\"\"}(function(){if(J)return O(/Firefox\\/([0-9.]+)/);if(z||A||y)return E;if(N)return w()||t(\"iPad\")||t(\"iPod\")?O(/CriOS\\/([0-9.]+)/):O(/Chrome\\/([0-9.]+)/);if(aa&&!(w()||t(\"iPad\")||t(\"iPod\")))return O(/Version\\/([0-9.]+)/);if(K||L){var a=/Version\\/(\\S+).*Mobile\\/(\\S+)/.exec(p);if(a)return a[1]+\".\"+a[2]}else if(M)return(a=O(/Android\\s+([0-9.]+)/))?a:O(/Version\\/([0-9.]+)/);return\"\"})();var P=z&&!(8\u003C=Number(I)),ba=z&&!(9\u003C=Number(I));var ca={SCRIPT:1,STYLE:1,HEAD:1,IFRAME:1,OBJECT:1},Q={IMG:\" \",BR:\"\\n\"};function R(a,b,c){if(!(a.nodeName in ca))if(3==a.nodeType)c?b.push(String(a.nodeValue).replace(/(\\r\\n|\\r|\\n)/g,\"\")):b.push(a.nodeValue);else if(a.nodeName in Q)b.push(Q[a.nodeName]);else for(a=a.firstChild;a;)R(a,b,c),a=a.nextSibling};function S(a,b){b=b.toLowerCase();return\"style\"==b?da(a.style.cssText):P&&\"value\"==b&&T(a,\"INPUT\")?a.value:ba&&!0===a[b]?String(a.getAttribute(b)):(a=a.getAttributeNode(b))&&a.specified?a.value:null}var ea=/[;]+(?=(?:(?:[^\"]*\"){2})*[^\"]*$)(?=(?:(?:[^']*'){2})*[^']*$)(?=(?:[^()]*\\([^()]*\\))*[^()]*$)/;\nfunction da(a){var b=[];k(a.split(ea),function(c){var e=c.indexOf(\":\");0\u003Ce&&(c=[c.slice(0,e),c.slice(e+1)],2==c.length&&b.push(c[0].toLowerCase(),\":\",c[1],\";\"))});b=b.join(\"\");return b=\";\"==b.charAt(b.length-1)?b:b+\";\"}function U(a,b){P&&\"value\"==b&&T(a,\"OPTION\")&&null===S(a,\"value\")?(b=[],R(a,b,!1),a=b.join(\"\")):a=a[b];return a}\nfunction T(a,b){b&&\"string\"!==typeof b&&(b=b.toString());return a instanceof HTMLFormElement?!!a&&1==a.nodeType&&(!b||\"FORM\"==b):!!a&&1==a.nodeType&&(!b||a.tagName.toUpperCase()==b)}function V(a){return T(a,\"OPTION\")?!0:T(a,\"INPUT\")?(a=a.type.toLowerCase(),\"checkbox\"==a||\"radio\"==a):!1};var fa={\"class\":\"className\",readonly:\"readOnly\"},ha=\"allowfullscreen allowpaymentrequest allowusermedia async autofocus autoplay checked compact complete controls declare default defaultchecked defaultselected defer disabled ended formnovalidate hidden indeterminate iscontenteditable ismap itemscope loop multiple muted nohref nomodule noresize noshade novalidate nowrap open paused playsinline pubdate readonly required reversed scoped seamless seeking selected truespeed typemustmatch willvalidate\".split(\" \");function W(a,b){var c=null,e=b.toLowerCase();if(\"style\"==e)return(c=a.style)&&\"string\"!=typeof c&&(c=c.cssText),c;if((\"selected\"==e||\"checked\"==e)&&V(a)){if(!V(a))throw new l(15,\"Element is not selectable\");b=\"selected\";c=a.type&&a.type.toLowerCase();if(\"checkbox\"==c||\"radio\"==c)b=\"checked\";return U(a,b)?\"true\":null}var g=T(a,\"A\");if(T(a,\"IMG\")&&\"src\"==e||g&&\"href\"==e)return(c=S(a,e))&&(c=U(a,e)),c;if(\"spellcheck\"==e){c=S(a,e);if(null!==c){if(\"false\"==c.toLowerCase())return\"false\";if(\"true\"==c.toLowerCase())return\"true\"}return U(a,\ne)+\"\"}g=fa[b]||b;if(0\u003C=h(ha,e))return(c=null!==S(a,b)||U(a,g))?\"true\":null;try{var x=U(a,g)}catch(ia){}(e=null==x)||(e=typeof x,e=\"object\"==e&&null!=x||\"function\"==e);e?c=S(a,b):c=x;return null!=c?c.toString():null}var X=[\"se_exportedFunctionSymbol\"],Y=d;X[0]in Y||\"undefined\"==typeof Y.execScript||Y.execScript(\"var \"+X[0]);for(var Z;X.length&&(Z=X.shift());)X.length||void 0===W?Y[Z]&&Y[Z]!==Object.prototype[Z]?Y=Y[Z]:Y=Y[Z]={}:Y[Z]=W;; return this.se_exportedFunctionSymbol.apply(null,arguments);}).apply(window, arguments);}\n).apply(null, arguments);"
}
[1769669276.098][INFO]: Waiting for pending navigations...
[1769669276.098][INFO]: Done waiting for pending navigations. Status: ok
[1769669276.100][INFO]: Waiting for pending navigations...
[1769669276.100][INFO]: Done waiting for pending navigations. Status: ok
[1769669276.100][INFO]: [e9bdbd4df8cae9f7a7b05ef895e65b5c] RESPONSE ExecuteScript "https://gg.asuracomic.net/storage/media/405811/conversions/05-optimized.webp"
[1769669276.101][INFO]: [e9bdbd4df8cae9f7a7b05ef895e65b5c] COMMAND ExecuteScript {
   "args": [ {
      "element-6066-11e4-a52e-4f735466cecf": "f.CAA1FE4C08EC3FB8AD3888983C4001B7.d.728B49898D8128A16D8B333025A9BEAB.e.30"
   }, "alt" ],
   "script": "/* getAttribute */return (function(){return (function(){var d=this||self;function f(a,b){function c(){}c.prototype=b.prototype;a.prototype=new c;a.prototype.constructor=a};var h=Array.prototype.indexOf?function(a,b){return Array.prototype.indexOf.call(a,b,void 0)}:function(a,b){if(\"string\"===typeof a)return\"string\"!==typeof b||1!=b.length?-1:a.indexOf(b,0);for(var c=0;c\u003Ca.length;c++)if(c in a&&a[c]===b)return c;return-1},k=Array.prototype.forEach?function(a,b){Array.prototype.forEach.call(a,b,void 0)}:function(a,b){for(var c=a.length,e=\"string\"===typeof a?a.split(\"\"):a,g=0;g\u003Cc;g++)g in e&&b.call(void 0,e[g],g,a)};function l(a,b){this.code=a;this.a=m[a]||n;this.message=b||\"\";a=this.a.replace(/((?:^|\\s+)[a-z])/g,function(c){return c.toUpperCase().replace(/^[\\s\\xa0]+/g,\"\")});b=a.length-5;if(0>b||a.indexOf(\"Error\",b)!=b)a+=\"Error\";this.name=a;a=Error(this.message);a.name=this.name;this.stack=a.stack||\"\"}f(l,Error);var n=\"unknown error\",m={15:\"element not selectable\",11:\"element not visible\"};m[31]=n;m[30]=n;m[24]=\"invalid cookie domain\";m[29]=\"invalid element coordinates\";m[12]=\"invalid element state\";m[32]=\"invalid selector\";\nm[51]=\"invalid selector\";m[52]=\"invalid selector\";m[17]=\"javascript error\";m[405]=\"unsupported operation\";m[34]=\"move target out of bounds\";m[27]=\"no such alert\";m[7]=\"no such element\";m[8]=\"no such frame\";m[23]=\"no such window\";m[28]=\"script timeout\";m[33]=\"session not created\";m[10]=\"stale element reference\";m[21]=\"timeout\";m[25]=\"unable to set cookie\";m[26]=\"unexpected alert open\";m[13]=n;m[9]=\"unknown command\";var p;a:{var q=d.navigator;if(q){var r=q.userAgent;if(r){p=r;break a}}p=\"\"}function t(a){return-1!=p.indexOf(a)};function u(){return t(\"Firefox\")||t(\"FxiOS\")}function v(){return(t(\"Chrome\")||t(\"CriOS\"))&&!t(\"Edge\")};function w(){return t(\"iPhone\")&&!t(\"iPod\")&&!t(\"iPad\")};var y=t(\"Opera\"),z=t(\"Trident\")||t(\"MSIE\"),A=t(\"Edge\"),B=t(\"Gecko\")&&!(-1!=p.toLowerCase().indexOf(\"webkit\")&&!t(\"Edge\"))&&!(t(\"Trident\")||t(\"MSIE\"))&&!t(\"Edge\"),C=-1!=p.toLowerCase().indexOf(\"webkit\")&&!t(\"Edge\");function D(){var a=d.document;return a?a.documentMode:void 0}var E;\na:{var F=\"\",G=function(){var a=p;if(B)return/rv:([^\\);]+)(\\)|;)/.exec(a);if(A)return/Edge\\/([\\d\\.]+)/.exec(a);if(z)return/\\b(?:MSIE|rv)[: ]([^\\);]+)(\\)|;)/.exec(a);if(C)return/WebKit\\/(\\S+)/.exec(a);if(y)return/(?:Version)[ \\/]?(\\S+)/.exec(a)}();G&&(F=G?G[1]:\"\");if(z){var H=D();if(null!=H&&H>parseFloat(F)){E=String(H);break a}}E=F}var I;I=d.document&&z?D():void 0;var J=u(),K=w()||t(\"iPod\"),L=t(\"iPad\"),M=t(\"Android\")&&!(v()||u()||t(\"Opera\")||t(\"Silk\")),N=v(),aa=t(\"Safari\")&&!(v()||t(\"Coast\")||t(\"Opera\")||t(\"Edge\")||t(\"Edg/\")||t(\"OPR\")||u()||t(\"Silk\")||t(\"Android\"))&&!(w()||t(\"iPad\")||t(\"iPod\"));function O(a){return(a=a.exec(p))?a[1]:\"\"}(function(){if(J)return O(/Firefox\\/([0-9.]+)/);if(z||A||y)return E;if(N)return w()||t(\"iPad\")||t(\"iPod\")?O(/CriOS\\/([0-9.]+)/):O(/Chrome\\/([0-9.]+)/);if(aa&&!(w()||t(\"iPad\")||t(\"iPod\")))return O(/Version\\/([0-9.]+)/);if(K||L){var a=/Version\\/(\\S+).*Mobile\\/(\\S+)/.exec(p);if(a)return a[1]+\".\"+a[2]}else if(M)return(a=O(/Android\\s+([0-9.]+)/))?a:O(/Version\\/([0-9.]+)/);return\"\"})();var P=z&&!(8\u003C=Number(I)),ba=z&&!(9\u003C=Number(I));var ca={SCRIPT:1,STYLE:1,HEAD:1,IFRAME:1,OBJECT:1},Q={IMG:\" \",BR:\"\\n\"};function R(a,b,c){if(!(a.nodeName in ca))if(3==a.nodeType)c?b.push(String(a.nodeValue).replace(/(\\r\\n|\\r|\\n)/g,\"\")):b.push(a.nodeValue);else if(a.nodeName in Q)b.push(Q[a.nodeName]);else for(a=a.firstChild;a;)R(a,b,c),a=a.nextSibling};function S(a,b){b=b.toLowerCase();return\"style\"==b?da(a.style.cssText):P&&\"value\"==b&&T(a,\"INPUT\")?a.value:ba&&!0===a[b]?String(a.getAttribute(b)):(a=a.getAttributeNode(b))&&a.specified?a.value:null}var ea=/[;]+(?=(?:(?:[^\"]*\"){2})*[^\"]*$)(?=(?:(?:[^']*'){2})*[^']*$)(?=(?:[^()]*\\([^()]*\\))*[^()]*$)/;\nfunction da(a){var b=[];k(a.split(ea),function(c){var e=c.indexOf(\":\");0\u003Ce&&(c=[c.slice(0,e),c.slice(e+1)],2==c.length&&b.push(c[0].toLowerCase(),\":\",c[1],\";\"))});b=b.join(\"\");return b=\";\"==b.charAt(b.length-1)?b:b+\";\"}function U(a,b){P&&\"value\"==b&&T(a,\"OPTION\")&&null===S(a,\"value\")?(b=[],R(a,b,!1),a=b.join(\"\")):a=a[b];return a}\nfunction T(a,b){b&&\"string\"!==typeof b&&(b=b.toString());return a instanceof HTMLFormElement?!!a&&1==a.nodeType&&(!b||\"FORM\"==b):!!a&&1==a.nodeType&&(!b||a.tagName.toUpperCase()==b)}function V(a){return T(a,\"OPTION\")?!0:T(a,\"INPUT\")?(a=a.type.toLowerCase(),\"checkbox\"==a||\"radio\"==a):!1};var fa={\"class\":\"className\",readonly:\"readOnly\"},ha=\"allowfullscreen allowpaymentrequest allowusermedia async autofocus autoplay checked compact complete controls declare default defaultchecked defaultselected defer disabled ended formnovalidate hidden indeterminate iscontenteditable ismap itemscope loop multiple muted nohref nomodule noresize noshade novalidate nowrap open paused playsinline pubdate readonly required reversed scoped seamless seeking selected truespeed typemustmatch willvalidate\".split(\" \");function W(a,b){var c=null,e=b.toLowerCase();if(\"style\"==e)return(c=a.style)&&\"string\"!=typeof c&&(c=c.cssText),c;if((\"selected\"==e||\"checked\"==e)&&V(a)){if(!V(a))throw new l(15,\"Element is not selectable\");b=\"selected\";c=a.type&&a.type.toLowerCase();if(\"checkbox\"==c||\"radio\"==c)b=\"checked\";return U(a,b)?\"true\":null}var g=T(a,\"A\");if(T(a,\"IMG\")&&\"src\"==e||g&&\"href\"==e)return(c=S(a,e))&&(c=U(a,e)),c;if(\"spellcheck\"==e){c=S(a,e);if(null!==c){if(\"false\"==c.toLowerCase())return\"false\";if(\"true\"==c.toLowerCase())return\"true\"}return U(a,\ne)+\"\"}g=fa[b]||b;if(0\u003C=h(ha,e))return(c=null!==S(a,b)||U(a,g))?\"true\":null;try{var x=U(a,g)}catch(ia){}(e=null==x)||(e=typeof x,e=\"object\"==e&&null!=x||\"function\"==e);e?c=S(a,b):c=x;return null!=c?c.toString():null}var X=[\"se_exportedFunctionSymbol\"],Y=d;X[0]in Y||\"undefined\"==typeof Y.execScript||Y.execScript(\"var \"+X[0]);for(var Z;X.length&&(Z=X.shift());)X.length||void 0===W?Y[Z]&&Y[Z]!==Object.prototype[Z]?Y=Y[Z]:Y=Y[Z]={}:Y[Z]=W;; return this.se_exportedFunctionSymbol.apply(null,arguments);}).apply(window, arguments);}\n).apply(null, arguments);"
}
[1769669276.101][INFO]: Waiting for pending navigations...
[1769669276.102][INFO]: Done waiting for pending navigations. Status: ok
[1769669276.104][INFO]: Waiting for pending navigations...
[1769669276.104][INFO]: Done waiting for pending navigations. Status: ok
[1769669276.104][INFO]: [e9bdbd4df8cae9f7a7b05ef895e65b5c] RESPONSE ExecuteScript "chapter page 7"
[1769669276.105][INFO]: [e9bdbd4df8cae9f7a7b05ef895e65b5c] COMMAND ExecuteScript {
   "args": [ {
      "element-6066-11e4-a52e-4f735466cecf": "f.CAA1FE4C08EC3FB8AD3888983C4001B7.d.728B49898D8128A16D8B333025A9BEAB.e.30"
   }, "currentSrc" ],
   "script": "/* getAttribute */return (function(){return (function(){var d=this||self;function f(a,b){function c(){}c.prototype=b.prototype;a.prototype=new c;a.prototype.constructor=a};var h=Array.prototype.indexOf?function(a,b){return Array.prototype.indexOf.call(a,b,void 0)}:function(a,b){if(\"string\"===typeof a)return\"string\"!==typeof b||1!=b.length?-1:a.indexOf(b,0);for(var c=0;c\u003Ca.length;c++)if(c in a&&a[c]===b)return c;return-1},k=Array.prototype.forEach?function(a,b){Array.prototype.forEach.call(a,b,void 0)}:function(a,b){for(var c=a.length,e=\"string\"===typeof a?a.split(\"\"):a,g=0;g\u003Cc;g++)g in e&&b.call(void 0,e[g],g,a)};function l(a,b){this.code=a;this.a=m[a]||n;this.message=b||\"\";a=this.a.replace(/((?:^|\\s+)[a-z])/g,function(c){return c.toUpperCase().replace(/^[\\s\\xa0]+/g,\"\")});b=a.length-5;if(0>b||a.indexOf(\"Error\",b)!=b)a+=\"Error\";this.name=a;a=Error(this.message);a.name=this.name;this.stack=a.stack||\"\"}f(l,Error);var n=\"unknown error\",m={15:\"element not selectable\",11:\"element not visible\"};m[31]=n;m[30]=n;m[24]=\"invalid cookie domain\";m[29]=\"invalid element coordinates\";m[12]=\"invalid element state\";m[32]=\"invalid selector\";\nm[51]=\"invalid selector\";m[52]=\"invalid selector\";m[17]=\"javascript error\";m[405]=\"unsupported operation\";m[34]=\"move target out of bounds\";m[27]=\"no such alert\";m[7]=\"no such element\";m[8]=\"no such frame\";m[23]=\"no such window\";m[28]=\"script timeout\";m[33]=\"session not created\";m[10]=\"stale element reference\";m[21]=\"timeout\";m[25]=\"unable to set cookie\";m[26]=\"unexpected alert open\";m[13]=n;m[9]=\"unknown command\";var p;a:{var q=d.navigator;if(q){var r=q.userAgent;if(r){p=r;break a}}p=\"\"}function t(a){return-1!=p.indexOf(a)};function u(){return t(\"Firefox\")||t(\"FxiOS\")}function v(){return(t(\"Chrome\")||t(\"CriOS\"))&&!t(\"Edge\")};function w(){return t(\"iPhone\")&&!t(\"iPod\")&&!t(\"iPad\")};var y=t(\"Opera\"),z=t(\"Trident\")||t(\"MSIE\"),A=t(\"Edge\"),B=t(\"Gecko\")&&!(-1!=p.toLowerCase().indexOf(\"webkit\")&&!t(\"Edge\"))&&!(t(\"Trident\")||t(\"MSIE\"))&&!t(\"Edge\"),C=-1!=p.toLowerCase().indexOf(\"webkit\")&&!t(\"Edge\");function D(){var a=d.document;return a?a.documentMode:void 0}var E;\na:{var F=\"\",G=function(){var a=p;if(B)return/rv:([^\\);]+)(\\)|;)/.exec(a);if(A)return/Edge\\/([\\d\\.]+)/.exec(a);if(z)return/\\b(?:MSIE|rv)[: ]([^\\);]+)(\\)|;)/.exec(a);if(C)return/WebKit\\/(\\S+)/.exec(a);if(y)return/(?:Version)[ \\/]?(\\S+)/.exec(a)}();G&&(F=G?G[1]:\"\");if(z){var H=D();if(null!=H&&H>parseFloat(F)){E=String(H);break a}}E=F}var I;I=d.document&&z?D():void 0;var J=u(),K=w()||t(\"iPod\"),L=t(\"iPad\"),M=t(\"Android\")&&!(v()||u()||t(\"Opera\")||t(\"Silk\")),N=v(),aa=t(\"Safari\")&&!(v()||t(\"Coast\")||t(\"Opera\")||t(\"Edge\")||t(\"Edg/\")||t(\"OPR\")||u()||t(\"Silk\")||t(\"Android\"))&&!(w()||t(\"iPad\")||t(\"iPod\"));function O(a){return(a=a.exec(p))?a[1]:\"\"}(function(){if(J)return O(/Firefox\\/([0-9.]+)/);if(z||A||y)return E;if(N)return w()||t(\"iPad\")||t(\"iPod\")?O(/CriOS\\/([0-9.]+)/):O(/Chrome\\/([0-9.]+)/);if(aa&&!(w()||t(\"iPad\")||t(\"iPod\")))return O(/Version\\/([0-9.]+)/);if(K||L){var a=/Version\\/(\\S+).*Mobile\\/(\\S+)/.exec(p);if(a)return a[1]+\".\"+a[2]}else if(M)return(a=O(/Android\\s+([0-9.]+)/))?a:O(/Version\\/([0-9.]+)/);return\"\"})();var P=z&&!(8\u003C=Number(I)),ba=z&&!(9\u003C=Number(I));var ca={SCRIPT:1,STYLE:1,HEAD:1,IFRAME:1,OBJECT:1},Q={IMG:\" \",BR:\"\\n\"};function R(a,b,c){if(!(a.nodeName in ca))if(3==a.nodeType)c?b.push(String(a.nodeValue).replace(/(\\r\\n|\\r|\\n)/g,\"\")):b.push(a.nodeValue);else if(a.nodeName in Q)b.push(Q[a.nodeName]);else for(a=a.firstChild;a;)R(a,b,c),a=a.nextSibling};function S(a,b){b=b.toLowerCase();return\"style\"==b?da(a.style.cssText):P&&\"value\"==b&&T(a,\"INPUT\")?a.value:ba&&!0===a[b]?String(a.getAttribute(b)):(a=a.getAttributeNode(b))&&a.specified?a.value:null}var ea=/[;]+(?=(?:(?:[^\"]*\"){2})*[^\"]*$)(?=(?:(?:[^']*'){2})*[^']*$)(?=(?:[^()]*\\([^()]*\\))*[^()]*$)/;\nfunction da(a){var b=[];k(a.split(ea),function(c){var e=c.indexOf(\":\");0\u003Ce&&(c=[c.slice(0,e),c.slice(e+1)],2==c.length&&b.push(c[0].toLowerCase(),\":\",c[1],\";\"))});b=b.join(\"\");return b=\";\"==b.charAt(b.length-1)?b:b+\";\"}function U(a,b){P&&\"value\"==b&&T(a,\"OPTION\")&&null===S(a,\"value\")?(b=[],R(a,b,!1),a=b.join(\"\")):a=a[b];return a}\nfunction T(a,b){b&&\"string\"!==typeof b&&(b=b.toString());return a instanceof HTMLFormElement?!!a&&1==a.nodeType&&(!b||\"FORM\"==b):!!a&&1==a.nodeType&&(!b||a.tagName.toUpperCase()==b)}function V(a){return T(a,\"OPTION\")?!0:T(a,\"INPUT\")?(a=a.type.toLowerCase(),\"checkbox\"==a||\"radio\"==a):!1};var fa={\"class\":\"className\",readonly:\"readOnly\"},ha=\"allowfullscreen allowpaymentrequest allowusermedia async autofocus autoplay checked compact complete controls declare default defaultchecked defaultselected defer disabled ended formnovalidate hidden indeterminate iscontenteditable ismap itemscope loop multiple muted nohref nomodule noresize noshade novalidate nowrap open paused playsinline pubdate readonly required reversed scoped seamless seeking selected truespeed typemustmatch willvalidate\".split(\" \");function W(a,b){var c=null,e=b.toLowerCase();if(\"style\"==e)return(c=a.style)&&\"string\"!=typeof c&&(c=c.cssText),c;if((\"selected\"==e||\"checked\"==e)&&V(a)){if(!V(a))throw new l(15,\"Element is not selectable\");b=\"selected\";c=a.type&&a.type.toLowerCase();if(\"checkbox\"==c||\"radio\"==c)b=\"checked\";return U(a,b)?\"true\":null}var g=T(a,\"A\");if(T(a,\"IMG\")&&\"src\"==e||g&&\"href\"==e)return(c=S(a,e))&&(c=U(a,e)),c;if(\"spellcheck\"==e){c=S(a,e);if(null!==c){if(\"false\"==c.toLowerCase())return\"false\";if(\"true\"==c.toLowerCase())return\"true\"}return U(a,\ne)+\"\"}g=fa[b]||b;if(0\u003C=h(ha,e))return(c=null!==S(a,b)||U(a,g))?\"true\":null;try{var x=U(a,g)}catch(ia){}(e=null==x)||(e=typeof x,e=\"object\"==e&&null!=x||\"function\"==e);e?c=S(a,b):c=x;return null!=c?c.toString():null}var X=[\"se_exportedFunctionSymbol\"],Y=d;X[0]in Y||\"undefined\"==typeof Y.execScript||Y.execScript(\"var \"+X[0]);for(var Z;X.length&&(Z=X.shift());)X.length||void 0===W?Y[Z]&&Y[Z]!==Object.prototype[Z]?Y=Y[Z]:Y=Y[Z]={}:Y[Z]=W;; return this.se_exportedFunctionSymbol.apply(null,arguments);}).apply(window, arguments);}\n).apply(null, arguments);"
}
[1769669276.105][INFO]: Waiting for pending navigations...
[1769669276.106][INFO]: Done waiting for pending navigations. Status: ok
[1769669276.108][INFO]: Waiting for pending navigations...
[1769669276.108][INFO]: Done waiting for pending navigations. Status: ok
[1769669276.108][INFO]: [e9bdbd4df8cae9f7a7b05ef895e65b5c] RESPONSE ExecuteScript "https://gg.asuracomic.net/storage/media/405812/conversions/06-optimized.webp"
[1769669276.109][INFO]: [e9bdbd4df8cae9f7a7b05ef895e65b5c] COMMAND ExecuteScript {
   "args": [ {
      "element-6066-11e4-a52e-4f735466cecf": "f.CAA1FE4C08EC3FB8AD3888983C4001B7.d.728B49898D8128A16D8B333025A9BEAB.e.31"
   }, "alt" ],
   "script": "/* getAttribute */return (function(){return (function(){var d=this||self;function f(a,b){function c(){}c.prototype=b.prototype;a.prototype=new c;a.prototype.constructor=a};var h=Array.prototype.indexOf?function(a,b){return Array.prototype.indexOf.call(a,b,void 0)}:function(a,b){if(\"string\"===typeof a)return\"string\"!==typeof b||1!=b.length?-1:a.indexOf(b,0);for(var c=0;c\u003Ca.length;c++)if(c in a&&a[c]===b)return c;return-1},k=Array.prototype.forEach?function(a,b){Array.prototype.forEach.call(a,b,void 0)}:function(a,b){for(var c=a.length,e=\"string\"===typeof a?a.split(\"\"):a,g=0;g\u003Cc;g++)g in e&&b.call(void 0,e[g],g,a)};function l(a,b){this.code=a;this.a=m[a]||n;this.message=b||\"\";a=this.a.replace(/((?:^|\\s+)[a-z])/g,function(c){return c.toUpperCase().replace(/^[\\s\\xa0]+/g,\"\")});b=a.length-5;if(0>b||a.indexOf(\"Error\",b)!=b)a+=\"Error\";this.name=a;a=Error(this.message);a.name=this.name;this.stack=a.stack||\"\"}f(l,Error);var n=\"unknown error\",m={15:\"element not selectable\",11:\"element not visible\"};m[31]=n;m[30]=n;m[24]=\"invalid cookie domain\";m[29]=\"invalid element coordinates\";m[12]=\"invalid element state\";m[32]=\"invalid selector\";\nm[51]=\"invalid selector\";m[52]=\"invalid selector\";m[17]=\"javascript error\";m[405]=\"unsupported operation\";m[34]=\"move target out of bounds\";m[27]=\"no such alert\";m[7]=\"no such element\";m[8]=\"no such frame\";m[23]=\"no such window\";m[28]=\"script timeout\";m[33]=\"session not created\";m[10]=\"stale element reference\";m[21]=\"timeout\";m[25]=\"unable to set cookie\";m[26]=\"unexpected alert open\";m[13]=n;m[9]=\"unknown command\";var p;a:{var q=d.navigator;if(q){var r=q.userAgent;if(r){p=r;break a}}p=\"\"}function t(a){return-1!=p.indexOf(a)};function u(){return t(\"Firefox\")||t(\"FxiOS\")}function v(){return(t(\"Chrome\")||t(\"CriOS\"))&&!t(\"Edge\")};function w(){return t(\"iPhone\")&&!t(\"iPod\")&&!t(\"iPad\")};var y=t(\"Opera\"),z=t(\"Trident\")||t(\"MSIE\"),A=t(\"Edge\"),B=t(\"Gecko\")&&!(-1!=p.toLowerCase().indexOf(\"webkit\")&&!t(\"Edge\"))&&!(t(\"Trident\")||t(\"MSIE\"))&&!t(\"Edge\"),C=-1!=p.toLowerCase().indexOf(\"webkit\")&&!t(\"Edge\");function D(){var a=d.document;return a?a.documentMode:void 0}var E;\na:{var F=\"\",G=function(){var a=p;if(B)return/rv:([^\\);]+)(\\)|;)/.exec(a);if(A)return/Edge\\/([\\d\\.]+)/.exec(a);if(z)return/\\b(?:MSIE|rv)[: ]([^\\);]+)(\\)|;)/.exec(a);if(C)return/WebKit\\/(\\S+)/.exec(a);if(y)return/(?:Version)[ \\/]?(\\S+)/.exec(a)}();G&&(F=G?G[1]:\"\");if(z){var H=D();if(null!=H&&H>parseFloat(F)){E=String(H);break a}}E=F}var I;I=d.document&&z?D():void 0;var J=u(),K=w()||t(\"iPod\"),L=t(\"iPad\"),M=t(\"Android\")&&!(v()||u()||t(\"Opera\")||t(\"Silk\")),N=v(),aa=t(\"Safari\")&&!(v()||t(\"Coast\")||t(\"Opera\")||t(\"Edge\")||t(\"Edg/\")||t(\"OPR\")||u()||t(\"Silk\")||t(\"Android\"))&&!(w()||t(\"iPad\")||t(\"iPod\"));function O(a){return(a=a.exec(p))?a[1]:\"\"}(function(){if(J)return O(/Firefox\\/([0-9.]+)/);if(z||A||y)return E;if(N)return w()||t(\"iPad\")||t(\"iPod\")?O(/CriOS\\/([0-9.]+)/):O(/Chrome\\/([0-9.]+)/);if(aa&&!(w()||t(\"iPad\")||t(\"iPod\")))return O(/Version\\/([0-9.]+)/);if(K||L){var a=/Version\\/(\\S+).*Mobile\\/(\\S+)/.exec(p);if(a)return a[1]+\".\"+a[2]}else if(M)return(a=O(/Android\\s+([0-9.]+)/))?a:O(/Version\\/([0-9.]+)/);return\"\"})();var P=z&&!(8\u003C=Number(I)),ba=z&&!(9\u003C=Number(I));var ca={SCRIPT:1,STYLE:1,HEAD:1,IFRAME:1,OBJECT:1},Q={IMG:\" \",BR:\"\\n\"};function R(a,b,c){if(!(a.nodeName in ca))if(3==a.nodeType)c?b.push(String(a.nodeValue).replace(/(\\r\\n|\\r|\\n)/g,\"\")):b.push(a.nodeValue);else if(a.nodeName in Q)b.push(Q[a.nodeName]);else for(a=a.firstChild;a;)R(a,b,c),a=a.nextSibling};function S(a,b){b=b.toLowerCase();return\"style\"==b?da(a.style.cssText):P&&\"value\"==b&&T(a,\"INPUT\")?a.value:ba&&!0===a[b]?String(a.getAttribute(b)):(a=a.getAttributeNode(b))&&a.specified?a.value:null}var ea=/[;]+(?=(?:(?:[^\"]*\"){2})*[^\"]*$)(?=(?:(?:[^']*'){2})*[^']*$)(?=(?:[^()]*\\([^()]*\\))*[^()]*$)/;\nfunction da(a){var b=[];k(a.split(ea),function(c){var e=c.indexOf(\":\");0\u003Ce&&(c=[c.slice(0,e),c.slice(e+1)],2==c.length&&b.push(c[0].toLowerCase(),\":\",c[1],\";\"))});b=b.join(\"\");return b=\";\"==b.charAt(b.length-1)?b:b+\";\"}function U(a,b){P&&\"value\"==b&&T(a,\"OPTION\")&&null===S(a,\"value\")?(b=[],R(a,b,!1),a=b.join(\"\")):a=a[b];return a}\nfunction T(a,b){b&&\"string\"!==typeof b&&(b=b.toString());return a instanceof HTMLFormElement?!!a&&1==a.nodeType&&(!b||\"FORM\"==b):!!a&&1==a.nodeType&&(!b||a.tagName.toUpperCase()==b)}function V(a){return T(a,\"OPTION\")?!0:T(a,\"INPUT\")?(a=a.type.toLowerCase(),\"checkbox\"==a||\"radio\"==a):!1};var fa={\"class\":\"className\",readonly:\"readOnly\"},ha=\"allowfullscreen allowpaymentrequest allowusermedia async autofocus autoplay checked compact complete controls declare default defaultchecked defaultselected defer disabled ended formnovalidate hidden indeterminate iscontenteditable ismap itemscope loop multiple muted nohref nomodule noresize noshade novalidate nowrap open paused playsinline pubdate readonly required reversed scoped seamless seeking selected truespeed typemustmatch willvalidate\".split(\" \");function W(a,b){var c=null,e=b.toLowerCase();if(\"style\"==e)return(c=a.style)&&\"string\"!=typeof c&&(c=c.cssText),c;if((\"selected\"==e||\"checked\"==e)&&V(a)){if(!V(a))throw new l(15,\"Element is not selectable\");b=\"selected\";c=a.type&&a.type.toLowerCase();if(\"checkbox\"==c||\"radio\"==c)b=\"checked\";return U(a,b)?\"true\":null}var g=T(a,\"A\");if(T(a,\"IMG\")&&\"src\"==e||g&&\"href\"==e)return(c=S(a,e))&&(c=U(a,e)),c;if(\"spellcheck\"==e){c=S(a,e);if(null!==c){if(\"false\"==c.toLowerCase())return\"false\";if(\"true\"==c.toLowerCase())return\"true\"}return U(a,\ne)+\"\"}g=fa[b]||b;if(0\u003C=h(ha,e))return(c=null!==S(a,b)||U(a,g))?\"true\":null;try{var x=U(a,g)}catch(ia){}(e=null==x)||(e=typeof x,e=\"object\"==e&&null!=x||\"function\"==e);e?c=S(a,b):c=x;return null!=c?c.toString():null}var X=[\"se_exportedFunctionSymbol\"],Y=d;X[0]in Y||\"undefined\"==typeof Y.execScript||Y.execScript(\"var \"+X[0]);for(var Z;X.length&&(Z=X.shift());)X.length||void 0===W?Y[Z]&&Y[Z]!==Object.prototype[Z]?Y=Y[Z]:Y=Y[Z]={}:Y[Z]=W;; return this.se_exportedFunctionSymbol.apply(null,arguments);}).apply(window, arguments);}\n).apply(null, arguments);"
}
[1769669276.109][INFO]: Waiting for pending navigations...
[1769669276.109][INFO]: Done waiting for pending navigations. Status: ok
[1769669276.111][INFO]: Waiting for pending navigations...
[1769669276.112][INFO]: Done waiting for pending navigations. Status: ok
[1769669276.112][INFO]: [e9bdbd4df8cae9f7a7b05ef895e65b5c] RESPONSE ExecuteScript "chapter page 8"
[1769669276.112][INFO]: [e9bdbd4df8cae9f7a7b05ef895e65b5c] COMMAND ExecuteScript {
   "args": [ {
      "element-6066-11e4-a52e-4f735466cecf": "f.CAA1FE4C08EC3FB8AD3888983C4001B7.d.728B49898D8128A16D8B333025A9BEAB.e.31"
   }, "currentSrc" ],
   "script": "/* getAttribute */return (function(){return (function(){var d=this||self;function f(a,b){function c(){}c.prototype=b.prototype;a.prototype=new c;a.prototype.constructor=a};var h=Array.prototype.indexOf?function(a,b){return Array.prototype.indexOf.call(a,b,void 0)}:function(a,b){if(\"string\"===typeof a)return\"string\"!==typeof b||1!=b.length?-1:a.indexOf(b,0);for(var c=0;c\u003Ca.length;c++)if(c in a&&a[c]===b)return c;return-1},k=Array.prototype.forEach?function(a,b){Array.prototype.forEach.call(a,b,void 0)}:function(a,b){for(var c=a.length,e=\"string\"===typeof a?a.split(\"\"):a,g=0;g\u003Cc;g++)g in e&&b.call(void 0,e[g],g,a)};function l(a,b){this.code=a;this.a=m[a]||n;this.message=b||\"\";a=this.a.replace(/((?:^|\\s+)[a-z])/g,function(c){return c.toUpperCase().replace(/^[\\s\\xa0]+/g,\"\")});b=a.length-5;if(0>b||a.indexOf(\"Error\",b)!=b)a+=\"Error\";this.name=a;a=Error(this.message);a.name=this.name;this.stack=a.stack||\"\"}f(l,Error);var n=\"unknown error\",m={15:\"element not selectable\",11:\"element not visible\"};m[31]=n;m[30]=n;m[24]=\"invalid cookie domain\";m[29]=\"invalid element coordinates\";m[12]=\"invalid element state\";m[32]=\"invalid selector\";\nm[51]=\"invalid selector\";m[52]=\"invalid selector\";m[17]=\"javascript error\";m[405]=\"unsupported operation\";m[34]=\"move target out of bounds\";m[27]=\"no such alert\";m[7]=\"no such element\";m[8]=\"no such frame\";m[23]=\"no such window\";m[28]=\"script timeout\";m[33]=\"session not created\";m[10]=\"stale element reference\";m[21]=\"timeout\";m[25]=\"unable to set cookie\";m[26]=\"unexpected alert open\";m[13]=n;m[9]=\"unknown command\";var p;a:{var q=d.navigator;if(q){var r=q.userAgent;if(r){p=r;break a}}p=\"\"}function t(a){return-1!=p.indexOf(a)};function u(){return t(\"Firefox\")||t(\"FxiOS\")}function v(){return(t(\"Chrome\")||t(\"CriOS\"))&&!t(\"Edge\")};function w(){return t(\"iPhone\")&&!t(\"iPod\")&&!t(\"iPad\")};var y=t(\"Opera\"),z=t(\"Trident\")||t(\"MSIE\"),A=t(\"Edge\"),B=t(\"Gecko\")&&!(-1!=p.toLowerCase().indexOf(\"webkit\")&&!t(\"Edge\"))&&!(t(\"Trident\")||t(\"MSIE\"))&&!t(\"Edge\"),C=-1!=p.toLowerCase().indexOf(\"webkit\")&&!t(\"Edge\");function D(){var a=d.document;return a?a.documentMode:void 0}var E;\na:{var F=\"\",G=function(){var a=p;if(B)return/rv:([^\\);]+)(\\)|;)/.exec(a);if(A)return/Edge\\/([\\d\\.]+)/.exec(a);if(z)return/\\b(?:MSIE|rv)[: ]([^\\);]+)(\\)|;)/.exec(a);if(C)return/WebKit\\/(\\S+)/.exec(a);if(y)return/(?:Version)[ \\/]?(\\S+)/.exec(a)}();G&&(F=G?G[1]:\"\");if(z){var H=D();if(null!=H&&H>parseFloat(F)){E=String(H);break a}}E=F}var I;I=d.document&&z?D():void 0;var J=u(),K=w()||t(\"iPod\"),L=t(\"iPad\"),M=t(\"Android\")&&!(v()||u()||t(\"Opera\")||t(\"Silk\")),N=v(),aa=t(\"Safari\")&&!(v()||t(\"Coast\")||t(\"Opera\")||t(\"Edge\")||t(\"Edg/\")||t(\"OPR\")||u()||t(\"Silk\")||t(\"Android\"))&&!(w()||t(\"iPad\")||t(\"iPod\"));function O(a){return(a=a.exec(p))?a[1]:\"\"}(function(){if(J)return O(/Firefox\\/([0-9.]+)/);if(z||A||y)return E;if(N)return w()||t(\"iPad\")||t(\"iPod\")?O(/CriOS\\/([0-9.]+)/):O(/Chrome\\/([0-9.]+)/);if(aa&&!(w()||t(\"iPad\")||t(\"iPod\")))return O(/Version\\/([0-9.]+)/);if(K||L){var a=/Version\\/(\\S+).*Mobile\\/(\\S+)/.exec(p);if(a)return a[1]+\".\"+a[2]}else if(M)return(a=O(/Android\\s+([0-9.]+)/))?a:O(/Version\\/([0-9.]+)/);return\"\"})();var P=z&&!(8\u003C=Number(I)),ba=z&&!(9\u003C=Number(I));var ca={SCRIPT:1,STYLE:1,HEAD:1,IFRAME:1,OBJECT:1},Q={IMG:\" \",BR:\"\\n\"};function R(a,b,c){if(!(a.nodeName in ca))if(3==a.nodeType)c?b.push(String(a.nodeValue).replace(/(\\r\\n|\\r|\\n)/g,\"\")):b.push(a.nodeValue);else if(a.nodeName in Q)b.push(Q[a.nodeName]);else for(a=a.firstChild;a;)R(a,b,c),a=a.nextSibling};function S(a,b){b=b.toLowerCase();return\"style\"==b?da(a.style.cssText):P&&\"value\"==b&&T(a,\"INPUT\")?a.value:ba&&!0===a[b]?String(a.getAttribute(b)):(a=a.getAttributeNode(b))&&a.specified?a.value:null}var ea=/[;]+(?=(?:(?:[^\"]*\"){2})*[^\"]*$)(?=(?:(?:[^']*'){2})*[^']*$)(?=(?:[^()]*\\([^()]*\\))*[^()]*$)/;\nfunction da(a){var b=[];k(a.split(ea),function(c){var e=c.indexOf(\":\");0\u003Ce&&(c=[c.slice(0,e),c.slice(e+1)],2==c.length&&b.push(c[0].toLowerCase(),\":\",c[1],\";\"))});b=b.join(\"\");return b=\";\"==b.charAt(b.length-1)?b:b+\";\"}function U(a,b){P&&\"value\"==b&&T(a,\"OPTION\")&&null===S(a,\"value\")?(b=[],R(a,b,!1),a=b.join(\"\")):a=a[b];return a}\nfunction T(a,b){b&&\"string\"!==typeof b&&(b=b.toString());return a instanceof HTMLFormElement?!!a&&1==a.nodeType&&(!b||\"FORM\"==b):!!a&&1==a.nodeType&&(!b||a.tagName.toUpperCase()==b)}function V(a){return T(a,\"OPTION\")?!0:T(a,\"INPUT\")?(a=a.type.toLowerCase(),\"checkbox\"==a||\"radio\"==a):!1};var fa={\"class\":\"className\",readonly:\"readOnly\"},ha=\"allowfullscreen allowpaymentrequest allowusermedia async autofocus autoplay checked compact complete controls declare default defaultchecked defaultselected defer disabled ended formnovalidate hidden indeterminate iscontenteditable ismap itemscope loop multiple muted nohref nomodule noresize noshade novalidate nowrap open paused playsinline pubdate readonly required reversed scoped seamless seeking selected truespeed typemustmatch willvalidate\".split(\" \");function W(a,b){var c=null,e=b.toLowerCase();if(\"style\"==e)return(c=a.style)&&\"string\"!=typeof c&&(c=c.cssText),c;if((\"selected\"==e||\"checked\"==e)&&V(a)){if(!V(a))throw new l(15,\"Element is not selectable\");b=\"selected\";c=a.type&&a.type.toLowerCase();if(\"checkbox\"==c||\"radio\"==c)b=\"checked\";return U(a,b)?\"true\":null}var g=T(a,\"A\");if(T(a,\"IMG\")&&\"src\"==e||g&&\"href\"==e)return(c=S(a,e))&&(c=U(a,e)),c;if(\"spellcheck\"==e){c=S(a,e);if(null!==c){if(\"false\"==c.toLowerCase())return\"false\";if(\"true\"==c.toLowerCase())return\"true\"}return U(a,\ne)+\"\"}g=fa[b]||b;if(0\u003C=h(ha,e))return(c=null!==S(a,b)||U(a,g))?\"true\":null;try{var x=U(a,g)}catch(ia){}(e=null==x)||(e=typeof x,e=\"object\"==e&&null!=x||\"function\"==e);e?c=S(a,b):c=x;return null!=c?c.toString():null}var X=[\"se_exportedFunctionSymbol\"],Y=d;X[0]in Y||\"undefined\"==typeof Y.execScript||Y.execScript(\"var \"+X[0]);for(var Z;X.length&&(Z=X.shift());)X.length||void 0===W?Y[Z]&&Y[Z]!==Object.prototype[Z]?Y=Y[Z]:Y=Y[Z]={}:Y[Z]=W;; return this.se_exportedFunctionSymbol.apply(null,arguments);}).apply(window, arguments);}\n).apply(null, arguments);"
}
[1769669276.113][INFO]: Waiting for pending navigations...
[1769669276.113][INFO]: Done waiting for pending navigations. Status: ok
[1769669276.115][INFO]: Waiting for pending navigations...
[1769669276.115][INFO]: Done waiting for pending navigations. Status: ok
[1769669276.115][INFO]: [e9bdbd4df8cae9f7a7b05ef895e65b5c] RESPONSE ExecuteScript "https://gg.asuracomic.net/storage/media/405813/conversions/07-optimized.webp"
[1769669276.116][INFO]: [e9bdbd4df8cae9f7a7b05ef895e65b5c] COMMAND ExecuteScript {
   "args": [ {
      "element-6066-11e4-a52e-4f735466cecf": "f.CAA1FE4C08EC3FB8AD3888983C4001B7.d.728B49898D8128A16D8B333025A9BEAB.e.32"
   }, "alt" ],
   "script": "/* getAttribute */return (function(){return (function(){var d=this||self;function f(a,b){function c(){}c.prototype=b.prototype;a.prototype=new c;a.prototype.constructor=a};var h=Array.prototype.indexOf?function(a,b){return Array.prototype.indexOf.call(a,b,void 0)}:function(a,b){if(\"string\"===typeof a)return\"string\"!==typeof b||1!=b.length?-1:a.indexOf(b,0);for(var c=0;c\u003Ca.length;c++)if(c in a&&a[c]===b)return c;return-1},k=Array.prototype.forEach?function(a,b){Array.prototype.forEach.call(a,b,void 0)}:function(a,b){for(var c=a.length,e=\"string\"===typeof a?a.split(\"\"):a,g=0;g\u003Cc;g++)g in e&&b.call(void 0,e[g],g,a)};function l(a,b){this.code=a;this.a=m[a]||n;this.message=b||\"\";a=this.a.replace(/((?:^|\\s+)[a-z])/g,function(c){return c.toUpperCase().replace(/^[\\s\\xa0]+/g,\"\")});b=a.length-5;if(0>b||a.indexOf(\"Error\",b)!=b)a+=\"Error\";this.name=a;a=Error(this.message);a.name=this.name;this.stack=a.stack||\"\"}f(l,Error);var n=\"unknown error\",m={15:\"element not selectable\",11:\"element not visible\"};m[31]=n;m[30]=n;m[24]=\"invalid cookie domain\";m[29]=\"invalid element coordinates\";m[12]=\"invalid element state\";m[32]=\"invalid selector\";\nm[51]=\"invalid selector\";m[52]=\"invalid selector\";m[17]=\"javascript error\";m[405]=\"unsupported operation\";m[34]=\"move target out of bounds\";m[27]=\"no such alert\";m[7]=\"no such element\";m[8]=\"no such frame\";m[23]=\"no such window\";m[28]=\"script timeout\";m[33]=\"session not created\";m[10]=\"stale element reference\";m[21]=\"timeout\";m[25]=\"unable to set cookie\";m[26]=\"unexpected alert open\";m[13]=n;m[9]=\"unknown command\";var p;a:{var q=d.navigator;if(q){var r=q.userAgent;if(r){p=r;break a}}p=\"\"}function t(a){return-1!=p.indexOf(a)};function u(){return t(\"Firefox\")||t(\"FxiOS\")}function v(){return(t(\"Chrome\")||t(\"CriOS\"))&&!t(\"Edge\")};function w(){return t(\"iPhone\")&&!t(\"iPod\")&&!t(\"iPad\")};var y=t(\"Opera\"),z=t(\"Trident\")||t(\"MSIE\"),A=t(\"Edge\"),B=t(\"Gecko\")&&!(-1!=p.toLowerCase().indexOf(\"webkit\")&&!t(\"Edge\"))&&!(t(\"Trident\")||t(\"MSIE\"))&&!t(\"Edge\"),C=-1!=p.toLowerCase().indexOf(\"webkit\")&&!t(\"Edge\");function D(){var a=d.document;return a?a.documentMode:void 0}var E;\na:{var F=\"\",G=function(){var a=p;if(B)return/rv:([^\\);]+)(\\)|;)/.exec(a);if(A)return/Edge\\/([\\d\\.]+)/.exec(a);if(z)return/\\b(?:MSIE|rv)[: ]([^\\);]+)(\\)|;)/.exec(a);if(C)return/WebKit\\/(\\S+)/.exec(a);if(y)return/(?:Version)[ \\/]?(\\S+)/.exec(a)}();G&&(F=G?G[1]:\"\");if(z){var H=D();if(null!=H&&H>parseFloat(F)){E=String(H);break a}}E=F}var I;I=d.document&&z?D():void 0;var J=u(),K=w()||t(\"iPod\"),L=t(\"iPad\"),M=t(\"Android\")&&!(v()||u()||t(\"Opera\")||t(\"Silk\")),N=v(),aa=t(\"Safari\")&&!(v()||t(\"Coast\")||t(\"Opera\")||t(\"Edge\")||t(\"Edg/\")||t(\"OPR\")||u()||t(\"Silk\")||t(\"Android\"))&&!(w()||t(\"iPad\")||t(\"iPod\"));function O(a){return(a=a.exec(p))?a[1]:\"\"}(function(){if(J)return O(/Firefox\\/([0-9.]+)/);if(z||A||y)return E;if(N)return w()||t(\"iPad\")||t(\"iPod\")?O(/CriOS\\/([0-9.]+)/):O(/Chrome\\/([0-9.]+)/);if(aa&&!(w()||t(\"iPad\")||t(\"iPod\")))return O(/Version\\/([0-9.]+)/);if(K||L){var a=/Version\\/(\\S+).*Mobile\\/(\\S+)/.exec(p);if(a)return a[1]+\".\"+a[2]}else if(M)return(a=O(/Android\\s+([0-9.]+)/))?a:O(/Version\\/([0-9.]+)/);return\"\"})();var P=z&&!(8\u003C=Number(I)),ba=z&&!(9\u003C=Number(I));var ca={SCRIPT:1,STYLE:1,HEAD:1,IFRAME:1,OBJECT:1},Q={IMG:\" \",BR:\"\\n\"};function R(a,b,c){if(!(a.nodeName in ca))if(3==a.nodeType)c?b.push(String(a.nodeValue).replace(/(\\r\\n|\\r|\\n)/g,\"\")):b.push(a.nodeValue);else if(a.nodeName in Q)b.push(Q[a.nodeName]);else for(a=a.firstChild;a;)R(a,b,c),a=a.nextSibling};function S(a,b){b=b.toLowerCase();return\"style\"==b?da(a.style.cssText):P&&\"value\"==b&&T(a,\"INPUT\")?a.value:ba&&!0===a[b]?String(a.getAttribute(b)):(a=a.getAttributeNode(b))&&a.specified?a.value:null}var ea=/[;]+(?=(?:(?:[^\"]*\"){2})*[^\"]*$)(?=(?:(?:[^']*'){2})*[^']*$)(?=(?:[^()]*\\([^()]*\\))*[^()]*$)/;\nfunction da(a){var b=[];k(a.split(ea),function(c){var e=c.indexOf(\":\");0\u003Ce&&(c=[c.slice(0,e),c.slice(e+1)],2==c.length&&b.push(c[0].toLowerCase(),\":\",c[1],\";\"))});b=b.join(\"\");return b=\";\"==b.charAt(b.length-1)?b:b+\";\"}function U(a,b){P&&\"value\"==b&&T(a,\"OPTION\")&&null===S(a,\"value\")?(b=[],R(a,b,!1),a=b.join(\"\")):a=a[b];return a}\nfunction T(a,b){b&&\"string\"!==typeof b&&(b=b.toString());return a instanceof HTMLFormElement?!!a&&1==a.nodeType&&(!b||\"FORM\"==b):!!a&&1==a.nodeType&&(!b||a.tagName.toUpperCase()==b)}function V(a){return T(a,\"OPTION\")?!0:T(a,\"INPUT\")?(a=a.type.toLowerCase(),\"checkbox\"==a||\"radio\"==a):!1};var fa={\"class\":\"className\",readonly:\"readOnly\"},ha=\"allowfullscreen allowpaymentrequest allowusermedia async autofocus autoplay checked compact complete controls declare default defaultchecked defaultselected defer disabled ended formnovalidate hidden indeterminate iscontenteditable ismap itemscope loop multiple muted nohref nomodule noresize noshade novalidate nowrap open paused playsinline pubdate readonly required reversed scoped seamless seeking selected truespeed typemustmatch willvalidate\".split(\" \");function W(a,b){var c=null,e=b.toLowerCase();if(\"style\"==e)return(c=a.style)&&\"string\"!=typeof c&&(c=c.cssText),c;if((\"selected\"==e||\"checked\"==e)&&V(a)){if(!V(a))throw new l(15,\"Element is not selectable\");b=\"selected\";c=a.type&&a.type.toLowerCase();if(\"checkbox\"==c||\"radio\"==c)b=\"checked\";return U(a,b)?\"true\":null}var g=T(a,\"A\");if(T(a,\"IMG\")&&\"src\"==e||g&&\"href\"==e)return(c=S(a,e))&&(c=U(a,e)),c;if(\"spellcheck\"==e){c=S(a,e);if(null!==c){if(\"false\"==c.toLowerCase())return\"false\";if(\"true\"==c.toLowerCase())return\"true\"}return U(a,\ne)+\"\"}g=fa[b]||b;if(0\u003C=h(ha,e))return(c=null!==S(a,b)||U(a,g))?\"true\":null;try{var x=U(a,g)}catch(ia){}(e=null==x)||(e=typeof x,e=\"object\"==e&&null!=x||\"function\"==e);e?c=S(a,b):c=x;return null!=c?c.toString():null}var X=[\"se_exportedFunctionSymbol\"],Y=d;X[0]in Y||\"undefined\"==typeof Y.execScript||Y.execScript(\"var \"+X[0]);for(var Z;X.length&&(Z=X.shift());)X.length||void 0===W?Y[Z]&&Y[Z]!==Object.prototype[Z]?Y=Y[Z]:Y=Y[Z]={}:Y[Z]=W;; return this.se_exportedFunctionSymbol.apply(null,arguments);}).apply(window, arguments);}\n).apply(null, arguments);"
}
[1769669276.116][INFO]: Waiting for pending navigations...
[1769669276.116][INFO]: Done waiting for pending navigations. Status: ok
[1769669276.118][INFO]: Waiting for pending navigations...
[1769669276.119][INFO]: Done waiting for pending navigations. Status: ok
[1769669276.119][INFO]: [e9bdbd4df8cae9f7a7b05ef895e65b5c] RESPONSE ExecuteScript "chapter page 9"
[1769669276.119][INFO]: [e9bdbd4df8cae9f7a7b05ef895e65b5c] COMMAND ExecuteScript {
   "args": [ {
      "element-6066-11e4-a52e-4f735466cecf": "f.CAA1FE4C08EC3FB8AD3888983C4001B7.d.728B49898D8128A16D8B333025A9BEAB.e.32"
   }, "currentSrc" ],
   "script": "/* getAttribute */return (function(){return (function(){var d=this||self;function f(a,b){function c(){}c.prototype=b.prototype;a.prototype=new c;a.prototype.constructor=a};var h=Array.prototype.indexOf?function(a,b){return Array.prototype.indexOf.call(a,b,void 0)}:function(a,b){if(\"string\"===typeof a)return\"string\"!==typeof b||1!=b.length?-1:a.indexOf(b,0);for(var c=0;c\u003Ca.length;c++)if(c in a&&a[c]===b)return c;return-1},k=Array.prototype.forEach?function(a,b){Array.prototype.forEach.call(a,b,void 0)}:function(a,b){for(var c=a.length,e=\"string\"===typeof a?a.split(\"\"):a,g=0;g\u003Cc;g++)g in e&&b.call(void 0,e[g],g,a)};function l(a,b){this.code=a;this.a=m[a]||n;this.message=b||\"\";a=this.a.replace(/((?:^|\\s+)[a-z])/g,function(c){return c.toUpperCase().replace(/^[\\s\\xa0]+/g,\"\")});b=a.length-5;if(0>b||a.indexOf(\"Error\",b)!=b)a+=\"Error\";this.name=a;a=Error(this.message);a.name=this.name;this.stack=a.stack||\"\"}f(l,Error);var n=\"unknown error\",m={15:\"element not selectable\",11:\"element not visible\"};m[31]=n;m[30]=n;m[24]=\"invalid cookie domain\";m[29]=\"invalid element coordinates\";m[12]=\"invalid element state\";m[32]=\"invalid selector\";\nm[51]=\"invalid selector\";m[52]=\"invalid selector\";m[17]=\"javascript error\";m[405]=\"unsupported operation\";m[34]=\"move target out of bounds\";m[27]=\"no such alert\";m[7]=\"no such element\";m[8]=\"no such frame\";m[23]=\"no such window\";m[28]=\"script timeout\";m[33]=\"session not created\";m[10]=\"stale element reference\";m[21]=\"timeout\";m[25]=\"unable to set cookie\";m[26]=\"unexpected alert open\";m[13]=n;m[9]=\"unknown command\";var p;a:{var q=d.navigator;if(q){var r=q.userAgent;if(r){p=r;break a}}p=\"\"}function t(a){return-1!=p.indexOf(a)};function u(){return t(\"Firefox\")||t(\"FxiOS\")}function v(){return(t(\"Chrome\")||t(\"CriOS\"))&&!t(\"Edge\")};function w(){return t(\"iPhone\")&&!t(\"iPod\")&&!t(\"iPad\")};var y=t(\"Opera\"),z=t(\"Trident\")||t(\"MSIE\"),A=t(\"Edge\"),B=t(\"Gecko\")&&!(-1!=p.toLowerCase().indexOf(\"webkit\")&&!t(\"Edge\"))&&!(t(\"Trident\")||t(\"MSIE\"))&&!t(\"Edge\"),C=-1!=p.toLowerCase().indexOf(\"webkit\")&&!t(\"Edge\");function D(){var a=d.document;return a?a.documentMode:void 0}var E;\na:{var F=\"\",G=function(){var a=p;if(B)return/rv:([^\\);]+)(\\)|;)/.exec(a);if(A)return/Edge\\/([\\d\\.]+)/.exec(a);if(z)return/\\b(?:MSIE|rv)[: ]([^\\);]+)(\\)|;)/.exec(a);if(C)return/WebKit\\/(\\S+)/.exec(a);if(y)return/(?:Version)[ \\/]?(\\S+)/.exec(a)}();G&&(F=G?G[1]:\"\");if(z){var H=D();if(null!=H&&H>parseFloat(F)){E=String(H);break a}}E=F}var I;I=d.document&&z?D():void 0;var J=u(),K=w()||t(\"iPod\"),L=t(\"iPad\"),M=t(\"Android\")&&!(v()||u()||t(\"Opera\")||t(\"Silk\")),N=v(),aa=t(\"Safari\")&&!(v()||t(\"Coast\")||t(\"Opera\")||t(\"Edge\")||t(\"Edg/\")||t(\"OPR\")||u()||t(\"Silk\")||t(\"Android\"))&&!(w()||t(\"iPad\")||t(\"iPod\"));function O(a){return(a=a.exec(p))?a[1]:\"\"}(function(){if(J)return O(/Firefox\\/([0-9.]+)/);if(z||A||y)return E;if(N)return w()||t(\"iPad\")||t(\"iPod\")?O(/CriOS\\/([0-9.]+)/):O(/Chrome\\/([0-9.]+)/);if(aa&&!(w()||t(\"iPad\")||t(\"iPod\")))return O(/Version\\/([0-9.]+)/);if(K||L){var a=/Version\\/(\\S+).*Mobile\\/(\\S+)/.exec(p);if(a)return a[1]+\".\"+a[2]}else if(M)return(a=O(/Android\\s+([0-9.]+)/))?a:O(/Version\\/([0-9.]+)/);return\"\"})();var P=z&&!(8\u003C=Number(I)),ba=z&&!(9\u003C=Number(I));var ca={SCRIPT:1,STYLE:1,HEAD:1,IFRAME:1,OBJECT:1},Q={IMG:\" \",BR:\"\\n\"};function R(a,b,c){if(!(a.nodeName in ca))if(3==a.nodeType)c?b.push(String(a.nodeValue).replace(/(\\r\\n|\\r|\\n)/g,\"\")):b.push(a.nodeValue);else if(a.nodeName in Q)b.push(Q[a.nodeName]);else for(a=a.firstChild;a;)R(a,b,c),a=a.nextSibling};function S(a,b){b=b.toLowerCase();return\"style\"==b?da(a.style.cssText):P&&\"value\"==b&&T(a,\"INPUT\")?a.value:ba&&!0===a[b]?String(a.getAttribute(b)):(a=a.getAttributeNode(b))&&a.specified?a.value:null}var ea=/[;]+(?=(?:(?:[^\"]*\"){2})*[^\"]*$)(?=(?:(?:[^']*'){2})*[^']*$)(?=(?:[^()]*\\([^()]*\\))*[^()]*$)/;\nfunction da(a){var b=[];k(a.split(ea),function(c){var e=c.indexOf(\":\");0\u003Ce&&(c=[c.slice(0,e),c.slice(e+1)],2==c.length&&b.push(c[0].toLowerCase(),\":\",c[1],\";\"))});b=b.join(\"\");return b=\";\"==b.charAt(b.length-1)?b:b+\";\"}function U(a,b){P&&\"value\"==b&&T(a,\"OPTION\")&&null===S(a,\"value\")?(b=[],R(a,b,!1),a=b.join(\"\")):a=a[b];return a}\nfunction T(a,b){b&&\"string\"!==typeof b&&(b=b.toString());return a instanceof HTMLFormElement?!!a&&1==a.nodeType&&(!b||\"FORM\"==b):!!a&&1==a.nodeType&&(!b||a.tagName.toUpperCase()==b)}function V(a){return T(a,\"OPTION\")?!0:T(a,\"INPUT\")?(a=a.type.toLowerCase(),\"checkbox\"==a||\"radio\"==a):!1};var fa={\"class\":\"className\",readonly:\"readOnly\"},ha=\"allowfullscreen allowpaymentrequest allowusermedia async autofocus autoplay checked compact complete controls declare default defaultchecked defaultselected defer disabled ended formnovalidate hidden indeterminate iscontenteditable ismap itemscope loop multiple muted nohref nomodule noresize noshade novalidate nowrap open paused playsinline pubdate readonly required reversed scoped seamless seeking selected truespeed typemustmatch willvalidate\".split(\" \");function W(a,b){var c=null,e=b.toLowerCase();if(\"style\"==e)return(c=a.style)&&\"string\"!=typeof c&&(c=c.cssText),c;if((\"selected\"==e||\"checked\"==e)&&V(a)){if(!V(a))throw new l(15,\"Element is not selectable\");b=\"selected\";c=a.type&&a.type.toLowerCase();if(\"checkbox\"==c||\"radio\"==c)b=\"checked\";return U(a,b)?\"true\":null}var g=T(a,\"A\");if(T(a,\"IMG\")&&\"src\"==e||g&&\"href\"==e)return(c=S(a,e))&&(c=U(a,e)),c;if(\"spellcheck\"==e){c=S(a,e);if(null!==c){if(\"false\"==c.toLowerCase())return\"false\";if(\"true\"==c.toLowerCase())return\"true\"}return U(a,\ne)+\"\"}g=fa[b]||b;if(0\u003C=h(ha,e))return(c=null!==S(a,b)||U(a,g))?\"true\":null;try{var x=U(a,g)}catch(ia){}(e=null==x)||(e=typeof x,e=\"object\"==e&&null!=x||\"function\"==e);e?c=S(a,b):c=x;return null!=c?c.toString():null}var X=[\"se_exportedFunctionSymbol\"],Y=d;X[0]in Y||\"undefined\"==typeof Y.execScript||Y.execScript(\"var \"+X[0]);for(var Z;X.length&&(Z=X.shift());)X.length||void 0===W?Y[Z]&&Y[Z]!==Object.prototype[Z]?Y=Y[Z]:Y=Y[Z]={}:Y[Z]=W;; return this.se_exportedFunctionSymbol.apply(null,arguments);}).apply(window, arguments);}\n).apply(null, arguments);"
}
[1769669276.119][INFO]: Waiting for pending navigations...
[1769669276.120][INFO]: Done waiting for pending navigations. Status: ok
[1769669276.122][INFO]: Waiting for pending navigations...
[1769669276.122][INFO]: Done waiting for pending navigations. Status: ok
[1769669276.122][INFO]: [e9bdbd4df8cae9f7a7b05ef895e65b5c] RESPONSE ExecuteScript "https://gg.asuracomic.net/storage/media/405814/conversions/08-optimized.webp"
[1769669276.123][INFO]: [e9bdbd4df8cae9f7a7b05ef895e65b5c] COMMAND ExecuteScript {
   "args": [ {
      "element-6066-11e4-a52e-4f735466cecf": "f.CAA1FE4C08EC3FB8AD3888983C4001B7.d.728B49898D8128A16D8B333025A9BEAB.e.33"
   }, "alt" ],
   "script": "/* getAttribute */return (function(){return (function(){var d=this||self;function f(a,b){function c(){}c.prototype=b.prototype;a.prototype=new c;a.prototype.constructor=a};var h=Array.prototype.indexOf?function(a,b){return Array.prototype.indexOf.call(a,b,void 0)}:function(a,b){if(\"string\"===typeof a)return\"string\"!==typeof b||1!=b.length?-1:a.indexOf(b,0);for(var c=0;c\u003Ca.length;c++)if(c in a&&a[c]===b)return c;return-1},k=Array.prototype.forEach?function(a,b){Array.prototype.forEach.call(a,b,void 0)}:function(a,b){for(var c=a.length,e=\"string\"===typeof a?a.split(\"\"):a,g=0;g\u003Cc;g++)g in e&&b.call(void 0,e[g],g,a)};function l(a,b){this.code=a;this.a=m[a]||n;this.message=b||\"\";a=this.a.replace(/((?:^|\\s+)[a-z])/g,function(c){return c.toUpperCase().replace(/^[\\s\\xa0]+/g,\"\")});b=a.length-5;if(0>b||a.indexOf(\"Error\",b)!=b)a+=\"Error\";this.name=a;a=Error(this.message);a.name=this.name;this.stack=a.stack||\"\"}f(l,Error);var n=\"unknown error\",m={15:\"element not selectable\",11:\"element not visible\"};m[31]=n;m[30]=n;m[24]=\"invalid cookie domain\";m[29]=\"invalid element coordinates\";m[12]=\"invalid element state\";m[32]=\"invalid selector\";\nm[51]=\"invalid selector\";m[52]=\"invalid selector\";m[17]=\"javascript error\";m[405]=\"unsupported operation\";m[34]=\"move target out of bounds\";m[27]=\"no such alert\";m[7]=\"no such element\";m[8]=\"no such frame\";m[23]=\"no such window\";m[28]=\"script timeout\";m[33]=\"session not created\";m[10]=\"stale element reference\";m[21]=\"timeout\";m[25]=\"unable to set cookie\";m[26]=\"unexpected alert open\";m[13]=n;m[9]=\"unknown command\";var p;a:{var q=d.navigator;if(q){var r=q.userAgent;if(r){p=r;break a}}p=\"\"}function t(a){return-1!=p.indexOf(a)};function u(){return t(\"Firefox\")||t(\"FxiOS\")}function v(){return(t(\"Chrome\")||t(\"CriOS\"))&&!t(\"Edge\")};function w(){return t(\"iPhone\")&&!t(\"iPod\")&&!t(\"iPad\")};var y=t(\"Opera\"),z=t(\"Trident\")||t(\"MSIE\"),A=t(\"Edge\"),B=t(\"Gecko\")&&!(-1!=p.toLowerCase().indexOf(\"webkit\")&&!t(\"Edge\"))&&!(t(\"Trident\")||t(\"MSIE\"))&&!t(\"Edge\"),C=-1!=p.toLowerCase().indexOf(\"webkit\")&&!t(\"Edge\");function D(){var a=d.document;return a?a.documentMode:void 0}var E;\na:{var F=\"\",G=function(){var a=p;if(B)return/rv:([^\\);]+)(\\)|;)/.exec(a);if(A)return/Edge\\/([\\d\\.]+)/.exec(a);if(z)return/\\b(?:MSIE|rv)[: ]([^\\);]+)(\\)|;)/.exec(a);if(C)return/WebKit\\/(\\S+)/.exec(a);if(y)return/(?:Version)[ \\/]?(\\S+)/.exec(a)}();G&&(F=G?G[1]:\"\");if(z){var H=D();if(null!=H&&H>parseFloat(F)){E=String(H);break a}}E=F}var I;I=d.document&&z?D():void 0;var J=u(),K=w()||t(\"iPod\"),L=t(\"iPad\"),M=t(\"Android\")&&!(v()||u()||t(\"Opera\")||t(\"Silk\")),N=v(),aa=t(\"Safari\")&&!(v()||t(\"Coast\")||t(\"Opera\")||t(\"Edge\")||t(\"Edg/\")||t(\"OPR\")||u()||t(\"Silk\")||t(\"Android\"))&&!(w()||t(\"iPad\")||t(\"iPod\"));function O(a){return(a=a.exec(p))?a[1]:\"\"}(function(){if(J)return O(/Firefox\\/([0-9.]+)/);if(z||A||y)return E;if(N)return w()||t(\"iPad\")||t(\"iPod\")?O(/CriOS\\/([0-9.]+)/):O(/Chrome\\/([0-9.]+)/);if(aa&&!(w()||t(\"iPad\")||t(\"iPod\")))return O(/Version\\/([0-9.]+)/);if(K||L){var a=/Version\\/(\\S+).*Mobile\\/(\\S+)/.exec(p);if(a)return a[1]+\".\"+a[2]}else if(M)return(a=O(/Android\\s+([0-9.]+)/))?a:O(/Version\\/([0-9.]+)/);return\"\"})();var P=z&&!(8\u003C=Number(I)),ba=z&&!(9\u003C=Number(I));var ca={SCRIPT:1,STYLE:1,HEAD:1,IFRAME:1,OBJECT:1},Q={IMG:\" \",BR:\"\\n\"};function R(a,b,c){if(!(a.nodeName in ca))if(3==a.nodeType)c?b.push(String(a.nodeValue).replace(/(\\r\\n|\\r|\\n)/g,\"\")):b.push(a.nodeValue);else if(a.nodeName in Q)b.push(Q[a.nodeName]);else for(a=a.firstChild;a;)R(a,b,c),a=a.nextSibling};function S(a,b){b=b.toLowerCase();return\"style\"==b?da(a.style.cssText):P&&\"value\"==b&&T(a,\"INPUT\")?a.value:ba&&!0===a[b]?String(a.getAttribute(b)):(a=a.getAttributeNode(b))&&a.specified?a.value:null}var ea=/[;]+(?=(?:(?:[^\"]*\"){2})*[^\"]*$)(?=(?:(?:[^']*'){2})*[^']*$)(?=(?:[^()]*\\([^()]*\\))*[^()]*$)/;\nfunction da(a){var b=[];k(a.split(ea),function(c){var e=c.indexOf(\":\");0\u003Ce&&(c=[c.slice(0,e),c.slice(e+1)],2==c.length&&b.push(c[0].toLowerCase(),\":\",c[1],\";\"))});b=b.join(\"\");return b=\";\"==b.charAt(b.length-1)?b:b+\";\"}function U(a,b){P&&\"value\"==b&&T(a,\"OPTION\")&&null===S(a,\"value\")?(b=[],R(a,b,!1),a=b.join(\"\")):a=a[b];return a}\nfunction T(a,b){b&&\"string\"!==typeof b&&(b=b.toString());return a instanceof HTMLFormElement?!!a&&1==a.nodeType&&(!b||\"FORM\"==b):!!a&&1==a.nodeType&&(!b||a.tagName.toUpperCase()==b)}function V(a){return T(a,\"OPTION\")?!0:T(a,\"INPUT\")?(a=a.type.toLowerCase(),\"checkbox\"==a||\"radio\"==a):!1};var fa={\"class\":\"className\",readonly:\"readOnly\"},ha=\"allowfullscreen allowpaymentrequest allowusermedia async autofocus autoplay checked compact complete controls declare default defaultchecked defaultselected defer disabled ended formnovalidate hidden indeterminate iscontenteditable ismap itemscope loop multiple muted nohref nomodule noresize noshade novalidate nowrap open paused playsinline pubdate readonly required reversed scoped seamless seeking selected truespeed typemustmatch willvalidate\".split(\" \");function W(a,b){var c=null,e=b.toLowerCase();if(\"style\"==e)return(c=a.style)&&\"string\"!=typeof c&&(c=c.cssText),c;if((\"selected\"==e||\"checked\"==e)&&V(a)){if(!V(a))throw new l(15,\"Element is not selectable\");b=\"selected\";c=a.type&&a.type.toLowerCase();if(\"checkbox\"==c||\"radio\"==c)b=\"checked\";return U(a,b)?\"true\":null}var g=T(a,\"A\");if(T(a,\"IMG\")&&\"src\"==e||g&&\"href\"==e)return(c=S(a,e))&&(c=U(a,e)),c;if(\"spellcheck\"==e){c=S(a,e);if(null!==c){if(\"false\"==c.toLowerCase())return\"false\";if(\"true\"==c.toLowerCase())return\"true\"}return U(a,\ne)+\"\"}g=fa[b]||b;if(0\u003C=h(ha,e))return(c=null!==S(a,b)||U(a,g))?\"true\":null;try{var x=U(a,g)}catch(ia){}(e=null==x)||(e=typeof x,e=\"object\"==e&&null!=x||\"function\"==e);e?c=S(a,b):c=x;return null!=c?c.toString():null}var X=[\"se_exportedFunctionSymbol\"],Y=d;X[0]in Y||\"undefined\"==typeof Y.execScript||Y.execScript(\"var \"+X[0]);for(var Z;X.length&&(Z=X.shift());)X.length||void 0===W?Y[Z]&&Y[Z]!==Object.prototype[Z]?Y=Y[Z]:Y=Y[Z]={}:Y[Z]=W;; return this.se_exportedFunctionSymbol.apply(null,arguments);}).apply(window, arguments);}\n).apply(null, arguments);"
}
[1769669276.123][INFO]: Waiting for pending navigations...
[1769669276.123][INFO]: Done waiting for pending navigations. Status: ok
[1769669276.125][INFO]: Waiting for pending navigations...
[1769669276.125][INFO]: Done waiting for pending navigations. Status: ok
[1769669276.125][INFO]: [e9bdbd4df8cae9f7a7b05ef895e65b5c] RESPONSE ExecuteScript "chapter page 10"
[1769669276.126][INFO]: [e9bdbd4df8cae9f7a7b05ef895e65b5c] COMMAND ExecuteScript {
   "args": [ {
      "element-6066-11e4-a52e-4f735466cecf": "f.CAA1FE4C08EC3FB8AD3888983C4001B7.d.728B49898D8128A16D8B333025A9BEAB.e.33"
   }, "currentSrc" ],
   "script": "/* getAttribute */return (function(){return (function(){var d=this||self;function f(a,b){function c(){}c.prototype=b.prototype;a.prototype=new c;a.prototype.constructor=a};var h=Array.prototype.indexOf?function(a,b){return Array.prototype.indexOf.call(a,b,void 0)}:function(a,b){if(\"string\"===typeof a)return\"string\"!==typeof b||1!=b.length?-1:a.indexOf(b,0);for(var c=0;c\u003Ca.length;c++)if(c in a&&a[c]===b)return c;return-1},k=Array.prototype.forEach?function(a,b){Array.prototype.forEach.call(a,b,void 0)}:function(a,b){for(var c=a.length,e=\"string\"===typeof a?a.split(\"\"):a,g=0;g\u003Cc;g++)g in e&&b.call(void 0,e[g],g,a)};function l(a,b){this.code=a;this.a=m[a]||n;this.message=b||\"\";a=this.a.replace(/((?:^|\\s+)[a-z])/g,function(c){return c.toUpperCase().replace(/^[\\s\\xa0]+/g,\"\")});b=a.length-5;if(0>b||a.indexOf(\"Error\",b)!=b)a+=\"Error\";this.name=a;a=Error(this.message);a.name=this.name;this.stack=a.stack||\"\"}f(l,Error);var n=\"unknown error\",m={15:\"element not selectable\",11:\"element not visible\"};m[31]=n;m[30]=n;m[24]=\"invalid cookie domain\";m[29]=\"invalid element coordinates\";m[12]=\"invalid element state\";m[32]=\"invalid selector\";\nm[51]=\"invalid selector\";m[52]=\"invalid selector\";m[17]=\"javascript error\";m[405]=\"unsupported operation\";m[34]=\"move target out of bounds\";m[27]=\"no such alert\";m[7]=\"no such element\";m[8]=\"no such frame\";m[23]=\"no such window\";m[28]=\"script timeout\";m[33]=\"session not created\";m[10]=\"stale element reference\";m[21]=\"timeout\";m[25]=\"unable to set cookie\";m[26]=\"unexpected alert open\";m[13]=n;m[9]=\"unknown command\";var p;a:{var q=d.navigator;if(q){var r=q.userAgent;if(r){p=r;break a}}p=\"\"}function t(a){return-1!=p.indexOf(a)};function u(){return t(\"Firefox\")||t(\"FxiOS\")}function v(){return(t(\"Chrome\")||t(\"CriOS\"))&&!t(\"Edge\")};function w(){return t(\"iPhone\")&&!t(\"iPod\")&&!t(\"iPad\")};var y=t(\"Opera\"),z=t(\"Trident\")||t(\"MSIE\"),A=t(\"Edge\"),B=t(\"Gecko\")&&!(-1!=p.toLowerCase().indexOf(\"webkit\")&&!t(\"Edge\"))&&!(t(\"Trident\")||t(\"MSIE\"))&&!t(\"Edge\"),C=-1!=p.toLowerCase().indexOf(\"webkit\")&&!t(\"Edge\");function D(){var a=d.document;return a?a.documentMode:void 0}var E;\na:{var F=\"\",G=function(){var a=p;if(B)return/rv:([^\\);]+)(\\)|;)/.exec(a);if(A)return/Edge\\/([\\d\\.]+)/.exec(a);if(z)return/\\b(?:MSIE|rv)[: ]([^\\);]+)(\\)|;)/.exec(a);if(C)return/WebKit\\/(\\S+)/.exec(a);if(y)return/(?:Version)[ \\/]?(\\S+)/.exec(a)}();G&&(F=G?G[1]:\"\");if(z){var H=D();if(null!=H&&H>parseFloat(F)){E=String(H);break a}}E=F}var I;I=d.document&&z?D():void 0;var J=u(),K=w()||t(\"iPod\"),L=t(\"iPad\"),M=t(\"Android\")&&!(v()||u()||t(\"Opera\")||t(\"Silk\")),N=v(),aa=t(\"Safari\")&&!(v()||t(\"Coast\")||t(\"Opera\")||t(\"Edge\")||t(\"Edg/\")||t(\"OPR\")||u()||t(\"Silk\")||t(\"Android\"))&&!(w()||t(\"iPad\")||t(\"iPod\"));function O(a){return(a=a.exec(p))?a[1]:\"\"}(function(){if(J)return O(/Firefox\\/([0-9.]+)/);if(z||A||y)return E;if(N)return w()||t(\"iPad\")||t(\"iPod\")?O(/CriOS\\/([0-9.]+)/):O(/Chrome\\/([0-9.]+)/);if(aa&&!(w()||t(\"iPad\")||t(\"iPod\")))return O(/Version\\/([0-9.]+)/);if(K||L){var a=/Version\\/(\\S+).*Mobile\\/(\\S+)/.exec(p);if(a)return a[1]+\".\"+a[2]}else if(M)return(a=O(/Android\\s+([0-9.]+)/))?a:O(/Version\\/([0-9.]+)/);return\"\"})();var P=z&&!(8\u003C=Number(I)),ba=z&&!(9\u003C=Number(I));var ca={SCRIPT:1,STYLE:1,HEAD:1,IFRAME:1,OBJECT:1},Q={IMG:\" \",BR:\"\\n\"};function R(a,b,c){if(!(a.nodeName in ca))if(3==a.nodeType)c?b.push(String(a.nodeValue).replace(/(\\r\\n|\\r|\\n)/g,\"\")):b.push(a.nodeValue);else if(a.nodeName in Q)b.push(Q[a.nodeName]);else for(a=a.firstChild;a;)R(a,b,c),a=a.nextSibling};function S(a,b){b=b.toLowerCase();return\"style\"==b?da(a.style.cssText):P&&\"value\"==b&&T(a,\"INPUT\")?a.value:ba&&!0===a[b]?String(a.getAttribute(b)):(a=a.getAttributeNode(b))&&a.specified?a.value:null}var ea=/[;]+(?=(?:(?:[^\"]*\"){2})*[^\"]*$)(?=(?:(?:[^']*'){2})*[^']*$)(?=(?:[^()]*\\([^()]*\\))*[^()]*$)/;\nfunction da(a){var b=[];k(a.split(ea),function(c){var e=c.indexOf(\":\");0\u003Ce&&(c=[c.slice(0,e),c.slice(e+1)],2==c.length&&b.push(c[0].toLowerCase(),\":\",c[1],\";\"))});b=b.join(\"\");return b=\";\"==b.charAt(b.length-1)?b:b+\";\"}function U(a,b){P&&\"value\"==b&&T(a,\"OPTION\")&&null===S(a,\"value\")?(b=[],R(a,b,!1),a=b.join(\"\")):a=a[b];return a}\nfunction T(a,b){b&&\"string\"!==typeof b&&(b=b.toString());return a instanceof HTMLFormElement?!!a&&1==a.nodeType&&(!b||\"FORM\"==b):!!a&&1==a.nodeType&&(!b||a.tagName.toUpperCase()==b)}function V(a){return T(a,\"OPTION\")?!0:T(a,\"INPUT\")?(a=a.type.toLowerCase(),\"checkbox\"==a||\"radio\"==a):!1};var fa={\"class\":\"className\",readonly:\"readOnly\"},ha=\"allowfullscreen allowpaymentrequest allowusermedia async autofocus autoplay checked compact complete controls declare default defaultchecked defaultselected defer disabled ended formnovalidate hidden indeterminate iscontenteditable ismap itemscope loop multiple muted nohref nomodule noresize noshade novalidate nowrap open paused playsinline pubdate readonly required reversed scoped seamless seeking selected truespeed typemustmatch willvalidate\".split(\" \");function W(a,b){var c=null,e=b.toLowerCase();if(\"style\"==e)return(c=a.style)&&\"string\"!=typeof c&&(c=c.cssText),c;if((\"selected\"==e||\"checked\"==e)&&V(a)){if(!V(a))throw new l(15,\"Element is not selectable\");b=\"selected\";c=a.type&&a.type.toLowerCase();if(\"checkbox\"==c||\"radio\"==c)b=\"checked\";return U(a,b)?\"true\":null}var g=T(a,\"A\");if(T(a,\"IMG\")&&\"src\"==e||g&&\"href\"==e)return(c=S(a,e))&&(c=U(a,e)),c;if(\"spellcheck\"==e){c=S(a,e);if(null!==c){if(\"false\"==c.toLowerCase())return\"false\";if(\"true\"==c.toLowerCase())return\"true\"}return U(a,\ne)+\"\"}g=fa[b]||b;if(0\u003C=h(ha,e))return(c=null!==S(a,b)||U(a,g))?\"true\":null;try{var x=U(a,g)}catch(ia){}(e=null==x)||(e=typeof x,e=\"object\"==e&&null!=x||\"function\"==e);e?c=S(a,b):c=x;return null!=c?c.toString():null}var X=[\"se_exportedFunctionSymbol\"],Y=d;X[0]in Y||\"undefined\"==typeof Y.execScript||Y.execScript(\"var \"+X[0]);for(var Z;X.length&&(Z=X.shift());)X.length||void 0===W?Y[Z]&&Y[Z]!==Object.prototype[Z]?Y=Y[Z]:Y=Y[Z]={}:Y[Z]=W;; return this.se_exportedFunctionSymbol.apply(null,arguments);}).apply(window, arguments);}\n).apply(null, arguments);"
}
[1769669276.126][INFO]: Waiting for pending navigations...
[1769669276.126][INFO]: Done waiting for pending navigations. Status: ok
[1769669276.128][INFO]: Waiting for pending navigations...
[1769669276.128][INFO]: Done waiting for pending navigations. Status: ok
[1769669276.128][INFO]: [e9bdbd4df8cae9f7a7b05ef895e65b5c] RESPONSE ExecuteScript "https://gg.asuracomic.net/storage/media/405815/conversions/09-optimized.webp"
[1769669276.129][INFO]: [e9bdbd4df8cae9f7a7b05ef895e65b5c] COMMAND ExecuteScript {
   "args": [ {
      "element-6066-11e4-a52e-4f735466cecf": "f.CAA1FE4C08EC3FB8AD3888983C4001B7.d.728B49898D8128A16D8B333025A9BEAB.e.34"
   }, "alt" ],
   "script": "/* getAttribute */return (function(){return (function(){var d=this||self;function f(a,b){function c(){}c.prototype=b.prototype;a.prototype=new c;a.prototype.constructor=a};var h=Array.prototype.indexOf?function(a,b){return Array.prototype.indexOf.call(a,b,void 0)}:function(a,b){if(\"string\"===typeof a)return\"string\"!==typeof b||1!=b.length?-1:a.indexOf(b,0);for(var c=0;c\u003Ca.length;c++)if(c in a&&a[c]===b)return c;return-1},k=Array.prototype.forEach?function(a,b){Array.prototype.forEach.call(a,b,void 0)}:function(a,b){for(var c=a.length,e=\"string\"===typeof a?a.split(\"\"):a,g=0;g\u003Cc;g++)g in e&&b.call(void 0,e[g],g,a)};function l(a,b){this.code=a;this.a=m[a]||n;this.message=b||\"\";a=this.a.replace(/((?:^|\\s+)[a-z])/g,function(c){return c.toUpperCase().replace(/^[\\s\\xa0]+/g,\"\")});b=a.length-5;if(0>b||a.indexOf(\"Error\",b)!=b)a+=\"Error\";this.name=a;a=Error(this.message);a.name=this.name;this.stack=a.stack||\"\"}f(l,Error);var n=\"unknown error\",m={15:\"element not selectable\",11:\"element not visible\"};m[31]=n;m[30]=n;m[24]=\"invalid cookie domain\";m[29]=\"invalid element coordinates\";m[12]=\"invalid element state\";m[32]=\"invalid selector\";\nm[51]=\"invalid selector\";m[52]=\"invalid selector\";m[17]=\"javascript error\";m[405]=\"unsupported operation\";m[34]=\"move target out of bounds\";m[27]=\"no such alert\";m[7]=\"no such element\";m[8]=\"no such frame\";m[23]=\"no such window\";m[28]=\"script timeout\";m[33]=\"session not created\";m[10]=\"stale element reference\";m[21]=\"timeout\";m[25]=\"unable to set cookie\";m[26]=\"unexpected alert open\";m[13]=n;m[9]=\"unknown command\";var p;a:{var q=d.navigator;if(q){var r=q.userAgent;if(r){p=r;break a}}p=\"\"}function t(a){return-1!=p.indexOf(a)};function u(){return t(\"Firefox\")||t(\"FxiOS\")}function v(){return(t(\"Chrome\")||t(\"CriOS\"))&&!t(\"Edge\")};function w(){return t(\"iPhone\")&&!t(\"iPod\")&&!t(\"iPad\")};var y=t(\"Opera\"),z=t(\"Trident\")||t(\"MSIE\"),A=t(\"Edge\"),B=t(\"Gecko\")&&!(-1!=p.toLowerCase().indexOf(\"webkit\")&&!t(\"Edge\"))&&!(t(\"Trident\")||t(\"MSIE\"))&&!t(\"Edge\"),C=-1!=p.toLowerCase().indexOf(\"webkit\")&&!t(\"Edge\");function D(){var a=d.document;return a?a.documentMode:void 0}var E;\na:{var F=\"\",G=function(){var a=p;if(B)return/rv:([^\\);]+)(\\)|;)/.exec(a);if(A)return/Edge\\/([\\d\\.]+)/.exec(a);if(z)return/\\b(?:MSIE|rv)[: ]([^\\);]+)(\\)|;)/.exec(a);if(C)return/WebKit\\/(\\S+)/.exec(a);if(y)return/(?:Version)[ \\/]?(\\S+)/.exec(a)}();G&&(F=G?G[1]:\"\");if(z){var H=D();if(null!=H&&H>parseFloat(F)){E=String(H);break a}}E=F}var I;I=d.document&&z?D():void 0;var J=u(),K=w()||t(\"iPod\"),L=t(\"iPad\"),M=t(\"Android\")&&!(v()||u()||t(\"Opera\")||t(\"Silk\")),N=v(),aa=t(\"Safari\")&&!(v()||t(\"Coast\")||t(\"Opera\")||t(\"Edge\")||t(\"Edg/\")||t(\"OPR\")||u()||t(\"Silk\")||t(\"Android\"))&&!(w()||t(\"iPad\")||t(\"iPod\"));function O(a){return(a=a.exec(p))?a[1]:\"\"}(function(){if(J)return O(/Firefox\\/([0-9.]+)/);if(z||A||y)return E;if(N)return w()||t(\"iPad\")||t(\"iPod\")?O(/CriOS\\/([0-9.]+)/):O(/Chrome\\/([0-9.]+)/);if(aa&&!(w()||t(\"iPad\")||t(\"iPod\")))return O(/Version\\/([0-9.]+)/);if(K||L){var a=/Version\\/(\\S+).*Mobile\\/(\\S+)/.exec(p);if(a)return a[1]+\".\"+a[2]}else if(M)return(a=O(/Android\\s+([0-9.]+)/))?a:O(/Version\\/([0-9.]+)/);return\"\"})();var P=z&&!(8\u003C=Number(I)),ba=z&&!(9\u003C=Number(I));var ca={SCRIPT:1,STYLE:1,HEAD:1,IFRAME:1,OBJECT:1},Q={IMG:\" \",BR:\"\\n\"};function R(a,b,c){if(!(a.nodeName in ca))if(3==a.nodeType)c?b.push(String(a.nodeValue).replace(/(\\r\\n|\\r|\\n)/g,\"\")):b.push(a.nodeValue);else if(a.nodeName in Q)b.push(Q[a.nodeName]);else for(a=a.firstChild;a;)R(a,b,c),a=a.nextSibling};function S(a,b){b=b.toLowerCase();return\"style\"==b?da(a.style.cssText):P&&\"value\"==b&&T(a,\"INPUT\")?a.value:ba&&!0===a[b]?String(a.getAttribute(b)):(a=a.getAttributeNode(b))&&a.specified?a.value:null}var ea=/[;]+(?=(?:(?:[^\"]*\"){2})*[^\"]*$)(?=(?:(?:[^']*'){2})*[^']*$)(?=(?:[^()]*\\([^()]*\\))*[^()]*$)/;\nfunction da(a){var b=[];k(a.split(ea),function(c){var e=c.indexOf(\":\");0\u003Ce&&(c=[c.slice(0,e),c.slice(e+1)],2==c.length&&b.push(c[0].toLowerCase(),\":\",c[1],\";\"))});b=b.join(\"\");return b=\";\"==b.charAt(b.length-1)?b:b+\";\"}function U(a,b){P&&\"value\"==b&&T(a,\"OPTION\")&&null===S(a,\"value\")?(b=[],R(a,b,!1),a=b.join(\"\")):a=a[b];return a}\nfunction T(a,b){b&&\"string\"!==typeof b&&(b=b.toString());return a instanceof HTMLFormElement?!!a&&1==a.nodeType&&(!b||\"FORM\"==b):!!a&&1==a.nodeType&&(!b||a.tagName.toUpperCase()==b)}function V(a){return T(a,\"OPTION\")?!0:T(a,\"INPUT\")?(a=a.type.toLowerCase(),\"checkbox\"==a||\"radio\"==a):!1};var fa={\"class\":\"className\",readonly:\"readOnly\"},ha=\"allowfullscreen allowpaymentrequest allowusermedia async autofocus autoplay checked compact complete controls declare default defaultchecked defaultselected defer disabled ended formnovalidate hidden indeterminate iscontenteditable ismap itemscope loop multiple muted nohref nomodule noresize noshade novalidate nowrap open paused playsinline pubdate readonly required reversed scoped seamless seeking selected truespeed typemustmatch willvalidate\".split(\" \");function W(a,b){var c=null,e=b.toLowerCase();if(\"style\"==e)return(c=a.style)&&\"string\"!=typeof c&&(c=c.cssText),c;if((\"selected\"==e||\"checked\"==e)&&V(a)){if(!V(a))throw new l(15,\"Element is not selectable\");b=\"selected\";c=a.type&&a.type.toLowerCase();if(\"checkbox\"==c||\"radio\"==c)b=\"checked\";return U(a,b)?\"true\":null}var g=T(a,\"A\");if(T(a,\"IMG\")&&\"src\"==e||g&&\"href\"==e)return(c=S(a,e))&&(c=U(a,e)),c;if(\"spellcheck\"==e){c=S(a,e);if(null!==c){if(\"false\"==c.toLowerCase())return\"false\";if(\"true\"==c.toLowerCase())return\"true\"}return U(a,\ne)+\"\"}g=fa[b]||b;if(0\u003C=h(ha,e))return(c=null!==S(a,b)||U(a,g))?\"true\":null;try{var x=U(a,g)}catch(ia){}(e=null==x)||(e=typeof x,e=\"object\"==e&&null!=x||\"function\"==e);e?c=S(a,b):c=x;return null!=c?c.toString():null}var X=[\"se_exportedFunctionSymbol\"],Y=d;X[0]in Y||\"undefined\"==typeof Y.execScript||Y.execScript(\"var \"+X[0]);for(var Z;X.length&&(Z=X.shift());)X.length||void 0===W?Y[Z]&&Y[Z]!==Object.prototype[Z]?Y=Y[Z]:Y=Y[Z]={}:Y[Z]=W;; return this.se_exportedFunctionSymbol.apply(null,arguments);}).apply(window, arguments);}\n).apply(null, arguments);"
}
[1769669276.129][INFO]: Waiting for pending navigations...
[1769669276.130][INFO]: Done waiting for pending navigations. Status: ok
[1769669276.131][INFO]: Waiting for pending navigations...
[1769669276.132][INFO]: Done waiting for pending navigations. Status: ok
[1769669276.132][INFO]: [e9bdbd4df8cae9f7a7b05ef895e65b5c] RESPONSE ExecuteScript "chapter page 11"
[1769669276.133][INFO]: [e9bdbd4df8cae9f7a7b05ef895e65b5c] COMMAND ExecuteScript {
   "args": [ {
      "element-6066-11e4-a52e-4f735466cecf": "f.CAA1FE4C08EC3FB8AD3888983C4001B7.d.728B49898D8128A16D8B333025A9BEAB.e.34"
   }, "currentSrc" ],
   "script": "/* getAttribute */return (function(){return (function(){var d=this||self;function f(a,b){function c(){}c.prototype=b.prototype;a.prototype=new c;a.prototype.constructor=a};var h=Array.prototype.indexOf?function(a,b){return Array.prototype.indexOf.call(a,b,void 0)}:function(a,b){if(\"string\"===typeof a)return\"string\"!==typeof b||1!=b.length?-1:a.indexOf(b,0);for(var c=0;c\u003Ca.length;c++)if(c in a&&a[c]===b)return c;return-1},k=Array.prototype.forEach?function(a,b){Array.prototype.forEach.call(a,b,void 0)}:function(a,b){for(var c=a.length,e=\"string\"===typeof a?a.split(\"\"):a,g=0;g\u003Cc;g++)g in e&&b.call(void 0,e[g],g,a)};function l(a,b){this.code=a;this.a=m[a]||n;this.message=b||\"\";a=this.a.replace(/((?:^|\\s+)[a-z])/g,function(c){return c.toUpperCase().replace(/^[\\s\\xa0]+/g,\"\")});b=a.length-5;if(0>b||a.indexOf(\"Error\",b)!=b)a+=\"Error\";this.name=a;a=Error(this.message);a.name=this.name;this.stack=a.stack||\"\"}f(l,Error);var n=\"unknown error\",m={15:\"element not selectable\",11:\"element not visible\"};m[31]=n;m[30]=n;m[24]=\"invalid cookie domain\";m[29]=\"invalid element coordinates\";m[12]=\"invalid element state\";m[32]=\"invalid selector\";\nm[51]=\"invalid selector\";m[52]=\"invalid selector\";m[17]=\"javascript error\";m[405]=\"unsupported operation\";m[34]=\"move target out of bounds\";m[27]=\"no such alert\";m[7]=\"no such element\";m[8]=\"no such frame\";m[23]=\"no such window\";m[28]=\"script timeout\";m[33]=\"session not created\";m[10]=\"stale element reference\";m[21]=\"timeout\";m[25]=\"unable to set cookie\";m[26]=\"unexpected alert open\";m[13]=n;m[9]=\"unknown command\";var p;a:{var q=d.navigator;if(q){var r=q.userAgent;if(r){p=r;break a}}p=\"\"}function t(a){return-1!=p.indexOf(a)};function u(){return t(\"Firefox\")||t(\"FxiOS\")}function v(){return(t(\"Chrome\")||t(\"CriOS\"))&&!t(\"Edge\")};function w(){return t(\"iPhone\")&&!t(\"iPod\")&&!t(\"iPad\")};var y=t(\"Opera\"),z=t(\"Trident\")||t(\"MSIE\"),A=t(\"Edge\"),B=t(\"Gecko\")&&!(-1!=p.toLowerCase().indexOf(\"webkit\")&&!t(\"Edge\"))&&!(t(\"Trident\")||t(\"MSIE\"))&&!t(\"Edge\"),C=-1!=p.toLowerCase().indexOf(\"webkit\")&&!t(\"Edge\");function D(){var a=d.document;return a?a.documentMode:void 0}var E;\na:{var F=\"\",G=function(){var a=p;if(B)return/rv:([^\\);]+)(\\)|;)/.exec(a);if(A)return/Edge\\/([\\d\\.]+)/.exec(a);if(z)return/\\b(?:MSIE|rv)[: ]([^\\);]+)(\\)|;)/.exec(a);if(C)return/WebKit\\/(\\S+)/.exec(a);if(y)return/(?:Version)[ \\/]?(\\S+)/.exec(a)}();G&&(F=G?G[1]:\"\");if(z){var H=D();if(null!=H&&H>parseFloat(F)){E=String(H);break a}}E=F}var I;I=d.document&&z?D():void 0;var J=u(),K=w()||t(\"iPod\"),L=t(\"iPad\"),M=t(\"Android\")&&!(v()||u()||t(\"Opera\")||t(\"Silk\")),N=v(),aa=t(\"Safari\")&&!(v()||t(\"Coast\")||t(\"Opera\")||t(\"Edge\")||t(\"Edg/\")||t(\"OPR\")||u()||t(\"Silk\")||t(\"Android\"))&&!(w()||t(\"iPad\")||t(\"iPod\"));function O(a){return(a=a.exec(p))?a[1]:\"\"}(function(){if(J)return O(/Firefox\\/([0-9.]+)/);if(z||A||y)return E;if(N)return w()||t(\"iPad\")||t(\"iPod\")?O(/CriOS\\/([0-9.]+)/):O(/Chrome\\/([0-9.]+)/);if(aa&&!(w()||t(\"iPad\")||t(\"iPod\")))return O(/Version\\/([0-9.]+)/);if(K||L){var a=/Version\\/(\\S+).*Mobile\\/(\\S+)/.exec(p);if(a)return a[1]+\".\"+a[2]}else if(M)return(a=O(/Android\\s+([0-9.]+)/))?a:O(/Version\\/([0-9.]+)/);return\"\"})();var P=z&&!(8\u003C=Number(I)),ba=z&&!(9\u003C=Number(I));var ca={SCRIPT:1,STYLE:1,HEAD:1,IFRAME:1,OBJECT:1},Q={IMG:\" \",BR:\"\\n\"};function R(a,b,c){if(!(a.nodeName in ca))if(3==a.nodeType)c?b.push(String(a.nodeValue).replace(/(\\r\\n|\\r|\\n)/g,\"\")):b.push(a.nodeValue);else if(a.nodeName in Q)b.push(Q[a.nodeName]);else for(a=a.firstChild;a;)R(a,b,c),a=a.nextSibling};function S(a,b){b=b.toLowerCase();return\"style\"==b?da(a.style.cssText):P&&\"value\"==b&&T(a,\"INPUT\")?a.value:ba&&!0===a[b]?String(a.getAttribute(b)):(a=a.getAttributeNode(b))&&a.specified?a.value:null}var ea=/[;]+(?=(?:(?:[^\"]*\"){2})*[^\"]*$)(?=(?:(?:[^']*'){2})*[^']*$)(?=(?:[^()]*\\([^()]*\\))*[^()]*$)/;\nfunction da(a){var b=[];k(a.split(ea),function(c){var e=c.indexOf(\":\");0\u003Ce&&(c=[c.slice(0,e),c.slice(e+1)],2==c.length&&b.push(c[0].toLowerCase(),\":\",c[1],\";\"))});b=b.join(\"\");return b=\";\"==b.charAt(b.length-1)?b:b+\";\"}function U(a,b){P&&\"value\"==b&&T(a,\"OPTION\")&&null===S(a,\"value\")?(b=[],R(a,b,!1),a=b.join(\"\")):a=a[b];return a}\nfunction T(a,b){b&&\"string\"!==typeof b&&(b=b.toString());return a instanceof HTMLFormElement?!!a&&1==a.nodeType&&(!b||\"FORM\"==b):!!a&&1==a.nodeType&&(!b||a.tagName.toUpperCase()==b)}function V(a){return T(a,\"OPTION\")?!0:T(a,\"INPUT\")?(a=a.type.toLowerCase(),\"checkbox\"==a||\"radio\"==a):!1};var fa={\"class\":\"className\",readonly:\"readOnly\"},ha=\"allowfullscreen allowpaymentrequest allowusermedia async autofocus autoplay checked compact complete controls declare default defaultchecked defaultselected defer disabled ended formnovalidate hidden indeterminate iscontenteditable ismap itemscope loop multiple muted nohref nomodule noresize noshade novalidate nowrap open paused playsinline pubdate readonly required reversed scoped seamless seeking selected truespeed typemustmatch willvalidate\".split(\" \");function W(a,b){var c=null,e=b.toLowerCase();if(\"style\"==e)return(c=a.style)&&\"string\"!=typeof c&&(c=c.cssText),c;if((\"selected\"==e||\"checked\"==e)&&V(a)){if(!V(a))throw new l(15,\"Element is not selectable\");b=\"selected\";c=a.type&&a.type.toLowerCase();if(\"checkbox\"==c||\"radio\"==c)b=\"checked\";return U(a,b)?\"true\":null}var g=T(a,\"A\");if(T(a,\"IMG\")&&\"src\"==e||g&&\"href\"==e)return(c=S(a,e))&&(c=U(a,e)),c;if(\"spellcheck\"==e){c=S(a,e);if(null!==c){if(\"false\"==c.toLowerCase())return\"false\";if(\"true\"==c.toLowerCase())return\"true\"}return U(a,\ne)+\"\"}g=fa[b]||b;if(0\u003C=h(ha,e))return(c=null!==S(a,b)||U(a,g))?\"true\":null;try{var x=U(a,g)}catch(ia){}(e=null==x)||(e=typeof x,e=\"object\"==e&&null!=x||\"function\"==e);e?c=S(a,b):c=x;return null!=c?c.toString():null}var X=[\"se_exportedFunctionSymbol\"],Y=d;X[0]in Y||\"undefined\"==typeof Y.execScript||Y.execScript(\"var \"+X[0]);for(var Z;X.length&&(Z=X.shift());)X.length||void 0===W?Y[Z]&&Y[Z]!==Object.prototype[Z]?Y=Y[Z]:Y=Y[Z]={}:Y[Z]=W;; return this.se_exportedFunctionSymbol.apply(null,arguments);}).apply(window, arguments);}\n).apply(null, arguments);"
}
[1769669276.133][INFO]: Waiting for pending navigations...
[1769669276.133][INFO]: Done waiting for pending navigations. Status: ok
[1769669276.135][INFO]: Waiting for pending navigations...
[1769669276.135][INFO]: Done waiting for pending navigations. Status: ok
[1769669276.135][INFO]: [e9bdbd4df8cae9f7a7b05ef895e65b5c] RESPONSE ExecuteScript "https://gg.asuracomic.net/storage/media/405816/conversions/10-optimized.webp"
[1769669276.136][INFO]: [e9bdbd4df8cae9f7a7b05ef895e65b5c] COMMAND ExecuteScript {
   "args": [ {
      "element-6066-11e4-a52e-4f735466cecf": "f.CAA1FE4C08EC3FB8AD3888983C4001B7.d.728B49898D8128A16D8B333025A9BEAB.e.35"
   }, "alt" ],
   "script": "/* getAttribute */return (function(){return (function(){var d=this||self;function f(a,b){function c(){}c.prototype=b.prototype;a.prototype=new c;a.prototype.constructor=a};var h=Array.prototype.indexOf?function(a,b){return Array.prototype.indexOf.call(a,b,void 0)}:function(a,b){if(\"string\"===typeof a)return\"string\"!==typeof b||1!=b.length?-1:a.indexOf(b,0);for(var c=0;c\u003Ca.length;c++)if(c in a&&a[c]===b)return c;return-1},k=Array.prototype.forEach?function(a,b){Array.prototype.forEach.call(a,b,void 0)}:function(a,b){for(var c=a.length,e=\"string\"===typeof a?a.split(\"\"):a,g=0;g\u003Cc;g++)g in e&&b.call(void 0,e[g],g,a)};function l(a,b){this.code=a;this.a=m[a]||n;this.message=b||\"\";a=this.a.replace(/((?:^|\\s+)[a-z])/g,function(c){return c.toUpperCase().replace(/^[\\s\\xa0]+/g,\"\")});b=a.length-5;if(0>b||a.indexOf(\"Error\",b)!=b)a+=\"Error\";this.name=a;a=Error(this.message);a.name=this.name;this.stack=a.stack||\"\"}f(l,Error);var n=\"unknown error\",m={15:\"element not selectable\",11:\"element not visible\"};m[31]=n;m[30]=n;m[24]=\"invalid cookie domain\";m[29]=\"invalid element coordinates\";m[12]=\"invalid element state\";m[32]=\"invalid selector\";\nm[51]=\"invalid selector\";m[52]=\"invalid selector\";m[17]=\"javascript error\";m[405]=\"unsupported operation\";m[34]=\"move target out of bounds\";m[27]=\"no such alert\";m[7]=\"no such element\";m[8]=\"no such frame\";m[23]=\"no such window\";m[28]=\"script timeout\";m[33]=\"session not created\";m[10]=\"stale element reference\";m[21]=\"timeout\";m[25]=\"unable to set cookie\";m[26]=\"unexpected alert open\";m[13]=n;m[9]=\"unknown command\";var p;a:{var q=d.navigator;if(q){var r=q.userAgent;if(r){p=r;break a}}p=\"\"}function t(a){return-1!=p.indexOf(a)};function u(){return t(\"Firefox\")||t(\"FxiOS\")}function v(){return(t(\"Chrome\")||t(\"CriOS\"))&&!t(\"Edge\")};function w(){return t(\"iPhone\")&&!t(\"iPod\")&&!t(\"iPad\")};var y=t(\"Opera\"),z=t(\"Trident\")||t(\"MSIE\"),A=t(\"Edge\"),B=t(\"Gecko\")&&!(-1!=p.toLowerCase().indexOf(\"webkit\")&&!t(\"Edge\"))&&!(t(\"Trident\")||t(\"MSIE\"))&&!t(\"Edge\"),C=-1!=p.toLowerCase().indexOf(\"webkit\")&&!t(\"Edge\");function D(){var a=d.document;return a?a.documentMode:void 0}var E;\na:{var F=\"\",G=function(){var a=p;if(B)return/rv:([^\\);]+)(\\)|;)/.exec(a);if(A)return/Edge\\/([\\d\\.]+)/.exec(a);if(z)return/\\b(?:MSIE|rv)[: ]([^\\);]+)(\\)|;)/.exec(a);if(C)return/WebKit\\/(\\S+)/.exec(a);if(y)return/(?:Version)[ \\/]?(\\S+)/.exec(a)}();G&&(F=G?G[1]:\"\");if(z){var H=D();if(null!=H&&H>parseFloat(F)){E=String(H);break a}}E=F}var I;I=d.document&&z?D():void 0;var J=u(),K=w()||t(\"iPod\"),L=t(\"iPad\"),M=t(\"Android\")&&!(v()||u()||t(\"Opera\")||t(\"Silk\")),N=v(),aa=t(\"Safari\")&&!(v()||t(\"Coast\")||t(\"Opera\")||t(\"Edge\")||t(\"Edg/\")||t(\"OPR\")||u()||t(\"Silk\")||t(\"Android\"))&&!(w()||t(\"iPad\")||t(\"iPod\"));function O(a){return(a=a.exec(p))?a[1]:\"\"}(function(){if(J)return O(/Firefox\\/([0-9.]+)/);if(z||A||y)return E;if(N)return w()||t(\"iPad\")||t(\"iPod\")?O(/CriOS\\/([0-9.]+)/):O(/Chrome\\/([0-9.]+)/);if(aa&&!(w()||t(\"iPad\")||t(\"iPod\")))return O(/Version\\/([0-9.]+)/);if(K||L){var a=/Version\\/(\\S+).*Mobile\\/(\\S+)/.exec(p);if(a)return a[1]+\".\"+a[2]}else if(M)return(a=O(/Android\\s+([0-9.]+)/))?a:O(/Version\\/([0-9.]+)/);return\"\"})();var P=z&&!(8\u003C=Number(I)),ba=z&&!(9\u003C=Number(I));var ca={SCRIPT:1,STYLE:1,HEAD:1,IFRAME:1,OBJECT:1},Q={IMG:\" \",BR:\"\\n\"};function R(a,b,c){if(!(a.nodeName in ca))if(3==a.nodeType)c?b.push(String(a.nodeValue).replace(/(\\r\\n|\\r|\\n)/g,\"\")):b.push(a.nodeValue);else if(a.nodeName in Q)b.push(Q[a.nodeName]);else for(a=a.firstChild;a;)R(a,b,c),a=a.nextSibling};function S(a,b){b=b.toLowerCase();return\"style\"==b?da(a.style.cssText):P&&\"value\"==b&&T(a,\"INPUT\")?a.value:ba&&!0===a[b]?String(a.getAttribute(b)):(a=a.getAttributeNode(b))&&a.specified?a.value:null}var ea=/[;]+(?=(?:(?:[^\"]*\"){2})*[^\"]*$)(?=(?:(?:[^']*'){2})*[^']*$)(?=(?:[^()]*\\([^()]*\\))*[^()]*$)/;\nfunction da(a){var b=[];k(a.split(ea),function(c){var e=c.indexOf(\":\");0\u003Ce&&(c=[c.slice(0,e),c.slice(e+1)],2==c.length&&b.push(c[0].toLowerCase(),\":\",c[1],\";\"))});b=b.join(\"\");return b=\";\"==b.charAt(b.length-1)?b:b+\";\"}function U(a,b){P&&\"value\"==b&&T(a,\"OPTION\")&&null===S(a,\"value\")?(b=[],R(a,b,!1),a=b.join(\"\")):a=a[b];return a}\nfunction T(a,b){b&&\"string\"!==typeof b&&(b=b.toString());return a instanceof HTMLFormElement?!!a&&1==a.nodeType&&(!b||\"FORM\"==b):!!a&&1==a.nodeType&&(!b||a.tagName.toUpperCase()==b)}function V(a){return T(a,\"OPTION\")?!0:T(a,\"INPUT\")?(a=a.type.toLowerCase(),\"checkbox\"==a||\"radio\"==a):!1};var fa={\"class\":\"className\",readonly:\"readOnly\"},ha=\"allowfullscreen allowpaymentrequest allowusermedia async autofocus autoplay checked compact complete controls declare default defaultchecked defaultselected defer disabled ended formnovalidate hidden indeterminate iscontenteditable ismap itemscope loop multiple muted nohref nomodule noresize noshade novalidate nowrap open paused playsinline pubdate readonly required reversed scoped seamless seeking selected truespeed typemustmatch willvalidate\".split(\" \");function W(a,b){var c=null,e=b.toLowerCase();if(\"style\"==e)return(c=a.style)&&\"string\"!=typeof c&&(c=c.cssText),c;if((\"selected\"==e||\"checked\"==e)&&V(a)){if(!V(a))throw new l(15,\"Element is not selectable\");b=\"selected\";c=a.type&&a.type.toLowerCase();if(\"checkbox\"==c||\"radio\"==c)b=\"checked\";return U(a,b)?\"true\":null}var g=T(a,\"A\");if(T(a,\"IMG\")&&\"src\"==e||g&&\"href\"==e)return(c=S(a,e))&&(c=U(a,e)),c;if(\"spellcheck\"==e){c=S(a,e);if(null!==c){if(\"false\"==c.toLowerCase())return\"false\";if(\"true\"==c.toLowerCase())return\"true\"}return U(a,\ne)+\"\"}g=fa[b]||b;if(0\u003C=h(ha,e))return(c=null!==S(a,b)||U(a,g))?\"true\":null;try{var x=U(a,g)}catch(ia){}(e=null==x)||(e=typeof x,e=\"object\"==e&&null!=x||\"function\"==e);e?c=S(a,b):c=x;return null!=c?c.toString():null}var X=[\"se_exportedFunctionSymbol\"],Y=d;X[0]in Y||\"undefined\"==typeof Y.execScript||Y.execScript(\"var \"+X[0]);for(var Z;X.length&&(Z=X.shift());)X.length||void 0===W?Y[Z]&&Y[Z]!==Object.prototype[Z]?Y=Y[Z]:Y=Y[Z]={}:Y[Z]=W;; return this.se_exportedFunctionSymbol.apply(null,arguments);}).apply(window, arguments);}\n).apply(null, arguments);"
}
[1769669276.136][INFO]: Waiting for pending navigations...
[1769669276.136][INFO]: Done waiting for pending navigations. Status: ok
[1769669276.137][INFO]: Waiting for pending navigations...
[1769669276.138][INFO]: Done waiting for pending navigations. Status: ok
[1769669276.138][INFO]: [e9bdbd4df8cae9f7a7b05ef895e65b5c] RESPONSE ExecuteScript "chapter page 12"
[1769669276.138][INFO]: [e9bdbd4df8cae9f7a7b05ef895e65b5c] COMMAND ExecuteScript {
   "args": [ {
      "element-6066-11e4-a52e-4f735466cecf": "f.CAA1FE4C08EC3FB8AD3888983C4001B7.d.728B49898D8128A16D8B333025A9BEAB.e.35"
   }, "currentSrc" ],
   "script": "/* getAttribute */return (function(){return (function(){var d=this||self;function f(a,b){function c(){}c.prototype=b.prototype;a.prototype=new c;a.prototype.constructor=a};var h=Array.prototype.indexOf?function(a,b){return Array.prototype.indexOf.call(a,b,void 0)}:function(a,b){if(\"string\"===typeof a)return\"string\"!==typeof b||1!=b.length?-1:a.indexOf(b,0);for(var c=0;c\u003Ca.length;c++)if(c in a&&a[c]===b)return c;return-1},k=Array.prototype.forEach?function(a,b){Array.prototype.forEach.call(a,b,void 0)}:function(a,b){for(var c=a.length,e=\"string\"===typeof a?a.split(\"\"):a,g=0;g\u003Cc;g++)g in e&&b.call(void 0,e[g],g,a)};function l(a,b){this.code=a;this.a=m[a]||n;this.message=b||\"\";a=this.a.replace(/((?:^|\\s+)[a-z])/g,function(c){return c.toUpperCase().replace(/^[\\s\\xa0]+/g,\"\")});b=a.length-5;if(0>b||a.indexOf(\"Error\",b)!=b)a+=\"Error\";this.name=a;a=Error(this.message);a.name=this.name;this.stack=a.stack||\"\"}f(l,Error);var n=\"unknown error\",m={15:\"element not selectable\",11:\"element not visible\"};m[31]=n;m[30]=n;m[24]=\"invalid cookie domain\";m[29]=\"invalid element coordinates\";m[12]=\"invalid element state\";m[32]=\"invalid selector\";\nm[51]=\"invalid selector\";m[52]=\"invalid selector\";m[17]=\"javascript error\";m[405]=\"unsupported operation\";m[34]=\"move target out of bounds\";m[27]=\"no such alert\";m[7]=\"no such element\";m[8]=\"no such frame\";m[23]=\"no such window\";m[28]=\"script timeout\";m[33]=\"session not created\";m[10]=\"stale element reference\";m[21]=\"timeout\";m[25]=\"unable to set cookie\";m[26]=\"unexpected alert open\";m[13]=n;m[9]=\"unknown command\";var p;a:{var q=d.navigator;if(q){var r=q.userAgent;if(r){p=r;break a}}p=\"\"}function t(a){return-1!=p.indexOf(a)};function u(){return t(\"Firefox\")||t(\"FxiOS\")}function v(){return(t(\"Chrome\")||t(\"CriOS\"))&&!t(\"Edge\")};function w(){return t(\"iPhone\")&&!t(\"iPod\")&&!t(\"iPad\")};var y=t(\"Opera\"),z=t(\"Trident\")||t(\"MSIE\"),A=t(\"Edge\"),B=t(\"Gecko\")&&!(-1!=p.toLowerCase().indexOf(\"webkit\")&&!t(\"Edge\"))&&!(t(\"Trident\")||t(\"MSIE\"))&&!t(\"Edge\"),C=-1!=p.toLowerCase().indexOf(\"webkit\")&&!t(\"Edge\");function D(){var a=d.document;return a?a.documentMode:void 0}var E;\na:{var F=\"\",G=function(){var a=p;if(B)return/rv:([^\\);]+)(\\)|;)/.exec(a);if(A)return/Edge\\/([\\d\\.]+)/.exec(a);if(z)return/\\b(?:MSIE|rv)[: ]([^\\);]+)(\\)|;)/.exec(a);if(C)return/WebKit\\/(\\S+)/.exec(a);if(y)return/(?:Version)[ \\/]?(\\S+)/.exec(a)}();G&&(F=G?G[1]:\"\");if(z){var H=D();if(null!=H&&H>parseFloat(F)){E=String(H);break a}}E=F}var I;I=d.document&&z?D():void 0;var J=u(),K=w()||t(\"iPod\"),L=t(\"iPad\"),M=t(\"Android\")&&!(v()||u()||t(\"Opera\")||t(\"Silk\")),N=v(),aa=t(\"Safari\")&&!(v()||t(\"Coast\")||t(\"Opera\")||t(\"Edge\")||t(\"Edg/\")||t(\"OPR\")||u()||t(\"Silk\")||t(\"Android\"))&&!(w()||t(\"iPad\")||t(\"iPod\"));function O(a){return(a=a.exec(p))?a[1]:\"\"}(function(){if(J)return O(/Firefox\\/([0-9.]+)/);if(z||A||y)return E;if(N)return w()||t(\"iPad\")||t(\"iPod\")?O(/CriOS\\/([0-9.]+)/):O(/Chrome\\/([0-9.]+)/);if(aa&&!(w()||t(\"iPad\")||t(\"iPod\")))return O(/Version\\/([0-9.]+)/);if(K||L){var a=/Version\\/(\\S+).*Mobile\\/(\\S+)/.exec(p);if(a)return a[1]+\".\"+a[2]}else if(M)return(a=O(/Android\\s+([0-9.]+)/))?a:O(/Version\\/([0-9.]+)/);return\"\"})();var P=z&&!(8\u003C=Number(I)),ba=z&&!(9\u003C=Number(I));var ca={SCRIPT:1,STYLE:1,HEAD:1,IFRAME:1,OBJECT:1},Q={IMG:\" \",BR:\"\\n\"};function R(a,b,c){if(!(a.nodeName in ca))if(3==a.nodeType)c?b.push(String(a.nodeValue).replace(/(\\r\\n|\\r|\\n)/g,\"\")):b.push(a.nodeValue);else if(a.nodeName in Q)b.push(Q[a.nodeName]);else for(a=a.firstChild;a;)R(a,b,c),a=a.nextSibling};function S(a,b){b=b.toLowerCase();return\"style\"==b?da(a.style.cssText):P&&\"value\"==b&&T(a,\"INPUT\")?a.value:ba&&!0===a[b]?String(a.getAttribute(b)):(a=a.getAttributeNode(b))&&a.specified?a.value:null}var ea=/[;]+(?=(?:(?:[^\"]*\"){2})*[^\"]*$)(?=(?:(?:[^']*'){2})*[^']*$)(?=(?:[^()]*\\([^()]*\\))*[^()]*$)/;\nfunction da(a){var b=[];k(a.split(ea),function(c){var e=c.indexOf(\":\");0\u003Ce&&(c=[c.slice(0,e),c.slice(e+1)],2==c.length&&b.push(c[0].toLowerCase(),\":\",c[1],\";\"))});b=b.join(\"\");return b=\";\"==b.charAt(b.length-1)?b:b+\";\"}function U(a,b){P&&\"value\"==b&&T(a,\"OPTION\")&&null===S(a,\"value\")?(b=[],R(a,b,!1),a=b.join(\"\")):a=a[b];return a}\nfunction T(a,b){b&&\"string\"!==typeof b&&(b=b.toString());return a instanceof HTMLFormElement?!!a&&1==a.nodeType&&(!b||\"FORM\"==b):!!a&&1==a.nodeType&&(!b||a.tagName.toUpperCase()==b)}function V(a){return T(a,\"OPTION\")?!0:T(a,\"INPUT\")?(a=a.type.toLowerCase(),\"checkbox\"==a||\"radio\"==a):!1};var fa={\"class\":\"className\",readonly:\"readOnly\"},ha=\"allowfullscreen allowpaymentrequest allowusermedia async autofocus autoplay checked compact complete controls declare default defaultchecked defaultselected defer disabled ended formnovalidate hidden indeterminate iscontenteditable ismap itemscope loop multiple muted nohref nomodule noresize noshade novalidate nowrap open paused playsinline pubdate readonly required reversed scoped seamless seeking selected truespeed typemustmatch willvalidate\".split(\" \");function W(a,b){var c=null,e=b.toLowerCase();if(\"style\"==e)return(c=a.style)&&\"string\"!=typeof c&&(c=c.cssText),c;if((\"selected\"==e||\"checked\"==e)&&V(a)){if(!V(a))throw new l(15,\"Element is not selectable\");b=\"selected\";c=a.type&&a.type.toLowerCase();if(\"checkbox\"==c||\"radio\"==c)b=\"checked\";return U(a,b)?\"true\":null}var g=T(a,\"A\");if(T(a,\"IMG\")&&\"src\"==e||g&&\"href\"==e)return(c=S(a,e))&&(c=U(a,e)),c;if(\"spellcheck\"==e){c=S(a,e);if(null!==c){if(\"false\"==c.toLowerCase())return\"false\";if(\"true\"==c.toLowerCase())return\"true\"}return U(a,\ne)+\"\"}g=fa[b]||b;if(0\u003C=h(ha,e))return(c=null!==S(a,b)||U(a,g))?\"true\":null;try{var x=U(a,g)}catch(ia){}(e=null==x)||(e=typeof x,e=\"object\"==e&&null!=x||\"function\"==e);e?c=S(a,b):c=x;return null!=c?c.toString():null}var X=[\"se_exportedFunctionSymbol\"],Y=d;X[0]in Y||\"undefined\"==typeof Y.execScript||Y.execScript(\"var \"+X[0]);for(var Z;X.length&&(Z=X.shift());)X.length||void 0===W?Y[Z]&&Y[Z]!==Object.prototype[Z]?Y=Y[Z]:Y=Y[Z]={}:Y[Z]=W;; return this.se_exportedFunctionSymbol.apply(null,arguments);}).apply(window, arguments);}\n).apply(null, arguments);"
}
[1769669276.138][INFO]: Waiting for pending navigations...
[1769669276.139][INFO]: Done waiting for pending navigations. Status: ok
[1769669276.140][INFO]: Waiting for pending navigations...
[1769669276.141][INFO]: Done waiting for pending navigations. Status: ok
[1769669276.141][INFO]: [e9bdbd4df8cae9f7a7b05ef895e65b5c] RESPONSE ExecuteScript "https://gg.asuracomic.net/storage/media/405817/conversions/11-optimized.webp"
[1769669276.141][INFO]: [e9bdbd4df8cae9f7a7b05ef895e65b5c] COMMAND ExecuteScript {
   "args": [  ],
   "script": "window.scrollBy(0, Math.floor(window.innerHeight * 0.9));"
}
[1769669276.141][INFO]: Waiting for pending navigations...
[1769669276.142][INFO]: Done waiting for pending navigations. Status: ok
[1769669276.143][INFO]: Waiting for pending navigations...
[1769669276.144][INFO]: Done waiting for pending navigations. Status: ok
[1769669276.144][INFO]: [e9bdbd4df8cae9f7a7b05ef895e65b5c] RESPONSE ExecuteScript null
[26350:893314:0129/114756.326225:INFO:CONSOLE:0] "<meta name="apple-mobile-web-app-capable" content="yes"> is deprecated. Please include <meta name="mobile-web-app-capable" content="yes">", source: https://asuracomic.net/series/return-of-the-sss-class-ranker-aeb6869a/chapter/173 (0)
[1769669276.547][INFO]: [e9bdbd4df8cae9f7a7b05ef895e65b5c] COMMAND FindElements {
   "using": "css selector",
   "value": "div.w-full.mx-auto.center img"
}
[1769669276.547][INFO]: Waiting for pending navigations...
[1769669276.547][INFO]: Done waiting for pending navigations. Status: ok
[1769669276.553][INFO]: Waiting for pending navigations...
[1769669276.553][INFO]: Done waiting for pending navigations. Status: ok
[1769669276.553][INFO]: [e9bdbd4df8cae9f7a7b05ef895e65b5c] RESPONSE FindElements [ {
   "element-6066-11e4-a52e-4f735466cecf": "f.CAA1FE4C08EC3FB8AD3888983C4001B7.d.728B49898D8128A16D8B333025A9BEAB.e.24"
}, {
   "element-6066-11e4-a52e-4f735466cecf": "f.CAA1FE4C08EC3FB8AD3888983C4001B7.d.728B49898D8128A16D8B333025A9BEAB.e.25"
}, {
   "element-6066-11e4-a52e-4f735466cecf": "f.CAA1FE4C08EC3FB8AD3888983C4001B7.d.728B49898D8128A16D8B333025A9BEAB.e.26"
}, {
   "element-6066-11e4-a52e-4f735466cecf": "f.CAA1FE4C08EC3FB8AD3888983C4001B7.d.728B49898D8128A16D8B333025A9BEAB.e.27"
}, {
   "element-6066-11e4-a52e-4f735466cecf": "f.CAA1FE4C08EC3FB8AD3888983C4001B7.d.728B49898D8128A16D8B333025A9BEAB.e.28"
}, {
   "element-6066-11e4-a52e-4f735466cecf": "f.CAA1FE4C08EC3FB8AD3888983C4001B7.d.728B49898D8128A16D8B333025A9BEAB.e.29"
}, {
   "element-6066-11e4-a52e-4f735466cecf": "f.CAA1FE4C08EC3FB8AD3888983C4001B7.d.728B49898D8128A16D8B333025A9BEAB.e.30"
}, {
   "element-6066-11e4-a52e-4f735466cecf": "f.CAA1FE4C08EC3FB8AD3888983C4001B7.d.728B49898D8128A16D8B333025A9BEAB.e.31"
}, {
   "element-6066-11e4-a52e-4f735466cecf": "f.CAA1FE4C08EC3FB8AD3888983C4001B7.d.728B49898D8128A16D8B333025A9BEAB.e.32"
}, {
   "element-6066-11e4-a52e-4f735466cecf": "f.CAA1FE4C08EC3FB8AD3888983C4001B7.d.728B49898D8128A16D8B333025A9BEAB.e.33"
}, {
   "element-6066-11e4-a52e-4f735466cecf": "f.CAA1FE4C08EC3FB8AD3888983C4001B7.d.728B49898D8128A16D8B333025A9BEAB.e.34"
}, {
   "element-6066-11e4-a52e-4f735466cecf": "f.CAA1FE4C08EC3FB8AD3888983C4001B7.d.728B49898D8128A16D8B333025A9BEAB.e.35"
} ]
[1769669276.554][INFO]: [e9bdbd4df8cae9f7a7b05ef895e65b5c] COMMAND ExecuteScript {
   "args": [ {
      "element-6066-11e4-a52e-4f735466cecf": "f.CAA1FE4C08EC3FB8AD3888983C4001B7.d.728B49898D8128A16D8B333025A9BEAB.e.24"
   }, "alt" ],
   "script": "/* getAttribute */return (function(){return (function(){var d=this||self;function f(a,b){function c(){}c.prototype=b.prototype;a.prototype=new c;a.prototype.constructor=a};var h=Array.prototype.indexOf?function(a,b){return Array.prototype.indexOf.call(a,b,void 0)}:function(a,b){if(\"string\"===typeof a)return\"string\"!==typeof b||1!=b.length?-1:a.indexOf(b,0);for(var c=0;c\u003Ca.length;c++)if(c in a&&a[c]===b)return c;return-1},k=Array.prototype.forEach?function(a,b){Array.prototype.forEach.call(a,b,void 0)}:function(a,b){for(var c=a.length,e=\"string\"===typeof a?a.split(\"\"):a,g=0;g\u003Cc;g++)g in e&&b.call(void 0,e[g],g,a)};function l(a,b){this.code=a;this.a=m[a]||n;this.message=b||\"\";a=this.a.replace(/((?:^|\\s+)[a-z])/g,function(c){return c.toUpperCase().replace(/^[\\s\\xa0]+/g,\"\")});b=a.length-5;if(0>b||a.indexOf(\"Error\",b)!=b)a+=\"Error\";this.name=a;a=Error(this.message);a.name=this.name;this.stack=a.stack||\"\"}f(l,Error);var n=\"unknown error\",m={15:\"element not selectable\",11:\"element not visible\"};m[31]=n;m[30]=n;m[24]=\"invalid cookie domain\";m[29]=\"invalid element coordinates\";m[12]=\"invalid element state\";m[32]=\"invalid selector\";\nm[51]=\"invalid selector\";m[52]=\"invalid selector\";m[17]=\"javascript error\";m[405]=\"unsupported operation\";m[34]=\"move target out of bounds\";m[27]=\"no such alert\";m[7]=\"no such element\";m[8]=\"no such frame\";m[23]=\"no such window\";m[28]=\"script timeout\";m[33]=\"session not created\";m[10]=\"stale element reference\";m[21]=\"timeout\";m[25]=\"unable to set cookie\";m[26]=\"unexpected alert open\";m[13]=n;m[9]=\"unknown command\";var p;a:{var q=d.navigator;if(q){var r=q.userAgent;if(r){p=r;break a}}p=\"\"}function t(a){return-1!=p.indexOf(a)};function u(){return t(\"Firefox\")||t(\"FxiOS\")}function v(){return(t(\"Chrome\")||t(\"CriOS\"))&&!t(\"Edge\")};function w(){return t(\"iPhone\")&&!t(\"iPod\")&&!t(\"iPad\")};var y=t(\"Opera\"),z=t(\"Trident\")||t(\"MSIE\"),A=t(\"Edge\"),B=t(\"Gecko\")&&!(-1!=p.toLowerCase().indexOf(\"webkit\")&&!t(\"Edge\"))&&!(t(\"Trident\")||t(\"MSIE\"))&&!t(\"Edge\"),C=-1!=p.toLowerCase().indexOf(\"webkit\")&&!t(\"Edge\");function D(){var a=d.document;return a?a.documentMode:void 0}var E;\na:{var F=\"\",G=function(){var a=p;if(B)return/rv:([^\\);]+)(\\)|;)/.exec(a);if(A)return/Edge\\/([\\d\\.]+)/.exec(a);if(z)return/\\b(?:MSIE|rv)[: ]([^\\);]+)(\\)|;)/.exec(a);if(C)return/WebKit\\/(\\S+)/.exec(a);if(y)return/(?:Version)[ \\/]?(\\S+)/.exec(a)}();G&&(F=G?G[1]:\"\");if(z){var H=D();if(null!=H&&H>parseFloat(F)){E=String(H);break a}}E=F}var I;I=d.document&&z?D():void 0;var J=u(),K=w()||t(\"iPod\"),L=t(\"iPad\"),M=t(\"Android\")&&!(v()||u()||t(\"Opera\")||t(\"Silk\")),N=v(),aa=t(\"Safari\")&&!(v()||t(\"Coast\")||t(\"Opera\")||t(\"Edge\")||t(\"Edg/\")||t(\"OPR\")||u()||t(\"Silk\")||t(\"Android\"))&&!(w()||t(\"iPad\")||t(\"iPod\"));function O(a){return(a=a.exec(p))?a[1]:\"\"}(function(){if(J)return O(/Firefox\\/([0-9.]+)/);if(z||A||y)return E;if(N)return w()||t(\"iPad\")||t(\"iPod\")?O(/CriOS\\/([0-9.]+)/):O(/Chrome\\/([0-9.]+)/);if(aa&&!(w()||t(\"iPad\")||t(\"iPod\")))return O(/Version\\/([0-9.]+)/);if(K||L){var a=/Version\\/(\\S+).*Mobile\\/(\\S+)/.exec(p);if(a)return a[1]+\".\"+a[2]}else if(M)return(a=O(/Android\\s+([0-9.]+)/))?a:O(/Version\\/([0-9.]+)/);return\"\"})();var P=z&&!(8\u003C=Number(I)),ba=z&&!(9\u003C=Number(I));var ca={SCRIPT:1,STYLE:1,HEAD:1,IFRAME:1,OBJECT:1},Q={IMG:\" \",BR:\"\\n\"};function R(a,b,c){if(!(a.nodeName in ca))if(3==a.nodeType)c?b.push(String(a.nodeValue).replace(/(\\r\\n|\\r|\\n)/g,\"\")):b.push(a.nodeValue);else if(a.nodeName in Q)b.push(Q[a.nodeName]);else for(a=a.firstChild;a;)R(a,b,c),a=a.nextSibling};function S(a,b){b=b.toLowerCase();return\"style\"==b?da(a.style.cssText):P&&\"value\"==b&&T(a,\"INPUT\")?a.value:ba&&!0===a[b]?String(a.getAttribute(b)):(a=a.getAttributeNode(b))&&a.specified?a.value:null}var ea=/[;]+(?=(?:(?:[^\"]*\"){2})*[^\"]*$)(?=(?:(?:[^']*'){2})*[^']*$)(?=(?:[^()]*\\([^()]*\\))*[^()]*$)/;\nfunction da(a){var b=[];k(a.split(ea),function(c){var e=c.indexOf(\":\");0\u003Ce&&(c=[c.slice(0,e),c.slice(e+1)],2==c.length&&b.push(c[0].toLowerCase(),\":\",c[1],\";\"))});b=b.join(\"\");return b=\";\"==b.charAt(b.length-1)?b:b+\";\"}function U(a,b){P&&\"value\"==b&&T(a,\"OPTION\")&&null===S(a,\"value\")?(b=[],R(a,b,!1),a=b.join(\"\")):a=a[b];return a}\nfunction T(a,b){b&&\"string\"!==typeof b&&(b=b.toString());return a instanceof HTMLFormElement?!!a&&1==a.nodeType&&(!b||\"FORM\"==b):!!a&&1==a.nodeType&&(!b||a.tagName.toUpperCase()==b)}function V(a){return T(a,\"OPTION\")?!0:T(a,\"INPUT\")?(a=a.type.toLowerCase(),\"checkbox\"==a||\"radio\"==a):!1};var fa={\"class\":\"className\",readonly:\"readOnly\"},ha=\"allowfullscreen allowpaymentrequest allowusermedia async autofocus autoplay checked compact complete controls declare default defaultchecked defaultselected defer disabled ended formnovalidate hidden indeterminate iscontenteditable ismap itemscope loop multiple muted nohref nomodule noresize noshade novalidate nowrap open paused playsinline pubdate readonly required reversed scoped seamless seeking selected truespeed typemustmatch willvalidate\".split(\" \");function W(a,b){var c=null,e=b.toLowerCase();if(\"style\"==e)return(c=a.style)&&\"string\"!=typeof c&&(c=c.cssText),c;if((\"selected\"==e||\"checked\"==e)&&V(a)){if(!V(a))throw new l(15,\"Element is not selectable\");b=\"selected\";c=a.type&&a.type.toLowerCase();if(\"checkbox\"==c||\"radio\"==c)b=\"checked\";return U(a,b)?\"true\":null}var g=T(a,\"A\");if(T(a,\"IMG\")&&\"src\"==e||g&&\"href\"==e)return(c=S(a,e))&&(c=U(a,e)),c;if(\"spellcheck\"==e){c=S(a,e);if(null!==c){if(\"false\"==c.toLowerCase())return\"false\";if(\"true\"==c.toLowerCase())return\"true\"}return U(a,\ne)+\"\"}g=fa[b]||b;if(0\u003C=h(ha,e))return(c=null!==S(a,b)||U(a,g))?\"true\":null;try{var x=U(a,g)}catch(ia){}(e=null==x)||(e=typeof x,e=\"object\"==e&&null!=x||\"function\"==e);e?c=S(a,b):c=x;return null!=c?c.toString():null}var X=[\"se_exportedFunctionSymbol\"],Y=d;X[0]in Y||\"undefined\"==typeof Y.execScript||Y.execScript(\"var \"+X[0]);for(var Z;X.length&&(Z=X.shift());)X.length||void 0===W?Y[Z]&&Y[Z]!==Object.prototype[Z]?Y=Y[Z]:Y=Y[Z]={}:Y[Z]=W;; return this.se_exportedFunctionSymbol.apply(null,arguments);}).apply(window, arguments);}\n).apply(null, arguments);"
}
[1769669276.554][INFO]: Waiting for pending navigations...
[1769669276.555][INFO]: Done waiting for pending navigations. Status: ok
[1769669276.558][INFO]: Waiting for pending navigations...
[1769669276.558][INFO]: Done waiting for pending navigations. Status: ok
[1769669276.558][INFO]: [e9bdbd4df8cae9f7a7b05ef895e65b5c] RESPONSE ExecuteScript "chapter page 1"
[1769669276.559][INFO]: [e9bdbd4df8cae9f7a7b05ef895e65b5c] COMMAND ExecuteScript {
   "args": [ {
      "element-6066-11e4-a52e-4f735466cecf": "f.CAA1FE4C08EC3FB8AD3888983C4001B7.d.728B49898D8128A16D8B333025A9BEAB.e.24"
   }, "currentSrc" ],
   "script": "/* getAttribute */return (function(){return (function(){var d=this||self;function f(a,b){function c(){}c.prototype=b.prototype;a.prototype=new c;a.prototype.constructor=a};var h=Array.prototype.indexOf?function(a,b){return Array.prototype.indexOf.call(a,b,void 0)}:function(a,b){if(\"string\"===typeof a)return\"string\"!==typeof b||1!=b.length?-1:a.indexOf(b,0);for(var c=0;c\u003Ca.length;c++)if(c in a&&a[c]===b)return c;return-1},k=Array.prototype.forEach?function(a,b){Array.prototype.forEach.call(a,b,void 0)}:function(a,b){for(var c=a.length,e=\"string\"===typeof a?a.split(\"\"):a,g=0;g\u003Cc;g++)g in e&&b.call(void 0,e[g],g,a)};function l(a,b){this.code=a;this.a=m[a]||n;this.message=b||\"\";a=this.a.replace(/((?:^|\\s+)[a-z])/g,function(c){return c.toUpperCase().replace(/^[\\s\\xa0]+/g,\"\")});b=a.length-5;if(0>b||a.indexOf(\"Error\",b)!=b)a+=\"Error\";this.name=a;a=Error(this.message);a.name=this.name;this.stack=a.stack||\"\"}f(l,Error);var n=\"unknown error\",m={15:\"element not selectable\",11:\"element not visible\"};m[31]=n;m[30]=n;m[24]=\"invalid cookie domain\";m[29]=\"invalid element coordinates\";m[12]=\"invalid element state\";m[32]=\"invalid selector\";\nm[51]=\"invalid selector\";m[52]=\"invalid selector\";m[17]=\"javascript error\";m[405]=\"unsupported operation\";m[34]=\"move target out of bounds\";m[27]=\"no such alert\";m[7]=\"no such element\";m[8]=\"no such frame\";m[23]=\"no such window\";m[28]=\"script timeout\";m[33]=\"session not created\";m[10]=\"stale element reference\";m[21]=\"timeout\";m[25]=\"unable to set cookie\";m[26]=\"unexpected alert open\";m[13]=n;m[9]=\"unknown command\";var p;a:{var q=d.navigator;if(q){var r=q.userAgent;if(r){p=r;break a}}p=\"\"}function t(a){return-1!=p.indexOf(a)};function u(){return t(\"Firefox\")||t(\"FxiOS\")}function v(){return(t(\"Chrome\")||t(\"CriOS\"))&&!t(\"Edge\")};function w(){return t(\"iPhone\")&&!t(\"iPod\")&&!t(\"iPad\")};var y=t(\"Opera\"),z=t(\"Trident\")||t(\"MSIE\"),A=t(\"Edge\"),B=t(\"Gecko\")&&!(-1!=p.toLowerCase().indexOf(\"webkit\")&&!t(\"Edge\"))&&!(t(\"Trident\")||t(\"MSIE\"))&&!t(\"Edge\"),C=-1!=p.toLowerCase().indexOf(\"webkit\")&&!t(\"Edge\");function D(){var a=d.document;return a?a.documentMode:void 0}var E;\na:{var F=\"\",G=function(){var a=p;if(B)return/rv:([^\\);]+)(\\)|;)/.exec(a);if(A)return/Edge\\/([\\d\\.]+)/.exec(a);if(z)return/\\b(?:MSIE|rv)[: ]([^\\);]+)(\\)|;)/.exec(a);if(C)return/WebKit\\/(\\S+)/.exec(a);if(y)return/(?:Version)[ \\/]?(\\S+)/.exec(a)}();G&&(F=G?G[1]:\"\");if(z){var H=D();if(null!=H&&H>parseFloat(F)){E=String(H);break a}}E=F}var I;I=d.document&&z?D():void 0;var J=u(),K=w()||t(\"iPod\"),L=t(\"iPad\"),M=t(\"Android\")&&!(v()||u()||t(\"Opera\")||t(\"Silk\")),N=v(),aa=t(\"Safari\")&&!(v()||t(\"Coast\")||t(\"Opera\")||t(\"Edge\")||t(\"Edg/\")||t(\"OPR\")||u()||t(\"Silk\")||t(\"Android\"))&&!(w()||t(\"iPad\")||t(\"iPod\"));function O(a){return(a=a.exec(p))?a[1]:\"\"}(function(){if(J)return O(/Firefox\\/([0-9.]+)/);if(z||A||y)return E;if(N)return w()||t(\"iPad\")||t(\"iPod\")?O(/CriOS\\/([0-9.]+)/):O(/Chrome\\/([0-9.]+)/);if(aa&&!(w()||t(\"iPad\")||t(\"iPod\")))return O(/Version\\/([0-9.]+)/);if(K||L){var a=/Version\\/(\\S+).*Mobile\\/(\\S+)/.exec(p);if(a)return a[1]+\".\"+a[2]}else if(M)return(a=O(/Android\\s+([0-9.]+)/))?a:O(/Version\\/([0-9.]+)/);return\"\"})();var P=z&&!(8\u003C=Number(I)),ba=z&&!(9\u003C=Number(I));var ca={SCRIPT:1,STYLE:1,HEAD:1,IFRAME:1,OBJECT:1},Q={IMG:\" \",BR:\"\\n\"};function R(a,b,c){if(!(a.nodeName in ca))if(3==a.nodeType)c?b.push(String(a.nodeValue).replace(/(\\r\\n|\\r|\\n)/g,\"\")):b.push(a.nodeValue);else if(a.nodeName in Q)b.push(Q[a.nodeName]);else for(a=a.firstChild;a;)R(a,b,c),a=a.nextSibling};function S(a,b){b=b.toLowerCase();return\"style\"==b?da(a.style.cssText):P&&\"value\"==b&&T(a,\"INPUT\")?a.value:ba&&!0===a[b]?String(a.getAttribute(b)):(a=a.getAttributeNode(b))&&a.specified?a.value:null}var ea=/[;]+(?=(?:(?:[^\"]*\"){2})*[^\"]*$)(?=(?:(?:[^']*'){2})*[^']*$)(?=(?:[^()]*\\([^()]*\\))*[^()]*$)/;\nfunction da(a){var b=[];k(a.split(ea),function(c){var e=c.indexOf(\":\");0\u003Ce&&(c=[c.slice(0,e),c.slice(e+1)],2==c.length&&b.push(c[0].toLowerCase(),\":\",c[1],\";\"))});b=b.join(\"\");return b=\";\"==b.charAt(b.length-1)?b:b+\";\"}function U(a,b){P&&\"value\"==b&&T(a,\"OPTION\")&&null===S(a,\"value\")?(b=[],R(a,b,!1),a=b.join(\"\")):a=a[b];return a}\nfunction T(a,b){b&&\"string\"!==typeof b&&(b=b.toString());return a instanceof HTMLFormElement?!!a&&1==a.nodeType&&(!b||\"FORM\"==b):!!a&&1==a.nodeType&&(!b||a.tagName.toUpperCase()==b)}function V(a){return T(a,\"OPTION\")?!0:T(a,\"INPUT\")?(a=a.type.toLowerCase(),\"checkbox\"==a||\"radio\"==a):!1};var fa={\"class\":\"className\",readonly:\"readOnly\"},ha=\"allowfullscreen allowpaymentrequest allowusermedia async autofocus autoplay checked compact complete controls declare default defaultchecked defaultselected defer disabled ended formnovalidate hidden indeterminate iscontenteditable ismap itemscope loop multiple muted nohref nomodule noresize noshade novalidate nowrap open paused playsinline pubdate readonly required reversed scoped seamless seeking selected truespeed typemustmatch willvalidate\".split(\" \");function W(a,b){var c=null,e=b.toLowerCase();if(\"style\"==e)return(c=a.style)&&\"string\"!=typeof c&&(c=c.cssText),c;if((\"selected\"==e||\"checked\"==e)&&V(a)){if(!V(a))throw new l(15,\"Element is not selectable\");b=\"selected\";c=a.type&&a.type.toLowerCase();if(\"checkbox\"==c||\"radio\"==c)b=\"checked\";return U(a,b)?\"true\":null}var g=T(a,\"A\");if(T(a,\"IMG\")&&\"src\"==e||g&&\"href\"==e)return(c=S(a,e))&&(c=U(a,e)),c;if(\"spellcheck\"==e){c=S(a,e);if(null!==c){if(\"false\"==c.toLowerCase())return\"false\";if(\"true\"==c.toLowerCase())return\"true\"}return U(a,\ne)+\"\"}g=fa[b]||b;if(0\u003C=h(ha,e))return(c=null!==S(a,b)||U(a,g))?\"true\":null;try{var x=U(a,g)}catch(ia){}(e=null==x)||(e=typeof x,e=\"object\"==e&&null!=x||\"function\"==e);e?c=S(a,b):c=x;return null!=c?c.toString():null}var X=[\"se_exportedFunctionSymbol\"],Y=d;X[0]in Y||\"undefined\"==typeof Y.execScript||Y.execScript(\"var \"+X[0]);for(var Z;X.length&&(Z=X.shift());)X.length||void 0===W?Y[Z]&&Y[Z]!==Object.prototype[Z]?Y=Y[Z]:Y=Y[Z]={}:Y[Z]=W;; return this.se_exportedFunctionSymbol.apply(null,arguments);}).apply(window, arguments);}\n).apply(null, arguments);"
}
[1769669276.559][INFO]: Waiting for pending navigations...
[1769669276.560][INFO]: Done waiting for pending navigations. Status: ok
[1769669276.562][INFO]: Waiting for pending navigations...
[1769669276.562][INFO]: Done waiting for pending navigations. Status: ok
[1769669276.562][INFO]: [e9bdbd4df8cae9f7a7b05ef895e65b5c] RESPONSE ExecuteScript "https://gg.asuracomic.net/storage/media/405806/conversions/00000-copy-optimized.webp"
[1769669276.563][INFO]: [e9bdbd4df8cae9f7a7b05ef895e65b5c] COMMAND ExecuteScript {
   "args": [ {
      "element-6066-11e4-a52e-4f735466cecf": "f.CAA1FE4C08EC3FB8AD3888983C4001B7.d.728B49898D8128A16D8B333025A9BEAB.e.25"
   }, "alt" ],
   "script": "/* getAttribute */return (function(){return (function(){var d=this||self;function f(a,b){function c(){}c.prototype=b.prototype;a.prototype=new c;a.prototype.constructor=a};var h=Array.prototype.indexOf?function(a,b){return Array.prototype.indexOf.call(a,b,void 0)}:function(a,b){if(\"string\"===typeof a)return\"string\"!==typeof b||1!=b.length?-1:a.indexOf(b,0);for(var c=0;c\u003Ca.length;c++)if(c in a&&a[c]===b)return c;return-1},k=Array.prototype.forEach?function(a,b){Array.prototype.forEach.call(a,b,void 0)}:function(a,b){for(var c=a.length,e=\"string\"===typeof a?a.split(\"\"):a,g=0;g\u003Cc;g++)g in e&&b.call(void 0,e[g],g,a)};function l(a,b){this.code=a;this.a=m[a]||n;this.message=b||\"\";a=this.a.replace(/((?:^|\\s+)[a-z])/g,function(c){return c.toUpperCase().replace(/^[\\s\\xa0]+/g,\"\")});b=a.length-5;if(0>b||a.indexOf(\"Error\",b)!=b)a+=\"Error\";this.name=a;a=Error(this.message);a.name=this.name;this.stack=a.stack||\"\"}f(l,Error);var n=\"unknown error\",m={15:\"element not selectable\",11:\"element not visible\"};m[31]=n;m[30]=n;m[24]=\"invalid cookie domain\";m[29]=\"invalid element coordinates\";m[12]=\"invalid element state\";m[32]=\"invalid selector\";\nm[51]=\"invalid selector\";m[52]=\"invalid selector\";m[17]=\"javascript error\";m[405]=\"unsupported operation\";m[34]=\"move target out of bounds\";m[27]=\"no such alert\";m[7]=\"no such element\";m[8]=\"no such frame\";m[23]=\"no such window\";m[28]=\"script timeout\";m[33]=\"session not created\";m[10]=\"stale element reference\";m[21]=\"timeout\";m[25]=\"unable to set cookie\";m[26]=\"unexpected alert open\";m[13]=n;m[9]=\"unknown command\";var p;a:{var q=d.navigator;if(q){var r=q.userAgent;if(r){p=r;break a}}p=\"\"}function t(a){return-1!=p.indexOf(a)};function u(){return t(\"Firefox\")||t(\"FxiOS\")}function v(){return(t(\"Chrome\")||t(\"CriOS\"))&&!t(\"Edge\")};function w(){return t(\"iPhone\")&&!t(\"iPod\")&&!t(\"iPad\")};var y=t(\"Opera\"),z=t(\"Trident\")||t(\"MSIE\"),A=t(\"Edge\"),B=t(\"Gecko\")&&!(-1!=p.toLowerCase().indexOf(\"webkit\")&&!t(\"Edge\"))&&!(t(\"Trident\")||t(\"MSIE\"))&&!t(\"Edge\"),C=-1!=p.toLowerCase().indexOf(\"webkit\")&&!t(\"Edge\");function D(){var a=d.document;return a?a.documentMode:void 0}var E;\na:{var F=\"\",G=function(){var a=p;if(B)return/rv:([^\\);]+)(\\)|;)/.exec(a);if(A)return/Edge\\/([\\d\\.]+)/.exec(a);if(z)return/\\b(?:MSIE|rv)[: ]([^\\);]+)(\\)|;)/.exec(a);if(C)return/WebKit\\/(\\S+)/.exec(a);if(y)return/(?:Version)[ \\/]?(\\S+)/.exec(a)}();G&&(F=G?G[1]:\"\");if(z){var H=D();if(null!=H&&H>parseFloat(F)){E=String(H);break a}}E=F}var I;I=d.document&&z?D():void 0;var J=u(),K=w()||t(\"iPod\"),L=t(\"iPad\"),M=t(\"Android\")&&!(v()||u()||t(\"Opera\")||t(\"Silk\")),N=v(),aa=t(\"Safari\")&&!(v()||t(\"Coast\")||t(\"Opera\")||t(\"Edge\")||t(\"Edg/\")||t(\"OPR\")||u()||t(\"Silk\")||t(\"Android\"))&&!(w()||t(\"iPad\")||t(\"iPod\"));function O(a){return(a=a.exec(p))?a[1]:\"\"}(function(){if(J)return O(/Firefox\\/([0-9.]+)/);if(z||A||y)return E;if(N)return w()||t(\"iPad\")||t(\"iPod\")?O(/CriOS\\/([0-9.]+)/):O(/Chrome\\/([0-9.]+)/);if(aa&&!(w()||t(\"iPad\")||t(\"iPod\")))return O(/Version\\/([0-9.]+)/);if(K||L){var a=/Version\\/(\\S+).*Mobile\\/(\\S+)/.exec(p);if(a)return a[1]+\".\"+a[2]}else if(M)return(a=O(/Android\\s+([0-9.]+)/))?a:O(/Version\\/([0-9.]+)/);return\"\"})();var P=z&&!(8\u003C=Number(I)),ba=z&&!(9\u003C=Number(I));var ca={SCRIPT:1,STYLE:1,HEAD:1,IFRAME:1,OBJECT:1},Q={IMG:\" \",BR:\"\\n\"};function R(a,b,c){if(!(a.nodeName in ca))if(3==a.nodeType)c?b.push(String(a.nodeValue).replace(/(\\r\\n|\\r|\\n)/g,\"\")):b.push(a.nodeValue);else if(a.nodeName in Q)b.push(Q[a.nodeName]);else for(a=a.firstChild;a;)R(a,b,c),a=a.nextSibling};function S(a,b){b=b.toLowerCase();return\"style\"==b?da(a.style.cssText):P&&\"value\"==b&&T(a,\"INPUT\")?a.value:ba&&!0===a[b]?String(a.getAttribute(b)):(a=a.getAttributeNode(b))&&a.specified?a.value:null}var ea=/[;]+(?=(?:(?:[^\"]*\"){2})*[^\"]*$)(?=(?:(?:[^']*'){2})*[^']*$)(?=(?:[^()]*\\([^()]*\\))*[^()]*$)/;\nfunction da(a){var b=[];k(a.split(ea),function(c){var e=c.indexOf(\":\");0\u003Ce&&(c=[c.slice(0,e),c.slice(e+1)],2==c.length&&b.push(c[0].toLowerCase(),\":\",c[1],\";\"))});b=b.join(\"\");return b=\";\"==b.charAt(b.length-1)?b:b+\";\"}function U(a,b){P&&\"value\"==b&&T(a,\"OPTION\")&&null===S(a,\"value\")?(b=[],R(a,b,!1),a=b.join(\"\")):a=a[b];return a}\nfunction T(a,b){b&&\"string\"!==typeof b&&(b=b.toString());return a instanceof HTMLFormElement?!!a&&1==a.nodeType&&(!b||\"FORM\"==b):!!a&&1==a.nodeType&&(!b||a.tagName.toUpperCase()==b)}function V(a){return T(a,\"OPTION\")?!0:T(a,\"INPUT\")?(a=a.type.toLowerCase(),\"checkbox\"==a||\"radio\"==a):!1};var fa={\"class\":\"className\",readonly:\"readOnly\"},ha=\"allowfullscreen allowpaymentrequest allowusermedia async autofocus autoplay checked compact complete controls declare default defaultchecked defaultselected defer disabled ended formnovalidate hidden indeterminate iscontenteditable ismap itemscope loop multiple muted nohref nomodule noresize noshade novalidate nowrap open paused playsinline pubdate readonly required reversed scoped seamless seeking selected truespeed typemustmatch willvalidate\".split(\" \");function W(a,b){var c=null,e=b.toLowerCase();if(\"style\"==e)return(c=a.style)&&\"string\"!=typeof c&&(c=c.cssText),c;if((\"selected\"==e||\"checked\"==e)&&V(a)){if(!V(a))throw new l(15,\"Element is not selectable\");b=\"selected\";c=a.type&&a.type.toLowerCase();if(\"checkbox\"==c||\"radio\"==c)b=\"checked\";return U(a,b)?\"true\":null}var g=T(a,\"A\");if(T(a,\"IMG\")&&\"src\"==e||g&&\"href\"==e)return(c=S(a,e))&&(c=U(a,e)),c;if(\"spellcheck\"==e){c=S(a,e);if(null!==c){if(\"false\"==c.toLowerCase())return\"false\";if(\"true\"==c.toLowerCase())return\"true\"}return U(a,\ne)+\"\"}g=fa[b]||b;if(0\u003C=h(ha,e))return(c=null!==S(a,b)||U(a,g))?\"true\":null;try{var x=U(a,g)}catch(ia){}(e=null==x)||(e=typeof x,e=\"object\"==e&&null!=x||\"function\"==e);e?c=S(a,b):c=x;return null!=c?c.toString():null}var X=[\"se_exportedFunctionSymbol\"],Y=d;X[0]in Y||\"undefined\"==typeof Y.execScript||Y.execScript(\"var \"+X[0]);for(var Z;X.length&&(Z=X.shift());)X.length||void 0===W?Y[Z]&&Y[Z]!==Object.prototype[Z]?Y=Y[Z]:Y=Y[Z]={}:Y[Z]=W;; return this.se_exportedFunctionSymbol.apply(null,arguments);}).apply(window, arguments);}\n).apply(null, arguments);"
}
[1769669276.563][INFO]: Waiting for pending navigations...
[1769669276.564][INFO]: Done waiting for pending navigations. Status: ok
[1769669276.566][INFO]: Waiting for pending navigations...
[1769669276.566][INFO]: Done waiting for pending navigations. Status: ok
[1769669276.566][INFO]: [e9bdbd4df8cae9f7a7b05ef895e65b5c] RESPONSE ExecuteScript "chapter page 2"
[1769669276.567][INFO]: [e9bdbd4df8cae9f7a7b05ef895e65b5c] COMMAND ExecuteScript {
   "args": [ {
      "element-6066-11e4-a52e-4f735466cecf": "f.CAA1FE4C08EC3FB8AD3888983C4001B7.d.728B49898D8128A16D8B333025A9BEAB.e.25"
   }, "currentSrc" ],
   "script": "/* getAttribute */return (function(){return (function(){var d=this||self;function f(a,b){function c(){}c.prototype=b.prototype;a.prototype=new c;a.prototype.constructor=a};var h=Array.prototype.indexOf?function(a,b){return Array.prototype.indexOf.call(a,b,void 0)}:function(a,b){if(\"string\"===typeof a)return\"string\"!==typeof b||1!=b.length?-1:a.indexOf(b,0);for(var c=0;c\u003Ca.length;c++)if(c in a&&a[c]===b)return c;return-1},k=Array.prototype.forEach?function(a,b){Array.prototype.forEach.call(a,b,void 0)}:function(a,b){for(var c=a.length,e=\"string\"===typeof a?a.split(\"\"):a,g=0;g\u003Cc;g++)g in e&&b.call(void 0,e[g],g,a)};function l(a,b){this.code=a;this.a=m[a]||n;this.message=b||\"\";a=this.a.replace(/((?:^|\\s+)[a-z])/g,function(c){return c.toUpperCase().replace(/^[\\s\\xa0]+/g,\"\")});b=a.length-5;if(0>b||a.indexOf(\"Error\",b)!=b)a+=\"Error\";this.name=a;a=Error(this.message);a.name=this.name;this.stack=a.stack||\"\"}f(l,Error);var n=\"unknown error\",m={15:\"element not selectable\",11:\"element not visible\"};m[31]=n;m[30]=n;m[24]=\"invalid cookie domain\";m[29]=\"invalid element coordinates\";m[12]=\"invalid element state\";m[32]=\"invalid selector\";\nm[51]=\"invalid selector\";m[52]=\"invalid selector\";m[17]=\"javascript error\";m[405]=\"unsupported operation\";m[34]=\"move target out of bounds\";m[27]=\"no such alert\";m[7]=\"no such element\";m[8]=\"no such frame\";m[23]=\"no such window\";m[28]=\"script timeout\";m[33]=\"session not created\";m[10]=\"stale element reference\";m[21]=\"timeout\";m[25]=\"unable to set cookie\";m[26]=\"unexpected alert open\";m[13]=n;m[9]=\"unknown command\";var p;a:{var q=d.navigator;if(q){var r=q.userAgent;if(r){p=r;break a}}p=\"\"}function t(a){return-1!=p.indexOf(a)};function u(){return t(\"Firefox\")||t(\"FxiOS\")}function v(){return(t(\"Chrome\")||t(\"CriOS\"))&&!t(\"Edge\")};function w(){return t(\"iPhone\")&&!t(\"iPod\")&&!t(\"iPad\")};var y=t(\"Opera\"),z=t(\"Trident\")||t(\"MSIE\"),A=t(\"Edge\"),B=t(\"Gecko\")&&!(-1!=p.toLowerCase().indexOf(\"webkit\")&&!t(\"Edge\"))&&!(t(\"Trident\")||t(\"MSIE\"))&&!t(\"Edge\"),C=-1!=p.toLowerCase().indexOf(\"webkit\")&&!t(\"Edge\");function D(){var a=d.document;return a?a.documentMode:void 0}var E;\na:{var F=\"\",G=function(){var a=p;if(B)return/rv:([^\\);]+)(\\)|;)/.exec(a);if(A)return/Edge\\/([\\d\\.]+)/.exec(a);if(z)return/\\b(?:MSIE|rv)[: ]([^\\);]+)(\\)|;)/.exec(a);if(C)return/WebKit\\/(\\S+)/.exec(a);if(y)return/(?:Version)[ \\/]?(\\S+)/.exec(a)}();G&&(F=G?G[1]:\"\");if(z){var H=D();if(null!=H&&H>parseFloat(F)){E=String(H);break a}}E=F}var I;I=d.document&&z?D():void 0;var J=u(),K=w()||t(\"iPod\"),L=t(\"iPad\"),M=t(\"Android\")&&!(v()||u()||t(\"Opera\")||t(\"Silk\")),N=v(),aa=t(\"Safari\")&&!(v()||t(\"Coast\")||t(\"Opera\")||t(\"Edge\")||t(\"Edg/\")||t(\"OPR\")||u()||t(\"Silk\")||t(\"Android\"))&&!(w()||t(\"iPad\")||t(\"iPod\"));function O(a){return(a=a.exec(p))?a[1]:\"\"}(function(){if(J)return O(/Firefox\\/([0-9.]+)/);if(z||A||y)return E;if(N)return w()||t(\"iPad\")||t(\"iPod\")?O(/CriOS\\/([0-9.]+)/):O(/Chrome\\/([0-9.]+)/);if(aa&&!(w()||t(\"iPad\")||t(\"iPod\")))return O(/Version\\/([0-9.]+)/);if(K||L){var a=/Version\\/(\\S+).*Mobile\\/(\\S+)/.exec(p);if(a)return a[1]+\".\"+a[2]}else if(M)return(a=O(/Android\\s+([0-9.]+)/))?a:O(/Version\\/([0-9.]+)/);return\"\"})();var P=z&&!(8\u003C=Number(I)),ba=z&&!(9\u003C=Number(I));var ca={SCRIPT:1,STYLE:1,HEAD:1,IFRAME:1,OBJECT:1},Q={IMG:\" \",BR:\"\\n\"};function R(a,b,c){if(!(a.nodeName in ca))if(3==a.nodeType)c?b.push(String(a.nodeValue).replace(/(\\r\\n|\\r|\\n)/g,\"\")):b.push(a.nodeValue);else if(a.nodeName in Q)b.push(Q[a.nodeName]);else for(a=a.firstChild;a;)R(a,b,c),a=a.nextSibling};function S(a,b){b=b.toLowerCase();return\"style\"==b?da(a.style.cssText):P&&\"value\"==b&&T(a,\"INPUT\")?a.value:ba&&!0===a[b]?String(a.getAttribute(b)):(a=a.getAttributeNode(b))&&a.specified?a.value:null}var ea=/[;]+(?=(?:(?:[^\"]*\"){2})*[^\"]*$)(?=(?:(?:[^']*'){2})*[^']*$)(?=(?:[^()]*\\([^()]*\\))*[^()]*$)/;\nfunction da(a){var b=[];k(a.split(ea),function(c){var e=c.indexOf(\":\");0\u003Ce&&(c=[c.slice(0,e),c.slice(e+1)],2==c.length&&b.push(c[0].toLowerCase(),\":\",c[1],\";\"))});b=b.join(\"\");return b=\";\"==b.charAt(b.length-1)?b:b+\";\"}function U(a,b){P&&\"value\"==b&&T(a,\"OPTION\")&&null===S(a,\"value\")?(b=[],R(a,b,!1),a=b.join(\"\")):a=a[b];return a}\nfunction T(a,b){b&&\"string\"!==typeof b&&(b=b.toString());return a instanceof HTMLFormElement?!!a&&1==a.nodeType&&(!b||\"FORM\"==b):!!a&&1==a.nodeType&&(!b||a.tagName.toUpperCase()==b)}function V(a){return T(a,\"OPTION\")?!0:T(a,\"INPUT\")?(a=a.type.toLowerCase(),\"checkbox\"==a||\"radio\"==a):!1};var fa={\"class\":\"className\",readonly:\"readOnly\"},ha=\"allowfullscreen allowpaymentrequest allowusermedia async autofocus autoplay checked compact complete controls declare default defaultchecked defaultselected defer disabled ended formnovalidate hidden indeterminate iscontenteditable ismap itemscope loop multiple muted nohref nomodule noresize noshade novalidate nowrap open paused playsinline pubdate readonly required reversed scoped seamless seeking selected truespeed typemustmatch willvalidate\".split(\" \");function W(a,b){var c=null,e=b.toLowerCase();if(\"style\"==e)return(c=a.style)&&\"string\"!=typeof c&&(c=c.cssText),c;if((\"selected\"==e||\"checked\"==e)&&V(a)){if(!V(a))throw new l(15,\"Element is not selectable\");b=\"selected\";c=a.type&&a.type.toLowerCase();if(\"checkbox\"==c||\"radio\"==c)b=\"checked\";return U(a,b)?\"true\":null}var g=T(a,\"A\");if(T(a,\"IMG\")&&\"src\"==e||g&&\"href\"==e)return(c=S(a,e))&&(c=U(a,e)),c;if(\"spellcheck\"==e){c=S(a,e);if(null!==c){if(\"false\"==c.toLowerCase())return\"false\";if(\"true\"==c.toLowerCase())return\"true\"}return U(a,\ne)+\"\"}g=fa[b]||b;if(0\u003C=h(ha,e))return(c=null!==S(a,b)||U(a,g))?\"true\":null;try{var x=U(a,g)}catch(ia){}(e=null==x)||(e=typeof x,e=\"object\"==e&&null!=x||\"function\"==e);e?c=S(a,b):c=x;return null!=c?c.toString():null}var X=[\"se_exportedFunctionSymbol\"],Y=d;X[0]in Y||\"undefined\"==typeof Y.execScript||Y.execScript(\"var \"+X[0]);for(var Z;X.length&&(Z=X.shift());)X.length||void 0===W?Y[Z]&&Y[Z]!==Object.prototype[Z]?Y=Y[Z]:Y=Y[Z]={}:Y[Z]=W;; return this.se_exportedFunctionSymbol.apply(null,arguments);}).apply(window, arguments);}\n).apply(null, arguments);"
}
[1769669276.567][INFO]: Waiting for pending navigations...
[1769669276.568][INFO]: Done waiting for pending navigations. Status: ok
[1769669276.570][INFO]: Waiting for pending navigations...
[1769669276.570][INFO]: Done waiting for pending navigations. Status: ok
[1769669276.570][INFO]: [e9bdbd4df8cae9f7a7b05ef895e65b5c] RESPONSE ExecuteScript "https://gg.asuracomic.net/storage/media/405807/conversions/01-optimized.webp"
[1769669276.571][INFO]: [e9bdbd4df8cae9f7a7b05ef895e65b5c] COMMAND ExecuteScript {
   "args": [ {
      "element-6066-11e4-a52e-4f735466cecf": "f.CAA1FE4C08EC3FB8AD3888983C4001B7.d.728B49898D8128A16D8B333025A9BEAB.e.26"
   }, "alt" ],
   "script": "/* getAttribute */return (function(){return (function(){var d=this||self;function f(a,b){function c(){}c.prototype=b.prototype;a.prototype=new c;a.prototype.constructor=a};var h=Array.prototype.indexOf?function(a,b){return Array.prototype.indexOf.call(a,b,void 0)}:function(a,b){if(\"string\"===typeof a)return\"string\"!==typeof b||1!=b.length?-1:a.indexOf(b,0);for(var c=0;c\u003Ca.length;c++)if(c in a&&a[c]===b)return c;return-1},k=Array.prototype.forEach?function(a,b){Array.prototype.forEach.call(a,b,void 0)}:function(a,b){for(var c=a.length,e=\"string\"===typeof a?a.split(\"\"):a,g=0;g\u003Cc;g++)g in e&&b.call(void 0,e[g],g,a)};function l(a,b){this.code=a;this.a=m[a]||n;this.message=b||\"\";a=this.a.replace(/((?:^|\\s+)[a-z])/g,function(c){return c.toUpperCase().replace(/^[\\s\\xa0]+/g,\"\")});b=a.length-5;if(0>b||a.indexOf(\"Error\",b)!=b)a+=\"Error\";this.name=a;a=Error(this.message);a.name=this.name;this.stack=a.stack||\"\"}f(l,Error);var n=\"unknown error\",m={15:\"element not selectable\",11:\"element not visible\"};m[31]=n;m[30]=n;m[24]=\"invalid cookie domain\";m[29]=\"invalid element coordinates\";m[12]=\"invalid element state\";m[32]=\"invalid selector\";\nm[51]=\"invalid selector\";m[52]=\"invalid selector\";m[17]=\"javascript error\";m[405]=\"unsupported operation\";m[34]=\"move target out of bounds\";m[27]=\"no such alert\";m[7]=\"no such element\";m[8]=\"no such frame\";m[23]=\"no such window\";m[28]=\"script timeout\";m[33]=\"session not created\";m[10]=\"stale element reference\";m[21]=\"timeout\";m[25]=\"unable to set cookie\";m[26]=\"unexpected alert open\";m[13]=n;m[9]=\"unknown command\";var p;a:{var q=d.navigator;if(q){var r=q.userAgent;if(r){p=r;break a}}p=\"\"}function t(a){return-1!=p.indexOf(a)};function u(){return t(\"Firefox\")||t(\"FxiOS\")}function v(){return(t(\"Chrome\")||t(\"CriOS\"))&&!t(\"Edge\")};function w(){return t(\"iPhone\")&&!t(\"iPod\")&&!t(\"iPad\")};var y=t(\"Opera\"),z=t(\"Trident\")||t(\"MSIE\"),A=t(\"Edge\"),B=t(\"Gecko\")&&!(-1!=p.toLowerCase().indexOf(\"webkit\")&&!t(\"Edge\"))&&!(t(\"Trident\")||t(\"MSIE\"))&&!t(\"Edge\"),C=-1!=p.toLowerCase().indexOf(\"webkit\")&&!t(\"Edge\");function D(){var a=d.document;return a?a.documentMode:void 0}var E;\na:{var F=\"\",G=function(){var a=p;if(B)return/rv:([^\\);]+)(\\)|;)/.exec(a);if(A)return/Edge\\/([\\d\\.]+)/.exec(a);if(z)return/\\b(?:MSIE|rv)[: ]([^\\);]+)(\\)|;)/.exec(a);if(C)return/WebKit\\/(\\S+)/.exec(a);if(y)return/(?:Version)[ \\/]?(\\S+)/.exec(a)}();G&&(F=G?G[1]:\"\");if(z){var H=D();if(null!=H&&H>parseFloat(F)){E=String(H);break a}}E=F}var I;I=d.document&&z?D():void 0;var J=u(),K=w()||t(\"iPod\"),L=t(\"iPad\"),M=t(\"Android\")&&!(v()||u()||t(\"Opera\")||t(\"Silk\")),N=v(),aa=t(\"Safari\")&&!(v()||t(\"Coast\")||t(\"Opera\")||t(\"Edge\")||t(\"Edg/\")||t(\"OPR\")||u()||t(\"Silk\")||t(\"Android\"))&&!(w()||t(\"iPad\")||t(\"iPod\"));function O(a){return(a=a.exec(p))?a[1]:\"\"}(function(){if(J)return O(/Firefox\\/([0-9.]+)/);if(z||A||y)return E;if(N)return w()||t(\"iPad\")||t(\"iPod\")?O(/CriOS\\/([0-9.]+)/):O(/Chrome\\/([0-9.]+)/);if(aa&&!(w()||t(\"iPad\")||t(\"iPod\")))return O(/Version\\/([0-9.]+)/);if(K||L){var a=/Version\\/(\\S+).*Mobile\\/(\\S+)/.exec(p);if(a)return a[1]+\".\"+a[2]}else if(M)return(a=O(/Android\\s+([0-9.]+)/))?a:O(/Version\\/([0-9.]+)/);return\"\"})();var P=z&&!(8\u003C=Number(I)),ba=z&&!(9\u003C=Number(I));var ca={SCRIPT:1,STYLE:1,HEAD:1,IFRAME:1,OBJECT:1},Q={IMG:\" \",BR:\"\\n\"};function R(a,b,c){if(!(a.nodeName in ca))if(3==a.nodeType)c?b.push(String(a.nodeValue).replace(/(\\r\\n|\\r|\\n)/g,\"\")):b.push(a.nodeValue);else if(a.nodeName in Q)b.push(Q[a.nodeName]);else for(a=a.firstChild;a;)R(a,b,c),a=a.nextSibling};function S(a,b){b=b.toLowerCase();return\"style\"==b?da(a.style.cssText):P&&\"value\"==b&&T(a,\"INPUT\")?a.value:ba&&!0===a[b]?String(a.getAttribute(b)):(a=a.getAttributeNode(b))&&a.specified?a.value:null}var ea=/[;]+(?=(?:(?:[^\"]*\"){2})*[^\"]*$)(?=(?:(?:[^']*'){2})*[^']*$)(?=(?:[^()]*\\([^()]*\\))*[^()]*$)/;\nfunction da(a){var b=[];k(a.split(ea),function(c){var e=c.indexOf(\":\");0\u003Ce&&(c=[c.slice(0,e),c.slice(e+1)],2==c.length&&b.push(c[0].toLowerCase(),\":\",c[1],\";\"))});b=b.join(\"\");return b=\";\"==b.charAt(b.length-1)?b:b+\";\"}function U(a,b){P&&\"value\"==b&&T(a,\"OPTION\")&&null===S(a,\"value\")?(b=[],R(a,b,!1),a=b.join(\"\")):a=a[b];return a}\nfunction T(a,b){b&&\"string\"!==typeof b&&(b=b.toString());return a instanceof HTMLFormElement?!!a&&1==a.nodeType&&(!b||\"FORM\"==b):!!a&&1==a.nodeType&&(!b||a.tagName.toUpperCase()==b)}function V(a){return T(a,\"OPTION\")?!0:T(a,\"INPUT\")?(a=a.type.toLowerCase(),\"checkbox\"==a||\"radio\"==a):!1};var fa={\"class\":\"className\",readonly:\"readOnly\"},ha=\"allowfullscreen allowpaymentrequest allowusermedia async autofocus autoplay checked compact complete controls declare default defaultchecked defaultselected defer disabled ended formnovalidate hidden indeterminate iscontenteditable ismap itemscope loop multiple muted nohref nomodule noresize noshade novalidate nowrap open paused playsinline pubdate readonly required reversed scoped seamless seeking selected truespeed typemustmatch willvalidate\".split(\" \");function W(a,b){var c=null,e=b.toLowerCase();if(\"style\"==e)return(c=a.style)&&\"string\"!=typeof c&&(c=c.cssText),c;if((\"selected\"==e||\"checked\"==e)&&V(a)){if(!V(a))throw new l(15,\"Element is not selectable\");b=\"selected\";c=a.type&&a.type.toLowerCase();if(\"checkbox\"==c||\"radio\"==c)b=\"checked\";return U(a,b)?\"true\":null}var g=T(a,\"A\");if(T(a,\"IMG\")&&\"src\"==e||g&&\"href\"==e)return(c=S(a,e))&&(c=U(a,e)),c;if(\"spellcheck\"==e){c=S(a,e);if(null!==c){if(\"false\"==c.toLowerCase())return\"false\";if(\"true\"==c.toLowerCase())return\"true\"}return U(a,\ne)+\"\"}g=fa[b]||b;if(0\u003C=h(ha,e))return(c=null!==S(a,b)||U(a,g))?\"true\":null;try{var x=U(a,g)}catch(ia){}(e=null==x)||(e=typeof x,e=\"object\"==e&&null!=x||\"function\"==e);e?c=S(a,b):c=x;return null!=c?c.toString():null}var X=[\"se_exportedFunctionSymbol\"],Y=d;X[0]in Y||\"undefined\"==typeof Y.execScript||Y.execScript(\"var \"+X[0]);for(var Z;X.length&&(Z=X.shift());)X.length||void 0===W?Y[Z]&&Y[Z]!==Object.prototype[Z]?Y=Y[Z]:Y=Y[Z]={}:Y[Z]=W;; return this.se_exportedFunctionSymbol.apply(null,arguments);}).apply(window, arguments);}\n).apply(null, arguments);"
}
[1769669276.571][INFO]: Waiting for pending navigations...
[1769669276.572][INFO]: Done waiting for pending navigations. Status: ok
[1769669276.574][INFO]: Waiting for pending navigations...
[1769669276.574][INFO]: Done waiting for pending navigations. Status: ok
[1769669276.574][INFO]: [e9bdbd4df8cae9f7a7b05ef895e65b5c] RESPONSE ExecuteScript "chapter page 3"
[1769669276.575][INFO]: [e9bdbd4df8cae9f7a7b05ef895e65b5c] COMMAND ExecuteScript {
   "args": [ {
      "element-6066-11e4-a52e-4f735466cecf": "f.CAA1FE4C08EC3FB8AD3888983C4001B7.d.728B49898D8128A16D8B333025A9BEAB.e.26"
   }, "currentSrc" ],
   "script": "/* getAttribute */return (function(){return (function(){var d=this||self;function f(a,b){function c(){}c.prototype=b.prototype;a.prototype=new c;a.prototype.constructor=a};var h=Array.prototype.indexOf?function(a,b){return Array.prototype.indexOf.call(a,b,void 0)}:function(a,b){if(\"string\"===typeof a)return\"string\"!==typeof b||1!=b.length?-1:a.indexOf(b,0);for(var c=0;c\u003Ca.length;c++)if(c in a&&a[c]===b)return c;return-1},k=Array.prototype.forEach?function(a,b){Array.prototype.forEach.call(a,b,void 0)}:function(a,b){for(var c=a.length,e=\"string\"===typeof a?a.split(\"\"):a,g=0;g\u003Cc;g++)g in e&&b.call(void 0,e[g],g,a)};function l(a,b){this.code=a;this.a=m[a]||n;this.message=b||\"\";a=this.a.replace(/((?:^|\\s+)[a-z])/g,function(c){return c.toUpperCase().replace(/^[\\s\\xa0]+/g,\"\")});b=a.length-5;if(0>b||a.indexOf(\"Error\",b)!=b)a+=\"Error\";this.name=a;a=Error(this.message);a.name=this.name;this.stack=a.stack||\"\"}f(l,Error);var n=\"unknown error\",m={15:\"element not selectable\",11:\"element not visible\"};m[31]=n;m[30]=n;m[24]=\"invalid cookie domain\";m[29]=\"invalid element coordinates\";m[12]=\"invalid element state\";m[32]=\"invalid selector\";\nm[51]=\"invalid selector\";m[52]=\"invalid selector\";m[17]=\"javascript error\";m[405]=\"unsupported operation\";m[34]=\"move target out of bounds\";m[27]=\"no such alert\";m[7]=\"no such element\";m[8]=\"no such frame\";m[23]=\"no such window\";m[28]=\"script timeout\";m[33]=\"session not created\";m[10]=\"stale element reference\";m[21]=\"timeout\";m[25]=\"unable to set cookie\";m[26]=\"unexpected alert open\";m[13]=n;m[9]=\"unknown command\";var p;a:{var q=d.navigator;if(q){var r=q.userAgent;if(r){p=r;break a}}p=\"\"}function t(a){return-1!=p.indexOf(a)};function u(){return t(\"Firefox\")||t(\"FxiOS\")}function v(){return(t(\"Chrome\")||t(\"CriOS\"))&&!t(\"Edge\")};function w(){return t(\"iPhone\")&&!t(\"iPod\")&&!t(\"iPad\")};var y=t(\"Opera\"),z=t(\"Trident\")||t(\"MSIE\"),A=t(\"Edge\"),B=t(\"Gecko\")&&!(-1!=p.toLowerCase().indexOf(\"webkit\")&&!t(\"Edge\"))&&!(t(\"Trident\")||t(\"MSIE\"))&&!t(\"Edge\"),C=-1!=p.toLowerCase().indexOf(\"webkit\")&&!t(\"Edge\");function D(){var a=d.document;return a?a.documentMode:void 0}var E;\na:{var F=\"\",G=function(){var a=p;if(B)return/rv:([^\\);]+)(\\)|;)/.exec(a);if(A)return/Edge\\/([\\d\\.]+)/.exec(a);if(z)return/\\b(?:MSIE|rv)[: ]([^\\);]+)(\\)|;)/.exec(a);if(C)return/WebKit\\/(\\S+)/.exec(a);if(y)return/(?:Version)[ \\/]?(\\S+)/.exec(a)}();G&&(F=G?G[1]:\"\");if(z){var H=D();if(null!=H&&H>parseFloat(F)){E=String(H);break a}}E=F}var I;I=d.document&&z?D():void 0;var J=u(),K=w()||t(\"iPod\"),L=t(\"iPad\"),M=t(\"Android\")&&!(v()||u()||t(\"Opera\")||t(\"Silk\")),N=v(),aa=t(\"Safari\")&&!(v()||t(\"Coast\")||t(\"Opera\")||t(\"Edge\")||t(\"Edg/\")||t(\"OPR\")||u()||t(\"Silk\")||t(\"Android\"))&&!(w()||t(\"iPad\")||t(\"iPod\"));function O(a){return(a=a.exec(p))?a[1]:\"\"}(function(){if(J)return O(/Firefox\\/([0-9.]+)/);if(z||A||y)return E;if(N)return w()||t(\"iPad\")||t(\"iPod\")?O(/CriOS\\/([0-9.]+)/):O(/Chrome\\/([0-9.]+)/);if(aa&&!(w()||t(\"iPad\")||t(\"iPod\")))return O(/Version\\/([0-9.]+)/);if(K||L){var a=/Version\\/(\\S+).*Mobile\\/(\\S+)/.exec(p);if(a)return a[1]+\".\"+a[2]}else if(M)return(a=O(/Android\\s+([0-9.]+)/))?a:O(/Version\\/([0-9.]+)/);return\"\"})();var P=z&&!(8\u003C=Number(I)),ba=z&&!(9\u003C=Number(I));var ca={SCRIPT:1,STYLE:1,HEAD:1,IFRAME:1,OBJECT:1},Q={IMG:\" \",BR:\"\\n\"};function R(a,b,c){if(!(a.nodeName in ca))if(3==a.nodeType)c?b.push(String(a.nodeValue).replace(/(\\r\\n|\\r|\\n)/g,\"\")):b.push(a.nodeValue);else if(a.nodeName in Q)b.push(Q[a.nodeName]);else for(a=a.firstChild;a;)R(a,b,c),a=a.nextSibling};function S(a,b){b=b.toLowerCase();return\"style\"==b?da(a.style.cssText):P&&\"value\"==b&&T(a,\"INPUT\")?a.value:ba&&!0===a[b]?String(a.getAttribute(b)):(a=a.getAttributeNode(b))&&a.specified?a.value:null}var ea=/[;]+(?=(?:(?:[^\"]*\"){2})*[^\"]*$)(?=(?:(?:[^']*'){2})*[^']*$)(?=(?:[^()]*\\([^()]*\\))*[^()]*$)/;\nfunction da(a){var b=[];k(a.split(ea),function(c){var e=c.indexOf(\":\");0\u003Ce&&(c=[c.slice(0,e),c.slice(e+1)],2==c.length&&b.push(c[0].toLowerCase(),\":\",c[1],\";\"))});b=b.join(\"\");return b=\";\"==b.charAt(b.length-1)?b:b+\";\"}function U(a,b){P&&\"value\"==b&&T(a,\"OPTION\")&&null===S(a,\"value\")?(b=[],R(a,b,!1),a=b.join(\"\")):a=a[b];return a}\nfunction T(a,b){b&&\"string\"!==typeof b&&(b=b.toString());return a instanceof HTMLFormElement?!!a&&1==a.nodeType&&(!b||\"FORM\"==b):!!a&&1==a.nodeType&&(!b||a.tagName.toUpperCase()==b)}function V(a){return T(a,\"OPTION\")?!0:T(a,\"INPUT\")?(a=a.type.toLowerCase(),\"checkbox\"==a||\"radio\"==a):!1};var fa={\"class\":\"className\",readonly:\"readOnly\"},ha=\"allowfullscreen allowpaymentrequest allowusermedia async autofocus autoplay checked compact complete controls declare default defaultchecked defaultselected defer disabled ended formnovalidate hidden indeterminate iscontenteditable ismap itemscope loop multiple muted nohref nomodule noresize noshade novalidate nowrap open paused playsinline pubdate readonly required reversed scoped seamless seeking selected truespeed typemustmatch willvalidate\".split(\" \");function W(a,b){var c=null,e=b.toLowerCase();if(\"style\"==e)return(c=a.style)&&\"string\"!=typeof c&&(c=c.cssText),c;if((\"selected\"==e||\"checked\"==e)&&V(a)){if(!V(a))throw new l(15,\"Element is not selectable\");b=\"selected\";c=a.type&&a.type.toLowerCase();if(\"checkbox\"==c||\"radio\"==c)b=\"checked\";return U(a,b)?\"true\":null}var g=T(a,\"A\");if(T(a,\"IMG\")&&\"src\"==e||g&&\"href\"==e)return(c=S(a,e))&&(c=U(a,e)),c;if(\"spellcheck\"==e){c=S(a,e);if(null!==c){if(\"false\"==c.toLowerCase())return\"false\";if(\"true\"==c.toLowerCase())return\"true\"}return U(a,\ne)+\"\"}g=fa[b]||b;if(0\u003C=h(ha,e))return(c=null!==S(a,b)||U(a,g))?\"true\":null;try{var x=U(a,g)}catch(ia){}(e=null==x)||(e=typeof x,e=\"object\"==e&&null!=x||\"function\"==e);e?c=S(a,b):c=x;return null!=c?c.toString():null}var X=[\"se_exportedFunctionSymbol\"],Y=d;X[0]in Y||\"undefined\"==typeof Y.execScript||Y.execScript(\"var \"+X[0]);for(var Z;X.length&&(Z=X.shift());)X.length||void 0===W?Y[Z]&&Y[Z]!==Object.prototype[Z]?Y=Y[Z]:Y=Y[Z]={}:Y[Z]=W;; return this.se_exportedFunctionSymbol.apply(null,arguments);}).apply(window, arguments);}\n).apply(null, arguments);"
}
[1769669276.575][INFO]: Waiting for pending navigations...
[1769669276.575][INFO]: Done waiting for pending navigations. Status: ok
[1769669276.578][INFO]: Waiting for pending navigations...
[1769669276.578][INFO]: Done waiting for pending navigations. Status: ok
[1769669276.578][INFO]: [e9bdbd4df8cae9f7a7b05ef895e65b5c] RESPONSE ExecuteScript "https://gg.asuracomic.net/storage/media/405808/conversions/02-optimized.webp"
[1769669276.579][INFO]: [e9bdbd4df8cae9f7a7b05ef895e65b5c] COMMAND ExecuteScript {
   "args": [ {
      "element-6066-11e4-a52e-4f735466cecf": "f.CAA1FE4C08EC3FB8AD3888983C4001B7.d.728B49898D8128A16D8B333025A9BEAB.e.27"
   }, "alt" ],
   "script": "/* getAttribute */return (function(){return (function(){var d=this||self;function f(a,b){function c(){}c.prototype=b.prototype;a.prototype=new c;a.prototype.constructor=a};var h=Array.prototype.indexOf?function(a,b){return Array.prototype.indexOf.call(a,b,void 0)}:function(a,b){if(\"string\"===typeof a)return\"string\"!==typeof b||1!=b.length?-1:a.indexOf(b,0);for(var c=0;c\u003Ca.length;c++)if(c in a&&a[c]===b)return c;return-1},k=Array.prototype.forEach?function(a,b){Array.prototype.forEach.call(a,b,void 0)}:function(a,b){for(var c=a.length,e=\"string\"===typeof a?a.split(\"\"):a,g=0;g\u003Cc;g++)g in e&&b.call(void 0,e[g],g,a)};function l(a,b){this.code=a;this.a=m[a]||n;this.message=b||\"\";a=this.a.replace(/((?:^|\\s+)[a-z])/g,function(c){return c.toUpperCase().replace(/^[\\s\\xa0]+/g,\"\")});b=a.length-5;if(0>b||a.indexOf(\"Error\",b)!=b)a+=\"Error\";this.name=a;a=Error(this.message);a.name=this.name;this.stack=a.stack||\"\"}f(l,Error);var n=\"unknown error\",m={15:\"element not selectable\",11:\"element not visible\"};m[31]=n;m[30]=n;m[24]=\"invalid cookie domain\";m[29]=\"invalid element coordinates\";m[12]=\"invalid element state\";m[32]=\"invalid selector\";\nm[51]=\"invalid selector\";m[52]=\"invalid selector\";m[17]=\"javascript error\";m[405]=\"unsupported operation\";m[34]=\"move target out of bounds\";m[27]=\"no such alert\";m[7]=\"no such element\";m[8]=\"no such frame\";m[23]=\"no such window\";m[28]=\"script timeout\";m[33]=\"session not created\";m[10]=\"stale element reference\";m[21]=\"timeout\";m[25]=\"unable to set cookie\";m[26]=\"unexpected alert open\";m[13]=n;m[9]=\"unknown command\";var p;a:{var q=d.navigator;if(q){var r=q.userAgent;if(r){p=r;break a}}p=\"\"}function t(a){return-1!=p.indexOf(a)};function u(){return t(\"Firefox\")||t(\"FxiOS\")}function v(){return(t(\"Chrome\")||t(\"CriOS\"))&&!t(\"Edge\")};function w(){return t(\"iPhone\")&&!t(\"iPod\")&&!t(\"iPad\")};var y=t(\"Opera\"),z=t(\"Trident\")||t(\"MSIE\"),A=t(\"Edge\"),B=t(\"Gecko\")&&!(-1!=p.toLowerCase().indexOf(\"webkit\")&&!t(\"Edge\"))&&!(t(\"Trident\")||t(\"MSIE\"))&&!t(\"Edge\"),C=-1!=p.toLowerCase().indexOf(\"webkit\")&&!t(\"Edge\");function D(){var a=d.document;return a?a.documentMode:void 0}var E;\na:{var F=\"\",G=function(){var a=p;if(B)return/rv:([^\\);]+)(\\)|;)/.exec(a);if(A)return/Edge\\/([\\d\\.]+)/.exec(a);if(z)return/\\b(?:MSIE|rv)[: ]([^\\);]+)(\\)|;)/.exec(a);if(C)return/WebKit\\/(\\S+)/.exec(a);if(y)return/(?:Version)[ \\/]?(\\S+)/.exec(a)}();G&&(F=G?G[1]:\"\");if(z){var H=D();if(null!=H&&H>parseFloat(F)){E=String(H);break a}}E=F}var I;I=d.document&&z?D():void 0;var J=u(),K=w()||t(\"iPod\"),L=t(\"iPad\"),M=t(\"Android\")&&!(v()||u()||t(\"Opera\")||t(\"Silk\")),N=v(),aa=t(\"Safari\")&&!(v()||t(\"Coast\")||t(\"Opera\")||t(\"Edge\")||t(\"Edg/\")||t(\"OPR\")||u()||t(\"Silk\")||t(\"Android\"))&&!(w()||t(\"iPad\")||t(\"iPod\"));function O(a){return(a=a.exec(p))?a[1]:\"\"}(function(){if(J)return O(/Firefox\\/([0-9.]+)/);if(z||A||y)return E;if(N)return w()||t(\"iPad\")||t(\"iPod\")?O(/CriOS\\/([0-9.]+)/):O(/Chrome\\/([0-9.]+)/);if(aa&&!(w()||t(\"iPad\")||t(\"iPod\")))return O(/Version\\/([0-9.]+)/);if(K||L){var a=/Version\\/(\\S+).*Mobile\\/(\\S+)/.exec(p);if(a)return a[1]+\".\"+a[2]}else if(M)return(a=O(/Android\\s+([0-9.]+)/))?a:O(/Version\\/([0-9.]+)/);return\"\"})();var P=z&&!(8\u003C=Number(I)),ba=z&&!(9\u003C=Number(I));var ca={SCRIPT:1,STYLE:1,HEAD:1,IFRAME:1,OBJECT:1},Q={IMG:\" \",BR:\"\\n\"};function R(a,b,c){if(!(a.nodeName in ca))if(3==a.nodeType)c?b.push(String(a.nodeValue).replace(/(\\r\\n|\\r|\\n)/g,\"\")):b.push(a.nodeValue);else if(a.nodeName in Q)b.push(Q[a.nodeName]);else for(a=a.firstChild;a;)R(a,b,c),a=a.nextSibling};function S(a,b){b=b.toLowerCase();return\"style\"==b?da(a.style.cssText):P&&\"value\"==b&&T(a,\"INPUT\")?a.value:ba&&!0===a[b]?String(a.getAttribute(b)):(a=a.getAttributeNode(b))&&a.specified?a.value:null}var ea=/[;]+(?=(?:(?:[^\"]*\"){2})*[^\"]*$)(?=(?:(?:[^']*'){2})*[^']*$)(?=(?:[^()]*\\([^()]*\\))*[^()]*$)/;\nfunction da(a){var b=[];k(a.split(ea),function(c){var e=c.indexOf(\":\");0\u003Ce&&(c=[c.slice(0,e),c.slice(e+1)],2==c.length&&b.push(c[0].toLowerCase(),\":\",c[1],\";\"))});b=b.join(\"\");return b=\";\"==b.charAt(b.length-1)?b:b+\";\"}function U(a,b){P&&\"value\"==b&&T(a,\"OPTION\")&&null===S(a,\"value\")?(b=[],R(a,b,!1),a=b.join(\"\")):a=a[b];return a}\nfunction T(a,b){b&&\"string\"!==typeof b&&(b=b.toString());return a instanceof HTMLFormElement?!!a&&1==a.nodeType&&(!b||\"FORM\"==b):!!a&&1==a.nodeType&&(!b||a.tagName.toUpperCase()==b)}function V(a){return T(a,\"OPTION\")?!0:T(a,\"INPUT\")?(a=a.type.toLowerCase(),\"checkbox\"==a||\"radio\"==a):!1};var fa={\"class\":\"className\",readonly:\"readOnly\"},ha=\"allowfullscreen allowpaymentrequest allowusermedia async autofocus autoplay checked compact complete controls declare default defaultchecked defaultselected defer disabled ended formnovalidate hidden indeterminate iscontenteditable ismap itemscope loop multiple muted nohref nomodule noresize noshade novalidate nowrap open paused playsinline pubdate readonly required reversed scoped seamless seeking selected truespeed typemustmatch willvalidate\".split(\" \");function W(a,b){var c=null,e=b.toLowerCase();if(\"style\"==e)return(c=a.style)&&\"string\"!=typeof c&&(c=c.cssText),c;if((\"selected\"==e||\"checked\"==e)&&V(a)){if(!V(a))throw new l(15,\"Element is not selectable\");b=\"selected\";c=a.type&&a.type.toLowerCase();if(\"checkbox\"==c||\"radio\"==c)b=\"checked\";return U(a,b)?\"true\":null}var g=T(a,\"A\");if(T(a,\"IMG\")&&\"src\"==e||g&&\"href\"==e)return(c=S(a,e))&&(c=U(a,e)),c;if(\"spellcheck\"==e){c=S(a,e);if(null!==c){if(\"false\"==c.toLowerCase())return\"false\";if(\"true\"==c.toLowerCase())return\"true\"}return U(a,\ne)+\"\"}g=fa[b]||b;if(0\u003C=h(ha,e))return(c=null!==S(a,b)||U(a,g))?\"true\":null;try{var x=U(a,g)}catch(ia){}(e=null==x)||(e=typeof x,e=\"object\"==e&&null!=x||\"function\"==e);e?c=S(a,b):c=x;return null!=c?c.toString():null}var X=[\"se_exportedFunctionSymbol\"],Y=d;X[0]in Y||\"undefined\"==typeof Y.execScript||Y.execScript(\"var \"+X[0]);for(var Z;X.length&&(Z=X.shift());)X.length||void 0===W?Y[Z]&&Y[Z]!==Object.prototype[Z]?Y=Y[Z]:Y=Y[Z]={}:Y[Z]=W;; return this.se_exportedFunctionSymbol.apply(null,arguments);}).apply(window, arguments);}\n).apply(null, arguments);"
}
[1769669276.579][INFO]: Waiting for pending navigations...
[1769669276.579][INFO]: Done waiting for pending navigations. Status: ok
[1769669276.582][INFO]: Waiting for pending navigations...
[1769669276.582][INFO]: Done waiting for pending navigations. Status: ok
[1769669276.582][INFO]: [e9bdbd4df8cae9f7a7b05ef895e65b5c] RESPONSE ExecuteScript "chapter page 4"
[1769669276.583][INFO]: [e9bdbd4df8cae9f7a7b05ef895e65b5c] COMMAND ExecuteScript {
   "args": [ {
      "element-6066-11e4-a52e-4f735466cecf": "f.CAA1FE4C08EC3FB8AD3888983C4001B7.d.728B49898D8128A16D8B333025A9BEAB.e.27"
   }, "currentSrc" ],
   "script": "/* getAttribute */return (function(){return (function(){var d=this||self;function f(a,b){function c(){}c.prototype=b.prototype;a.prototype=new c;a.prototype.constructor=a};var h=Array.prototype.indexOf?function(a,b){return Array.prototype.indexOf.call(a,b,void 0)}:function(a,b){if(\"string\"===typeof a)return\"string\"!==typeof b||1!=b.length?-1:a.indexOf(b,0);for(var c=0;c\u003Ca.length;c++)if(c in a&&a[c]===b)return c;return-1},k=Array.prototype.forEach?function(a,b){Array.prototype.forEach.call(a,b,void 0)}:function(a,b){for(var c=a.length,e=\"string\"===typeof a?a.split(\"\"):a,g=0;g\u003Cc;g++)g in e&&b.call(void 0,e[g],g,a)};function l(a,b){this.code=a;this.a=m[a]||n;this.message=b||\"\";a=this.a.replace(/((?:^|\\s+)[a-z])/g,function(c){return c.toUpperCase().replace(/^[\\s\\xa0]+/g,\"\")});b=a.length-5;if(0>b||a.indexOf(\"Error\",b)!=b)a+=\"Error\";this.name=a;a=Error(this.message);a.name=this.name;this.stack=a.stack||\"\"}f(l,Error);var n=\"unknown error\",m={15:\"element not selectable\",11:\"element not visible\"};m[31]=n;m[30]=n;m[24]=\"invalid cookie domain\";m[29]=\"invalid element coordinates\";m[12]=\"invalid element state\";m[32]=\"invalid selector\";\nm[51]=\"invalid selector\";m[52]=\"invalid selector\";m[17]=\"javascript error\";m[405]=\"unsupported operation\";m[34]=\"move target out of bounds\";m[27]=\"no such alert\";m[7]=\"no such element\";m[8]=\"no such frame\";m[23]=\"no such window\";m[28]=\"script timeout\";m[33]=\"session not created\";m[10]=\"stale element reference\";m[21]=\"timeout\";m[25]=\"unable to set cookie\";m[26]=\"unexpected alert open\";m[13]=n;m[9]=\"unknown command\";var p;a:{var q=d.navigator;if(q){var r=q.userAgent;if(r){p=r;break a}}p=\"\"}function t(a){return-1!=p.indexOf(a)};function u(){return t(\"Firefox\")||t(\"FxiOS\")}function v(){return(t(\"Chrome\")||t(\"CriOS\"))&&!t(\"Edge\")};function w(){return t(\"iPhone\")&&!t(\"iPod\")&&!t(\"iPad\")};var y=t(\"Opera\"),z=t(\"Trident\")||t(\"MSIE\"),A=t(\"Edge\"),B=t(\"Gecko\")&&!(-1!=p.toLowerCase().indexOf(\"webkit\")&&!t(\"Edge\"))&&!(t(\"Trident\")||t(\"MSIE\"))&&!t(\"Edge\"),C=-1!=p.toLowerCase().indexOf(\"webkit\")&&!t(\"Edge\");function D(){var a=d.document;return a?a.documentMode:void 0}var E;\na:{var F=\"\",G=function(){var a=p;if(B)return/rv:([^\\);]+)(\\)|;)/.exec(a);if(A)return/Edge\\/([\\d\\.]+)/.exec(a);if(z)return/\\b(?:MSIE|rv)[: ]([^\\);]+)(\\)|;)/.exec(a);if(C)return/WebKit\\/(\\S+)/.exec(a);if(y)return/(?:Version)[ \\/]?(\\S+)/.exec(a)}();G&&(F=G?G[1]:\"\");if(z){var H=D();if(null!=H&&H>parseFloat(F)){E=String(H);break a}}E=F}var I;I=d.document&&z?D():void 0;var J=u(),K=w()||t(\"iPod\"),L=t(\"iPad\"),M=t(\"Android\")&&!(v()||u()||t(\"Opera\")||t(\"Silk\")),N=v(),aa=t(\"Safari\")&&!(v()||t(\"Coast\")||t(\"Opera\")||t(\"Edge\")||t(\"Edg/\")||t(\"OPR\")||u()||t(\"Silk\")||t(\"Android\"))&&!(w()||t(\"iPad\")||t(\"iPod\"));function O(a){return(a=a.exec(p))?a[1]:\"\"}(function(){if(J)return O(/Firefox\\/([0-9.]+)/);if(z||A||y)return E;if(N)return w()||t(\"iPad\")||t(\"iPod\")?O(/CriOS\\/([0-9.]+)/):O(/Chrome\\/([0-9.]+)/);if(aa&&!(w()||t(\"iPad\")||t(\"iPod\")))return O(/Version\\/([0-9.]+)/);if(K||L){var a=/Version\\/(\\S+).*Mobile\\/(\\S+)/.exec(p);if(a)return a[1]+\".\"+a[2]}else if(M)return(a=O(/Android\\s+([0-9.]+)/))?a:O(/Version\\/([0-9.]+)/);return\"\"})();var P=z&&!(8\u003C=Number(I)),ba=z&&!(9\u003C=Number(I));var ca={SCRIPT:1,STYLE:1,HEAD:1,IFRAME:1,OBJECT:1},Q={IMG:\" \",BR:\"\\n\"};function R(a,b,c){if(!(a.nodeName in ca))if(3==a.nodeType)c?b.push(String(a.nodeValue).replace(/(\\r\\n|\\r|\\n)/g,\"\")):b.push(a.nodeValue);else if(a.nodeName in Q)b.push(Q[a.nodeName]);else for(a=a.firstChild;a;)R(a,b,c),a=a.nextSibling};function S(a,b){b=b.toLowerCase();return\"style\"==b?da(a.style.cssText):P&&\"value\"==b&&T(a,\"INPUT\")?a.value:ba&&!0===a[b]?String(a.getAttribute(b)):(a=a.getAttributeNode(b))&&a.specified?a.value:null}var ea=/[;]+(?=(?:(?:[^\"]*\"){2})*[^\"]*$)(?=(?:(?:[^']*'){2})*[^']*$)(?=(?:[^()]*\\([^()]*\\))*[^()]*$)/;\nfunction da(a){var b=[];k(a.split(ea),function(c){var e=c.indexOf(\":\");0\u003Ce&&(c=[c.slice(0,e),c.slice(e+1)],2==c.length&&b.push(c[0].toLowerCase(),\":\",c[1],\";\"))});b=b.join(\"\");return b=\";\"==b.charAt(b.length-1)?b:b+\";\"}function U(a,b){P&&\"value\"==b&&T(a,\"OPTION\")&&null===S(a,\"value\")?(b=[],R(a,b,!1),a=b.join(\"\")):a=a[b];return a}\nfunction T(a,b){b&&\"string\"!==typeof b&&(b=b.toString());return a instanceof HTMLFormElement?!!a&&1==a.nodeType&&(!b||\"FORM\"==b):!!a&&1==a.nodeType&&(!b||a.tagName.toUpperCase()==b)}function V(a){return T(a,\"OPTION\")?!0:T(a,\"INPUT\")?(a=a.type.toLowerCase(),\"checkbox\"==a||\"radio\"==a):!1};var fa={\"class\":\"className\",readonly:\"readOnly\"},ha=\"allowfullscreen allowpaymentrequest allowusermedia async autofocus autoplay checked compact complete controls declare default defaultchecked defaultselected defer disabled ended formnovalidate hidden indeterminate iscontenteditable ismap itemscope loop multiple muted nohref nomodule noresize noshade novalidate nowrap open paused playsinline pubdate readonly required reversed scoped seamless seeking selected truespeed typemustmatch willvalidate\".split(\" \");function W(a,b){var c=null,e=b.toLowerCase();if(\"style\"==e)return(c=a.style)&&\"string\"!=typeof c&&(c=c.cssText),c;if((\"selected\"==e||\"checked\"==e)&&V(a)){if(!V(a))throw new l(15,\"Element is not selectable\");b=\"selected\";c=a.type&&a.type.toLowerCase();if(\"checkbox\"==c||\"radio\"==c)b=\"checked\";return U(a,b)?\"true\":null}var g=T(a,\"A\");if(T(a,\"IMG\")&&\"src\"==e||g&&\"href\"==e)return(c=S(a,e))&&(c=U(a,e)),c;if(\"spellcheck\"==e){c=S(a,e);if(null!==c){if(\"false\"==c.toLowerCase())return\"false\";if(\"true\"==c.toLowerCase())return\"true\"}return U(a,\ne)+\"\"}g=fa[b]||b;if(0\u003C=h(ha,e))return(c=null!==S(a,b)||U(a,g))?\"true\":null;try{var x=U(a,g)}catch(ia){}(e=null==x)||(e=typeof x,e=\"object\"==e&&null!=x||\"function\"==e);e?c=S(a,b):c=x;return null!=c?c.toString():null}var X=[\"se_exportedFunctionSymbol\"],Y=d;X[0]in Y||\"undefined\"==typeof Y.execScript||Y.execScript(\"var \"+X[0]);for(var Z;X.length&&(Z=X.shift());)X.length||void 0===W?Y[Z]&&Y[Z]!==Object.prototype[Z]?Y=Y[Z]:Y=Y[Z]={}:Y[Z]=W;; return this.se_exportedFunctionSymbol.apply(null,arguments);}).apply(window, arguments);}\n).apply(null, arguments);"
}
[1769669276.583][INFO]: Waiting for pending navigations...
[1769669276.583][INFO]: Done waiting for pending navigations. Status: ok
[1769669276.585][INFO]: Waiting for pending navigations...
[1769669276.586][INFO]: Done waiting for pending navigations. Status: ok
[1769669276.586][INFO]: [e9bdbd4df8cae9f7a7b05ef895e65b5c] RESPONSE ExecuteScript "https://gg.asuracomic.net/storage/media/405809/conversions/03-optimized.webp"
[1769669276.586][INFO]: [e9bdbd4df8cae9f7a7b05ef895e65b5c] COMMAND ExecuteScript {
   "args": [ {
      "element-6066-11e4-a52e-4f735466cecf": "f.CAA1FE4C08EC3FB8AD3888983C4001B7.d.728B49898D8128A16D8B333025A9BEAB.e.28"
   }, "alt" ],
   "script": "/* getAttribute */return (function(){return (function(){var d=this||self;function f(a,b){function c(){}c.prototype=b.prototype;a.prototype=new c;a.prototype.constructor=a};var h=Array.prototype.indexOf?function(a,b){return Array.prototype.indexOf.call(a,b,void 0)}:function(a,b){if(\"string\"===typeof a)return\"string\"!==typeof b||1!=b.length?-1:a.indexOf(b,0);for(var c=0;c\u003Ca.length;c++)if(c in a&&a[c]===b)return c;return-1},k=Array.prototype.forEach?function(a,b){Array.prototype.forEach.call(a,b,void 0)}:function(a,b){for(var c=a.length,e=\"string\"===typeof a?a.split(\"\"):a,g=0;g\u003Cc;g++)g in e&&b.call(void 0,e[g],g,a)};function l(a,b){this.code=a;this.a=m[a]||n;this.message=b||\"\";a=this.a.replace(/((?:^|\\s+)[a-z])/g,function(c){return c.toUpperCase().replace(/^[\\s\\xa0]+/g,\"\")});b=a.length-5;if(0>b||a.indexOf(\"Error\",b)!=b)a+=\"Error\";this.name=a;a=Error(this.message);a.name=this.name;this.stack=a.stack||\"\"}f(l,Error);var n=\"unknown error\",m={15:\"element not selectable\",11:\"element not visible\"};m[31]=n;m[30]=n;m[24]=\"invalid cookie domain\";m[29]=\"invalid element coordinates\";m[12]=\"invalid element state\";m[32]=\"invalid selector\";\nm[51]=\"invalid selector\";m[52]=\"invalid selector\";m[17]=\"javascript error\";m[405]=\"unsupported operation\";m[34]=\"move target out of bounds\";m[27]=\"no such alert\";m[7]=\"no such element\";m[8]=\"no such frame\";m[23]=\"no such window\";m[28]=\"script timeout\";m[33]=\"session not created\";m[10]=\"stale element reference\";m[21]=\"timeout\";m[25]=\"unable to set cookie\";m[26]=\"unexpected alert open\";m[13]=n;m[9]=\"unknown command\";var p;a:{var q=d.navigator;if(q){var r=q.userAgent;if(r){p=r;break a}}p=\"\"}function t(a){return-1!=p.indexOf(a)};function u(){return t(\"Firefox\")||t(\"FxiOS\")}function v(){return(t(\"Chrome\")||t(\"CriOS\"))&&!t(\"Edge\")};function w(){return t(\"iPhone\")&&!t(\"iPod\")&&!t(\"iPad\")};var y=t(\"Opera\"),z=t(\"Trident\")||t(\"MSIE\"),A=t(\"Edge\"),B=t(\"Gecko\")&&!(-1!=p.toLowerCase().indexOf(\"webkit\")&&!t(\"Edge\"))&&!(t(\"Trident\")||t(\"MSIE\"))&&!t(\"Edge\"),C=-1!=p.toLowerCase().indexOf(\"webkit\")&&!t(\"Edge\");function D(){var a=d.document;return a?a.documentMode:void 0}var E;\na:{var F=\"\",G=function(){var a=p;if(B)return/rv:([^\\);]+)(\\)|;)/.exec(a);if(A)return/Edge\\/([\\d\\.]+)/.exec(a);if(z)return/\\b(?:MSIE|rv)[: ]([^\\);]+)(\\)|;)/.exec(a);if(C)return/WebKit\\/(\\S+)/.exec(a);if(y)return/(?:Version)[ \\/]?(\\S+)/.exec(a)}();G&&(F=G?G[1]:\"\");if(z){var H=D();if(null!=H&&H>parseFloat(F)){E=String(H);break a}}E=F}var I;I=d.document&&z?D():void 0;var J=u(),K=w()||t(\"iPod\"),L=t(\"iPad\"),M=t(\"Android\")&&!(v()||u()||t(\"Opera\")||t(\"Silk\")),N=v(),aa=t(\"Safari\")&&!(v()||t(\"Coast\")||t(\"Opera\")||t(\"Edge\")||t(\"Edg/\")||t(\"OPR\")||u()||t(\"Silk\")||t(\"Android\"))&&!(w()||t(\"iPad\")||t(\"iPod\"));function O(a){return(a=a.exec(p))?a[1]:\"\"}(function(){if(J)return O(/Firefox\\/([0-9.]+)/);if(z||A||y)return E;if(N)return w()||t(\"iPad\")||t(\"iPod\")?O(/CriOS\\/([0-9.]+)/):O(/Chrome\\/([0-9.]+)/);if(aa&&!(w()||t(\"iPad\")||t(\"iPod\")))return O(/Version\\/([0-9.]+)/);if(K||L){var a=/Version\\/(\\S+).*Mobile\\/(\\S+)/.exec(p);if(a)return a[1]+\".\"+a[2]}else if(M)return(a=O(/Android\\s+([0-9.]+)/))?a:O(/Version\\/([0-9.]+)/);return\"\"})();var P=z&&!(8\u003C=Number(I)),ba=z&&!(9\u003C=Number(I));var ca={SCRIPT:1,STYLE:1,HEAD:1,IFRAME:1,OBJECT:1},Q={IMG:\" \",BR:\"\\n\"};function R(a,b,c){if(!(a.nodeName in ca))if(3==a.nodeType)c?b.push(String(a.nodeValue).replace(/(\\r\\n|\\r|\\n)/g,\"\")):b.push(a.nodeValue);else if(a.nodeName in Q)b.push(Q[a.nodeName]);else for(a=a.firstChild;a;)R(a,b,c),a=a.nextSibling};function S(a,b){b=b.toLowerCase();return\"style\"==b?da(a.style.cssText):P&&\"value\"==b&&T(a,\"INPUT\")?a.value:ba&&!0===a[b]?String(a.getAttribute(b)):(a=a.getAttributeNode(b))&&a.specified?a.value:null}var ea=/[;]+(?=(?:(?:[^\"]*\"){2})*[^\"]*$)(?=(?:(?:[^']*'){2})*[^']*$)(?=(?:[^()]*\\([^()]*\\))*[^()]*$)/;\nfunction da(a){var b=[];k(a.split(ea),function(c){var e=c.indexOf(\":\");0\u003Ce&&(c=[c.slice(0,e),c.slice(e+1)],2==c.length&&b.push(c[0].toLowerCase(),\":\",c[1],\";\"))});b=b.join(\"\");return b=\";\"==b.charAt(b.length-1)?b:b+\";\"}function U(a,b){P&&\"value\"==b&&T(a,\"OPTION\")&&null===S(a,\"value\")?(b=[],R(a,b,!1),a=b.join(\"\")):a=a[b];return a}\nfunction T(a,b){b&&\"string\"!==typeof b&&(b=b.toString());return a instanceof HTMLFormElement?!!a&&1==a.nodeType&&(!b||\"FORM\"==b):!!a&&1==a.nodeType&&(!b||a.tagName.toUpperCase()==b)}function V(a){return T(a,\"OPTION\")?!0:T(a,\"INPUT\")?(a=a.type.toLowerCase(),\"checkbox\"==a||\"radio\"==a):!1};var fa={\"class\":\"className\",readonly:\"readOnly\"},ha=\"allowfullscreen allowpaymentrequest allowusermedia async autofocus autoplay checked compact complete controls declare default defaultchecked defaultselected defer disabled ended formnovalidate hidden indeterminate iscontenteditable ismap itemscope loop multiple muted nohref nomodule noresize noshade novalidate nowrap open paused playsinline pubdate readonly required reversed scoped seamless seeking selected truespeed typemustmatch willvalidate\".split(\" \");function W(a,b){var c=null,e=b.toLowerCase();if(\"style\"==e)return(c=a.style)&&\"string\"!=typeof c&&(c=c.cssText),c;if((\"selected\"==e||\"checked\"==e)&&V(a)){if(!V(a))throw new l(15,\"Element is not selectable\");b=\"selected\";c=a.type&&a.type.toLowerCase();if(\"checkbox\"==c||\"radio\"==c)b=\"checked\";return U(a,b)?\"true\":null}var g=T(a,\"A\");if(T(a,\"IMG\")&&\"src\"==e||g&&\"href\"==e)return(c=S(a,e))&&(c=U(a,e)),c;if(\"spellcheck\"==e){c=S(a,e);if(null!==c){if(\"false\"==c.toLowerCase())return\"false\";if(\"true\"==c.toLowerCase())return\"true\"}return U(a,\ne)+\"\"}g=fa[b]||b;if(0\u003C=h(ha,e))return(c=null!==S(a,b)||U(a,g))?\"true\":null;try{var x=U(a,g)}catch(ia){}(e=null==x)||(e=typeof x,e=\"object\"==e&&null!=x||\"function\"==e);e?c=S(a,b):c=x;return null!=c?c.toString():null}var X=[\"se_exportedFunctionSymbol\"],Y=d;X[0]in Y||\"undefined\"==typeof Y.execScript||Y.execScript(\"var \"+X[0]);for(var Z;X.length&&(Z=X.shift());)X.length||void 0===W?Y[Z]&&Y[Z]!==Object.prototype[Z]?Y=Y[Z]:Y=Y[Z]={}:Y[Z]=W;; return this.se_exportedFunctionSymbol.apply(null,arguments);}).apply(window, arguments);}\n).apply(null, arguments);"
}
[1769669276.587][INFO]: Waiting for pending navigations...
[1769669276.587][INFO]: Done waiting for pending navigations. Status: ok
[1769669276.589][INFO]: Waiting for pending navigations...
[1769669276.591][INFO]: Done waiting for pending navigations. Status: ok
[1769669276.591][INFO]: [e9bdbd4df8cae9f7a7b05ef895e65b5c] RESPONSE ExecuteScript "chapter page 5"
[1769669276.592][INFO]: [e9bdbd4df8cae9f7a7b05ef895e65b5c] COMMAND ExecuteScript {
   "args": [ {
      "element-6066-11e4-a52e-4f735466cecf": "f.CAA1FE4C08EC3FB8AD3888983C4001B7.d.728B49898D8128A16D8B333025A9BEAB.e.28"
   }, "currentSrc" ],
   "script": "/* getAttribute */return (function(){return (function(){var d=this||self;function f(a,b){function c(){}c.prototype=b.prototype;a.prototype=new c;a.prototype.constructor=a};var h=Array.prototype.indexOf?function(a,b){return Array.prototype.indexOf.call(a,b,void 0)}:function(a,b){if(\"string\"===typeof a)return\"string\"!==typeof b||1!=b.length?-1:a.indexOf(b,0);for(var c=0;c\u003Ca.length;c++)if(c in a&&a[c]===b)return c;return-1},k=Array.prototype.forEach?function(a,b){Array.prototype.forEach.call(a,b,void 0)}:function(a,b){for(var c=a.length,e=\"string\"===typeof a?a.split(\"\"):a,g=0;g\u003Cc;g++)g in e&&b.call(void 0,e[g],g,a)};function l(a,b){this.code=a;this.a=m[a]||n;this.message=b||\"\";a=this.a.replace(/((?:^|\\s+)[a-z])/g,function(c){return c.toUpperCase().replace(/^[\\s\\xa0]+/g,\"\")});b=a.length-5;if(0>b||a.indexOf(\"Error\",b)!=b)a+=\"Error\";this.name=a;a=Error(this.message);a.name=this.name;this.stack=a.stack||\"\"}f(l,Error);var n=\"unknown error\",m={15:\"element not selectable\",11:\"element not visible\"};m[31]=n;m[30]=n;m[24]=\"invalid cookie domain\";m[29]=\"invalid element coordinates\";m[12]=\"invalid element state\";m[32]=\"invalid selector\";\nm[51]=\"invalid selector\";m[52]=\"invalid selector\";m[17]=\"javascript error\";m[405]=\"unsupported operation\";m[34]=\"move target out of bounds\";m[27]=\"no such alert\";m[7]=\"no such element\";m[8]=\"no such frame\";m[23]=\"no such window\";m[28]=\"script timeout\";m[33]=\"session not created\";m[10]=\"stale element reference\";m[21]=\"timeout\";m[25]=\"unable to set cookie\";m[26]=\"unexpected alert open\";m[13]=n;m[9]=\"unknown command\";var p;a:{var q=d.navigator;if(q){var r=q.userAgent;if(r){p=r;break a}}p=\"\"}function t(a){return-1!=p.indexOf(a)};function u(){return t(\"Firefox\")||t(\"FxiOS\")}function v(){return(t(\"Chrome\")||t(\"CriOS\"))&&!t(\"Edge\")};function w(){return t(\"iPhone\")&&!t(\"iPod\")&&!t(\"iPad\")};var y=t(\"Opera\"),z=t(\"Trident\")||t(\"MSIE\"),A=t(\"Edge\"),B=t(\"Gecko\")&&!(-1!=p.toLowerCase().indexOf(\"webkit\")&&!t(\"Edge\"))&&!(t(\"Trident\")||t(\"MSIE\"))&&!t(\"Edge\"),C=-1!=p.toLowerCase().indexOf(\"webkit\")&&!t(\"Edge\");function D(){var a=d.document;return a?a.documentMode:void 0}var E;\na:{var F=\"\",G=function(){var a=p;if(B)return/rv:([^\\);]+)(\\)|;)/.exec(a);if(A)return/Edge\\/([\\d\\.]+)/.exec(a);if(z)return/\\b(?:MSIE|rv)[: ]([^\\);]+)(\\)|;)/.exec(a);if(C)return/WebKit\\/(\\S+)/.exec(a);if(y)return/(?:Version)[ \\/]?(\\S+)/.exec(a)}();G&&(F=G?G[1]:\"\");if(z){var H=D();if(null!=H&&H>parseFloat(F)){E=String(H);break a}}E=F}var I;I=d.document&&z?D():void 0;var J=u(),K=w()||t(\"iPod\"),L=t(\"iPad\"),M=t(\"Android\")&&!(v()||u()||t(\"Opera\")||t(\"Silk\")),N=v(),aa=t(\"Safari\")&&!(v()||t(\"Coast\")||t(\"Opera\")||t(\"Edge\")||t(\"Edg/\")||t(\"OPR\")||u()||t(\"Silk\")||t(\"Android\"))&&!(w()||t(\"iPad\")||t(\"iPod\"));function O(a){return(a=a.exec(p))?a[1]:\"\"}(function(){if(J)return O(/Firefox\\/([0-9.]+)/);if(z||A||y)return E;if(N)return w()||t(\"iPad\")||t(\"iPod\")?O(/CriOS\\/([0-9.]+)/):O(/Chrome\\/([0-9.]+)/);if(aa&&!(w()||t(\"iPad\")||t(\"iPod\")))return O(/Version\\/([0-9.]+)/);if(K||L){var a=/Version\\/(\\S+).*Mobile\\/(\\S+)/.exec(p);if(a)return a[1]+\".\"+a[2]}else if(M)return(a=O(/Android\\s+([0-9.]+)/))?a:O(/Version\\/([0-9.]+)/);return\"\"})();var P=z&&!(8\u003C=Number(I)),ba=z&&!(9\u003C=Number(I));var ca={SCRIPT:1,STYLE:1,HEAD:1,IFRAME:1,OBJECT:1},Q={IMG:\" \",BR:\"\\n\"};function R(a,b,c){if(!(a.nodeName in ca))if(3==a.nodeType)c?b.push(String(a.nodeValue).replace(/(\\r\\n|\\r|\\n)/g,\"\")):b.push(a.nodeValue);else if(a.nodeName in Q)b.push(Q[a.nodeName]);else for(a=a.firstChild;a;)R(a,b,c),a=a.nextSibling};function S(a,b){b=b.toLowerCase();return\"style\"==b?da(a.style.cssText):P&&\"value\"==b&&T(a,\"INPUT\")?a.value:ba&&!0===a[b]?String(a.getAttribute(b)):(a=a.getAttributeNode(b))&&a.specified?a.value:null}var ea=/[;]+(?=(?:(?:[^\"]*\"){2})*[^\"]*$)(?=(?:(?:[^']*'){2})*[^']*$)(?=(?:[^()]*\\([^()]*\\))*[^()]*$)/;\nfunction da(a){var b=[];k(a.split(ea),function(c){var e=c.indexOf(\":\");0\u003Ce&&(c=[c.slice(0,e),c.slice(e+1)],2==c.length&&b.push(c[0].toLowerCase(),\":\",c[1],\";\"))});b=b.join(\"\");return b=\";\"==b.charAt(b.length-1)?b:b+\";\"}function U(a,b){P&&\"value\"==b&&T(a,\"OPTION\")&&null===S(a,\"value\")?(b=[],R(a,b,!1),a=b.join(\"\")):a=a[b];return a}\nfunction T(a,b){b&&\"string\"!==typeof b&&(b=b.toString());return a instanceof HTMLFormElement?!!a&&1==a.nodeType&&(!b||\"FORM\"==b):!!a&&1==a.nodeType&&(!b||a.tagName.toUpperCase()==b)}function V(a){return T(a,\"OPTION\")?!0:T(a,\"INPUT\")?(a=a.type.toLowerCase(),\"checkbox\"==a||\"radio\"==a):!1};var fa={\"class\":\"className\",readonly:\"readOnly\"},ha=\"allowfullscreen allowpaymentrequest allowusermedia async autofocus autoplay checked compact complete controls declare default defaultchecked defaultselected defer disabled ended formnovalidate hidden indeterminate iscontenteditable ismap itemscope loop multiple muted nohref nomodule noresize noshade novalidate nowrap open paused playsinline pubdate readonly required reversed scoped seamless seeking selected truespeed typemustmatch willvalidate\".split(\" \");function W(a,b){var c=null,e=b.toLowerCase();if(\"style\"==e)return(c=a.style)&&\"string\"!=typeof c&&(c=c.cssText),c;if((\"selected\"==e||\"checked\"==e)&&V(a)){if(!V(a))throw new l(15,\"Element is not selectable\");b=\"selected\";c=a.type&&a.type.toLowerCase();if(\"checkbox\"==c||\"radio\"==c)b=\"checked\";return U(a,b)?\"true\":null}var g=T(a,\"A\");if(T(a,\"IMG\")&&\"src\"==e||g&&\"href\"==e)return(c=S(a,e))&&(c=U(a,e)),c;if(\"spellcheck\"==e){c=S(a,e);if(null!==c){if(\"false\"==c.toLowerCase())return\"false\";if(\"true\"==c.toLowerCase())return\"true\"}return U(a,\ne)+\"\"}g=fa[b]||b;if(0\u003C=h(ha,e))return(c=null!==S(a,b)||U(a,g))?\"true\":null;try{var x=U(a,g)}catch(ia){}(e=null==x)||(e=typeof x,e=\"object\"==e&&null!=x||\"function\"==e);e?c=S(a,b):c=x;return null!=c?c.toString():null}var X=[\"se_exportedFunctionSymbol\"],Y=d;X[0]in Y||\"undefined\"==typeof Y.execScript||Y.execScript(\"var \"+X[0]);for(var Z;X.length&&(Z=X.shift());)X.length||void 0===W?Y[Z]&&Y[Z]!==Object.prototype[Z]?Y=Y[Z]:Y=Y[Z]={}:Y[Z]=W;; return this.se_exportedFunctionSymbol.apply(null,arguments);}).apply(window, arguments);}\n).apply(null, arguments);"
}
[1769669276.592][INFO]: Waiting for pending navigations...
[1769669276.593][INFO]: Done waiting for pending navigations. Status: ok
[1769669276.595][INFO]: Waiting for pending navigations...
[1769669276.595][INFO]: Done waiting for pending navigations. Status: ok
[1769669276.595][INFO]: [e9bdbd4df8cae9f7a7b05ef895e65b5c] RESPONSE ExecuteScript "https://gg.asuracomic.net/storage/media/405810/conversions/04-optimized.webp"
[1769669276.596][INFO]: [e9bdbd4df8cae9f7a7b05ef895e65b5c] COMMAND ExecuteScript {
   "args": [ {
      "element-6066-11e4-a52e-4f735466cecf": "f.CAA1FE4C08EC3FB8AD3888983C4001B7.d.728B49898D8128A16D8B333025A9BEAB.e.29"
   }, "alt" ],
   "script": "/* getAttribute */return (function(){return (function(){var d=this||self;function f(a,b){function c(){}c.prototype=b.prototype;a.prototype=new c;a.prototype.constructor=a};var h=Array.prototype.indexOf?function(a,b){return Array.prototype.indexOf.call(a,b,void 0)}:function(a,b){if(\"string\"===typeof a)return\"string\"!==typeof b||1!=b.length?-1:a.indexOf(b,0);for(var c=0;c\u003Ca.length;c++)if(c in a&&a[c]===b)return c;return-1},k=Array.prototype.forEach?function(a,b){Array.prototype.forEach.call(a,b,void 0)}:function(a,b){for(var c=a.length,e=\"string\"===typeof a?a.split(\"\"):a,g=0;g\u003Cc;g++)g in e&&b.call(void 0,e[g],g,a)};function l(a,b){this.code=a;this.a=m[a]||n;this.message=b||\"\";a=this.a.replace(/((?:^|\\s+)[a-z])/g,function(c){return c.toUpperCase().replace(/^[\\s\\xa0]+/g,\"\")});b=a.length-5;if(0>b||a.indexOf(\"Error\",b)!=b)a+=\"Error\";this.name=a;a=Error(this.message);a.name=this.name;this.stack=a.stack||\"\"}f(l,Error);var n=\"unknown error\",m={15:\"element not selectable\",11:\"element not visible\"};m[31]=n;m[30]=n;m[24]=\"invalid cookie domain\";m[29]=\"invalid element coordinates\";m[12]=\"invalid element state\";m[32]=\"invalid selector\";\nm[51]=\"invalid selector\";m[52]=\"invalid selector\";m[17]=\"javascript error\";m[405]=\"unsupported operation\";m[34]=\"move target out of bounds\";m[27]=\"no such alert\";m[7]=\"no such element\";m[8]=\"no such frame\";m[23]=\"no such window\";m[28]=\"script timeout\";m[33]=\"session not created\";m[10]=\"stale element reference\";m[21]=\"timeout\";m[25]=\"unable to set cookie\";m[26]=\"unexpected alert open\";m[13]=n;m[9]=\"unknown command\";var p;a:{var q=d.navigator;if(q){var r=q.userAgent;if(r){p=r;break a}}p=\"\"}function t(a){return-1!=p.indexOf(a)};function u(){return t(\"Firefox\")||t(\"FxiOS\")}function v(){return(t(\"Chrome\")||t(\"CriOS\"))&&!t(\"Edge\")};function w(){return t(\"iPhone\")&&!t(\"iPod\")&&!t(\"iPad\")};var y=t(\"Opera\"),z=t(\"Trident\")||t(\"MSIE\"),A=t(\"Edge\"),B=t(\"Gecko\")&&!(-1!=p.toLowerCase().indexOf(\"webkit\")&&!t(\"Edge\"))&&!(t(\"Trident\")||t(\"MSIE\"))&&!t(\"Edge\"),C=-1!=p.toLowerCase().indexOf(\"webkit\")&&!t(\"Edge\");function D(){var a=d.document;return a?a.documentMode:void 0}var E;\na:{var F=\"\",G=function(){var a=p;if(B)return/rv:([^\\);]+)(\\)|;)/.exec(a);if(A)return/Edge\\/([\\d\\.]+)/.exec(a);if(z)return/\\b(?:MSIE|rv)[: ]([^\\);]+)(\\)|;)/.exec(a);if(C)return/WebKit\\/(\\S+)/.exec(a);if(y)return/(?:Version)[ \\/]?(\\S+)/.exec(a)}();G&&(F=G?G[1]:\"\");if(z){var H=D();if(null!=H&&H>parseFloat(F)){E=String(H);break a}}E=F}var I;I=d.document&&z?D():void 0;var J=u(),K=w()||t(\"iPod\"),L=t(\"iPad\"),M=t(\"Android\")&&!(v()||u()||t(\"Opera\")||t(\"Silk\")),N=v(),aa=t(\"Safari\")&&!(v()||t(\"Coast\")||t(\"Opera\")||t(\"Edge\")||t(\"Edg/\")||t(\"OPR\")||u()||t(\"Silk\")||t(\"Android\"))&&!(w()||t(\"iPad\")||t(\"iPod\"));function O(a){return(a=a.exec(p))?a[1]:\"\"}(function(){if(J)return O(/Firefox\\/([0-9.]+)/);if(z||A||y)return E;if(N)return w()||t(\"iPad\")||t(\"iPod\")?O(/CriOS\\/([0-9.]+)/):O(/Chrome\\/([0-9.]+)/);if(aa&&!(w()||t(\"iPad\")||t(\"iPod\")))return O(/Version\\/([0-9.]+)/);if(K||L){var a=/Version\\/(\\S+).*Mobile\\/(\\S+)/.exec(p);if(a)return a[1]+\".\"+a[2]}else if(M)return(a=O(/Android\\s+([0-9.]+)/))?a:O(/Version\\/([0-9.]+)/);return\"\"})();var P=z&&!(8\u003C=Number(I)),ba=z&&!(9\u003C=Number(I));var ca={SCRIPT:1,STYLE:1,HEAD:1,IFRAME:1,OBJECT:1},Q={IMG:\" \",BR:\"\\n\"};function R(a,b,c){if(!(a.nodeName in ca))if(3==a.nodeType)c?b.push(String(a.nodeValue).replace(/(\\r\\n|\\r|\\n)/g,\"\")):b.push(a.nodeValue);else if(a.nodeName in Q)b.push(Q[a.nodeName]);else for(a=a.firstChild;a;)R(a,b,c),a=a.nextSibling};function S(a,b){b=b.toLowerCase();return\"style\"==b?da(a.style.cssText):P&&\"value\"==b&&T(a,\"INPUT\")?a.value:ba&&!0===a[b]?String(a.getAttribute(b)):(a=a.getAttributeNode(b))&&a.specified?a.value:null}var ea=/[;]+(?=(?:(?:[^\"]*\"){2})*[^\"]*$)(?=(?:(?:[^']*'){2})*[^']*$)(?=(?:[^()]*\\([^()]*\\))*[^()]*$)/;\nfunction da(a){var b=[];k(a.split(ea),function(c){var e=c.indexOf(\":\");0\u003Ce&&(c=[c.slice(0,e),c.slice(e+1)],2==c.length&&b.push(c[0].toLowerCase(),\":\",c[1],\";\"))});b=b.join(\"\");return b=\";\"==b.charAt(b.length-1)?b:b+\";\"}function U(a,b){P&&\"value\"==b&&T(a,\"OPTION\")&&null===S(a,\"value\")?(b=[],R(a,b,!1),a=b.join(\"\")):a=a[b];return a}\nfunction T(a,b){b&&\"string\"!==typeof b&&(b=b.toString());return a instanceof HTMLFormElement?!!a&&1==a.nodeType&&(!b||\"FORM\"==b):!!a&&1==a.nodeType&&(!b||a.tagName.toUpperCase()==b)}function V(a){return T(a,\"OPTION\")?!0:T(a,\"INPUT\")?(a=a.type.toLowerCase(),\"checkbox\"==a||\"radio\"==a):!1};var fa={\"class\":\"className\",readonly:\"readOnly\"},ha=\"allowfullscreen allowpaymentrequest allowusermedia async autofocus autoplay checked compact complete controls declare default defaultchecked defaultselected defer disabled ended formnovalidate hidden indeterminate iscontenteditable ismap itemscope loop multiple muted nohref nomodule noresize noshade novalidate nowrap open paused playsinline pubdate readonly required reversed scoped seamless seeking selected truespeed typemustmatch willvalidate\".split(\" \");function W(a,b){var c=null,e=b.toLowerCase();if(\"style\"==e)return(c=a.style)&&\"string\"!=typeof c&&(c=c.cssText),c;if((\"selected\"==e||\"checked\"==e)&&V(a)){if(!V(a))throw new l(15,\"Element is not selectable\");b=\"selected\";c=a.type&&a.type.toLowerCase();if(\"checkbox\"==c||\"radio\"==c)b=\"checked\";return U(a,b)?\"true\":null}var g=T(a,\"A\");if(T(a,\"IMG\")&&\"src\"==e||g&&\"href\"==e)return(c=S(a,e))&&(c=U(a,e)),c;if(\"spellcheck\"==e){c=S(a,e);if(null!==c){if(\"false\"==c.toLowerCase())return\"false\";if(\"true\"==c.toLowerCase())return\"true\"}return U(a,\ne)+\"\"}g=fa[b]||b;if(0\u003C=h(ha,e))return(c=null!==S(a,b)||U(a,g))?\"true\":null;try{var x=U(a,g)}catch(ia){}(e=null==x)||(e=typeof x,e=\"object\"==e&&null!=x||\"function\"==e);e?c=S(a,b):c=x;return null!=c?c.toString():null}var X=[\"se_exportedFunctionSymbol\"],Y=d;X[0]in Y||\"undefined\"==typeof Y.execScript||Y.execScript(\"var \"+X[0]);for(var Z;X.length&&(Z=X.shift());)X.length||void 0===W?Y[Z]&&Y[Z]!==Object.prototype[Z]?Y=Y[Z]:Y=Y[Z]={}:Y[Z]=W;; return this.se_exportedFunctionSymbol.apply(null,arguments);}).apply(window, arguments);}\n).apply(null, arguments);"
}
[1769669276.596][INFO]: Waiting for pending navigations...
[1769669276.597][INFO]: Done waiting for pending navigations. Status: ok
[1769669276.599][INFO]: Waiting for pending navigations...
[1769669276.599][INFO]: Done waiting for pending navigations. Status: ok
[1769669276.599][INFO]: [e9bdbd4df8cae9f7a7b05ef895e65b5c] RESPONSE ExecuteScript "chapter page 6"
[1769669276.600][INFO]: [e9bdbd4df8cae9f7a7b05ef895e65b5c] COMMAND ExecuteScript {
   "args": [ {
      "element-6066-11e4-a52e-4f735466cecf": "f.CAA1FE4C08EC3FB8AD3888983C4001B7.d.728B49898D8128A16D8B333025A9BEAB.e.29"
   }, "currentSrc" ],
   "script": "/* getAttribute */return (function(){return (function(){var d=this||self;function f(a,b){function c(){}c.prototype=b.prototype;a.prototype=new c;a.prototype.constructor=a};var h=Array.prototype.indexOf?function(a,b){return Array.prototype.indexOf.call(a,b,void 0)}:function(a,b){if(\"string\"===typeof a)return\"string\"!==typeof b||1!=b.length?-1:a.indexOf(b,0);for(var c=0;c\u003Ca.length;c++)if(c in a&&a[c]===b)return c;return-1},k=Array.prototype.forEach?function(a,b){Array.prototype.forEach.call(a,b,void 0)}:function(a,b){for(var c=a.length,e=\"string\"===typeof a?a.split(\"\"):a,g=0;g\u003Cc;g++)g in e&&b.call(void 0,e[g],g,a)};function l(a,b){this.code=a;this.a=m[a]||n;this.message=b||\"\";a=this.a.replace(/((?:^|\\s+)[a-z])/g,function(c){return c.toUpperCase().replace(/^[\\s\\xa0]+/g,\"\")});b=a.length-5;if(0>b||a.indexOf(\"Error\",b)!=b)a+=\"Error\";this.name=a;a=Error(this.message);a.name=this.name;this.stack=a.stack||\"\"}f(l,Error);var n=\"unknown error\",m={15:\"element not selectable\",11:\"element not visible\"};m[31]=n;m[30]=n;m[24]=\"invalid cookie domain\";m[29]=\"invalid element coordinates\";m[12]=\"invalid element state\";m[32]=\"invalid selector\";\nm[51]=\"invalid selector\";m[52]=\"invalid selector\";m[17]=\"javascript error\";m[405]=\"unsupported operation\";m[34]=\"move target out of bounds\";m[27]=\"no such alert\";m[7]=\"no such element\";m[8]=\"no such frame\";m[23]=\"no such window\";m[28]=\"script timeout\";m[33]=\"session not created\";m[10]=\"stale element reference\";m[21]=\"timeout\";m[25]=\"unable to set cookie\";m[26]=\"unexpected alert open\";m[13]=n;m[9]=\"unknown command\";var p;a:{var q=d.navigator;if(q){var r=q.userAgent;if(r){p=r;break a}}p=\"\"}function t(a){return-1!=p.indexOf(a)};function u(){return t(\"Firefox\")||t(\"FxiOS\")}function v(){return(t(\"Chrome\")||t(\"CriOS\"))&&!t(\"Edge\")};function w(){return t(\"iPhone\")&&!t(\"iPod\")&&!t(\"iPad\")};var y=t(\"Opera\"),z=t(\"Trident\")||t(\"MSIE\"),A=t(\"Edge\"),B=t(\"Gecko\")&&!(-1!=p.toLowerCase().indexOf(\"webkit\")&&!t(\"Edge\"))&&!(t(\"Trident\")||t(\"MSIE\"))&&!t(\"Edge\"),C=-1!=p.toLowerCase().indexOf(\"webkit\")&&!t(\"Edge\");function D(){var a=d.document;return a?a.documentMode:void 0}var E;\na:{var F=\"\",G=function(){var a=p;if(B)return/rv:([^\\);]+)(\\)|;)/.exec(a);if(A)return/Edge\\/([\\d\\.]+)/.exec(a);if(z)return/\\b(?:MSIE|rv)[: ]([^\\);]+)(\\)|;)/.exec(a);if(C)return/WebKit\\/(\\S+)/.exec(a);if(y)return/(?:Version)[ \\/]?(\\S+)/.exec(a)}();G&&(F=G?G[1]:\"\");if(z){var H=D();if(null!=H&&H>parseFloat(F)){E=String(H);break a}}E=F}var I;I=d.document&&z?D():void 0;var J=u(),K=w()||t(\"iPod\"),L=t(\"iPad\"),M=t(\"Android\")&&!(v()||u()||t(\"Opera\")||t(\"Silk\")),N=v(),aa=t(\"Safari\")&&!(v()||t(\"Coast\")||t(\"Opera\")||t(\"Edge\")||t(\"Edg/\")||t(\"OPR\")||u()||t(\"Silk\")||t(\"Android\"))&&!(w()||t(\"iPad\")||t(\"iPod\"));function O(a){return(a=a.exec(p))?a[1]:\"\"}(function(){if(J)return O(/Firefox\\/([0-9.]+)/);if(z||A||y)return E;if(N)return w()||t(\"iPad\")||t(\"iPod\")?O(/CriOS\\/([0-9.]+)/):O(/Chrome\\/([0-9.]+)/);if(aa&&!(w()||t(\"iPad\")||t(\"iPod\")))return O(/Version\\/([0-9.]+)/);if(K||L){var a=/Version\\/(\\S+).*Mobile\\/(\\S+)/.exec(p);if(a)return a[1]+\".\"+a[2]}else if(M)return(a=O(/Android\\s+([0-9.]+)/))?a:O(/Version\\/([0-9.]+)/);return\"\"})();var P=z&&!(8\u003C=Number(I)),ba=z&&!(9\u003C=Number(I));var ca={SCRIPT:1,STYLE:1,HEAD:1,IFRAME:1,OBJECT:1},Q={IMG:\" \",BR:\"\\n\"};function R(a,b,c){if(!(a.nodeName in ca))if(3==a.nodeType)c?b.push(String(a.nodeValue).replace(/(\\r\\n|\\r|\\n)/g,\"\")):b.push(a.nodeValue);else if(a.nodeName in Q)b.push(Q[a.nodeName]);else for(a=a.firstChild;a;)R(a,b,c),a=a.nextSibling};function S(a,b){b=b.toLowerCase();return\"style\"==b?da(a.style.cssText):P&&\"value\"==b&&T(a,\"INPUT\")?a.value:ba&&!0===a[b]?String(a.getAttribute(b)):(a=a.getAttributeNode(b))&&a.specified?a.value:null}var ea=/[;]+(?=(?:(?:[^\"]*\"){2})*[^\"]*$)(?=(?:(?:[^']*'){2})*[^']*$)(?=(?:[^()]*\\([^()]*\\))*[^()]*$)/;\nfunction da(a){var b=[];k(a.split(ea),function(c){var e=c.indexOf(\":\");0\u003Ce&&(c=[c.slice(0,e),c.slice(e+1)],2==c.length&&b.push(c[0].toLowerCase(),\":\",c[1],\";\"))});b=b.join(\"\");return b=\";\"==b.charAt(b.length-1)?b:b+\";\"}function U(a,b){P&&\"value\"==b&&T(a,\"OPTION\")&&null===S(a,\"value\")?(b=[],R(a,b,!1),a=b.join(\"\")):a=a[b];return a}\nfunction T(a,b){b&&\"string\"!==typeof b&&(b=b.toString());return a instanceof HTMLFormElement?!!a&&1==a.nodeType&&(!b||\"FORM\"==b):!!a&&1==a.nodeType&&(!b||a.tagName.toUpperCase()==b)}function V(a){return T(a,\"OPTION\")?!0:T(a,\"INPUT\")?(a=a.type.toLowerCase(),\"checkbox\"==a||\"radio\"==a):!1};var fa={\"class\":\"className\",readonly:\"readOnly\"},ha=\"allowfullscreen allowpaymentrequest allowusermedia async autofocus autoplay checked compact complete controls declare default defaultchecked defaultselected defer disabled ended formnovalidate hidden indeterminate iscontenteditable ismap itemscope loop multiple muted nohref nomodule noresize noshade novalidate nowrap open paused playsinline pubdate readonly required reversed scoped seamless seeking selected truespeed typemustmatch willvalidate\".split(\" \");function W(a,b){var c=null,e=b.toLowerCase();if(\"style\"==e)return(c=a.style)&&\"string\"!=typeof c&&(c=c.cssText),c;if((\"selected\"==e||\"checked\"==e)&&V(a)){if(!V(a))throw new l(15,\"Element is not selectable\");b=\"selected\";c=a.type&&a.type.toLowerCase();if(\"checkbox\"==c||\"radio\"==c)b=\"checked\";return U(a,b)?\"true\":null}var g=T(a,\"A\");if(T(a,\"IMG\")&&\"src\"==e||g&&\"href\"==e)return(c=S(a,e))&&(c=U(a,e)),c;if(\"spellcheck\"==e){c=S(a,e);if(null!==c){if(\"false\"==c.toLowerCase())return\"false\";if(\"true\"==c.toLowerCase())return\"true\"}return U(a,\ne)+\"\"}g=fa[b]||b;if(0\u003C=h(ha,e))return(c=null!==S(a,b)||U(a,g))?\"true\":null;try{var x=U(a,g)}catch(ia){}(e=null==x)||(e=typeof x,e=\"object\"==e&&null!=x||\"function\"==e);e?c=S(a,b):c=x;return null!=c?c.toString():null}var X=[\"se_exportedFunctionSymbol\"],Y=d;X[0]in Y||\"undefined\"==typeof Y.execScript||Y.execScript(\"var \"+X[0]);for(var Z;X.length&&(Z=X.shift());)X.length||void 0===W?Y[Z]&&Y[Z]!==Object.prototype[Z]?Y=Y[Z]:Y=Y[Z]={}:Y[Z]=W;; return this.se_exportedFunctionSymbol.apply(null,arguments);}).apply(window, arguments);}\n).apply(null, arguments);"
}
[1769669276.600][INFO]: Waiting for pending navigations...
[1769669276.600][INFO]: Done waiting for pending navigations. Status: ok
[1769669276.602][INFO]: Waiting for pending navigations...
[1769669276.603][INFO]: Done waiting for pending navigations. Status: ok
[1769669276.603][INFO]: [e9bdbd4df8cae9f7a7b05ef895e65b5c] RESPONSE ExecuteScript "https://gg.asuracomic.net/storage/media/405811/conversions/05-optimized.webp"
[1769669276.603][INFO]: [e9bdbd4df8cae9f7a7b05ef895e65b5c] COMMAND ExecuteScript {
   "args": [ {
      "element-6066-11e4-a52e-4f735466cecf": "f.CAA1FE4C08EC3FB8AD3888983C4001B7.d.728B49898D8128A16D8B333025A9BEAB.e.30"
   }, "alt" ],
   "script": "/* getAttribute */return (function(){return (function(){var d=this||self;function f(a,b){function c(){}c.prototype=b.prototype;a.prototype=new c;a.prototype.constructor=a};var h=Array.prototype.indexOf?function(a,b){return Array.prototype.indexOf.call(a,b,void 0)}:function(a,b){if(\"string\"===typeof a)return\"string\"!==typeof b||1!=b.length?-1:a.indexOf(b,0);for(var c=0;c\u003Ca.length;c++)if(c in a&&a[c]===b)return c;return-1},k=Array.prototype.forEach?function(a,b){Array.prototype.forEach.call(a,b,void 0)}:function(a,b){for(var c=a.length,e=\"string\"===typeof a?a.split(\"\"):a,g=0;g\u003Cc;g++)g in e&&b.call(void 0,e[g],g,a)};function l(a,b){this.code=a;this.a=m[a]||n;this.message=b||\"\";a=this.a.replace(/((?:^|\\s+)[a-z])/g,function(c){return c.toUpperCase().replace(/^[\\s\\xa0]+/g,\"\")});b=a.length-5;if(0>b||a.indexOf(\"Error\",b)!=b)a+=\"Error\";this.name=a;a=Error(this.message);a.name=this.name;this.stack=a.stack||\"\"}f(l,Error);var n=\"unknown error\",m={15:\"element not selectable\",11:\"element not visible\"};m[31]=n;m[30]=n;m[24]=\"invalid cookie domain\";m[29]=\"invalid element coordinates\";m[12]=\"invalid element state\";m[32]=\"invalid selector\";\nm[51]=\"invalid selector\";m[52]=\"invalid selector\";m[17]=\"javascript error\";m[405]=\"unsupported operation\";m[34]=\"move target out of bounds\";m[27]=\"no such alert\";m[7]=\"no such element\";m[8]=\"no such frame\";m[23]=\"no such window\";m[28]=\"script timeout\";m[33]=\"session not created\";m[10]=\"stale element reference\";m[21]=\"timeout\";m[25]=\"unable to set cookie\";m[26]=\"unexpected alert open\";m[13]=n;m[9]=\"unknown command\";var p;a:{var q=d.navigator;if(q){var r=q.userAgent;if(r){p=r;break a}}p=\"\"}function t(a){return-1!=p.indexOf(a)};function u(){return t(\"Firefox\")||t(\"FxiOS\")}function v(){return(t(\"Chrome\")||t(\"CriOS\"))&&!t(\"Edge\")};function w(){return t(\"iPhone\")&&!t(\"iPod\")&&!t(\"iPad\")};var y=t(\"Opera\"),z=t(\"Trident\")||t(\"MSIE\"),A=t(\"Edge\"),B=t(\"Gecko\")&&!(-1!=p.toLowerCase().indexOf(\"webkit\")&&!t(\"Edge\"))&&!(t(\"Trident\")||t(\"MSIE\"))&&!t(\"Edge\"),C=-1!=p.toLowerCase().indexOf(\"webkit\")&&!t(\"Edge\");function D(){var a=d.document;return a?a.documentMode:void 0}var E;\na:{var F=\"\",G=function(){var a=p;if(B)return/rv:([^\\);]+)(\\)|;)/.exec(a);if(A)return/Edge\\/([\\d\\.]+)/.exec(a);if(z)return/\\b(?:MSIE|rv)[: ]([^\\);]+)(\\)|;)/.exec(a);if(C)return/WebKit\\/(\\S+)/.exec(a);if(y)return/(?:Version)[ \\/]?(\\S+)/.exec(a)}();G&&(F=G?G[1]:\"\");if(z){var H=D();if(null!=H&&H>parseFloat(F)){E=String(H);break a}}E=F}var I;I=d.document&&z?D():void 0;var J=u(),K=w()||t(\"iPod\"),L=t(\"iPad\"),M=t(\"Android\")&&!(v()||u()||t(\"Opera\")||t(\"Silk\")),N=v(),aa=t(\"Safari\")&&!(v()||t(\"Coast\")||t(\"Opera\")||t(\"Edge\")||t(\"Edg/\")||t(\"OPR\")||u()||t(\"Silk\")||t(\"Android\"))&&!(w()||t(\"iPad\")||t(\"iPod\"));function O(a){return(a=a.exec(p))?a[1]:\"\"}(function(){if(J)return O(/Firefox\\/([0-9.]+)/);if(z||A||y)return E;if(N)return w()||t(\"iPad\")||t(\"iPod\")?O(/CriOS\\/([0-9.]+)/):O(/Chrome\\/([0-9.]+)/);if(aa&&!(w()||t(\"iPad\")||t(\"iPod\")))return O(/Version\\/([0-9.]+)/);if(K||L){var a=/Version\\/(\\S+).*Mobile\\/(\\S+)/.exec(p);if(a)return a[1]+\".\"+a[2]}else if(M)return(a=O(/Android\\s+([0-9.]+)/))?a:O(/Version\\/([0-9.]+)/);return\"\"})();var P=z&&!(8\u003C=Number(I)),ba=z&&!(9\u003C=Number(I));var ca={SCRIPT:1,STYLE:1,HEAD:1,IFRAME:1,OBJECT:1},Q={IMG:\" \",BR:\"\\n\"};function R(a,b,c){if(!(a.nodeName in ca))if(3==a.nodeType)c?b.push(String(a.nodeValue).replace(/(\\r\\n|\\r|\\n)/g,\"\")):b.push(a.nodeValue);else if(a.nodeName in Q)b.push(Q[a.nodeName]);else for(a=a.firstChild;a;)R(a,b,c),a=a.nextSibling};function S(a,b){b=b.toLowerCase();return\"style\"==b?da(a.style.cssText):P&&\"value\"==b&&T(a,\"INPUT\")?a.value:ba&&!0===a[b]?String(a.getAttribute(b)):(a=a.getAttributeNode(b))&&a.specified?a.value:null}var ea=/[;]+(?=(?:(?:[^\"]*\"){2})*[^\"]*$)(?=(?:(?:[^']*'){2})*[^']*$)(?=(?:[^()]*\\([^()]*\\))*[^()]*$)/;\nfunction da(a){var b=[];k(a.split(ea),function(c){var e=c.indexOf(\":\");0\u003Ce&&(c=[c.slice(0,e),c.slice(e+1)],2==c.length&&b.push(c[0].toLowerCase(),\":\",c[1],\";\"))});b=b.join(\"\");return b=\";\"==b.charAt(b.length-1)?b:b+\";\"}function U(a,b){P&&\"value\"==b&&T(a,\"OPTION\")&&null===S(a,\"value\")?(b=[],R(a,b,!1),a=b.join(\"\")):a=a[b];return a}\nfunction T(a,b){b&&\"string\"!==typeof b&&(b=b.toString());return a instanceof HTMLFormElement?!!a&&1==a.nodeType&&(!b||\"FORM\"==b):!!a&&1==a.nodeType&&(!b||a.tagName.toUpperCase()==b)}function V(a){return T(a,\"OPTION\")?!0:T(a,\"INPUT\")?(a=a.type.toLowerCase(),\"checkbox\"==a||\"radio\"==a):!1};var fa={\"class\":\"className\",readonly:\"readOnly\"},ha=\"allowfullscreen allowpaymentrequest allowusermedia async autofocus autoplay checked compact complete controls declare default defaultchecked defaultselected defer disabled ended formnovalidate hidden indeterminate iscontenteditable ismap itemscope loop multiple muted nohref nomodule noresize noshade novalidate nowrap open paused playsinline pubdate readonly required reversed scoped seamless seeking selected truespeed typemustmatch willvalidate\".split(\" \");function W(a,b){var c=null,e=b.toLowerCase();if(\"style\"==e)return(c=a.style)&&\"string\"!=typeof c&&(c=c.cssText),c;if((\"selected\"==e||\"checked\"==e)&&V(a)){if(!V(a))throw new l(15,\"Element is not selectable\");b=\"selected\";c=a.type&&a.type.toLowerCase();if(\"checkbox\"==c||\"radio\"==c)b=\"checked\";return U(a,b)?\"true\":null}var g=T(a,\"A\");if(T(a,\"IMG\")&&\"src\"==e||g&&\"href\"==e)return(c=S(a,e))&&(c=U(a,e)),c;if(\"spellcheck\"==e){c=S(a,e);if(null!==c){if(\"false\"==c.toLowerCase())return\"false\";if(\"true\"==c.toLowerCase())return\"true\"}return U(a,\ne)+\"\"}g=fa[b]||b;if(0\u003C=h(ha,e))return(c=null!==S(a,b)||U(a,g))?\"true\":null;try{var x=U(a,g)}catch(ia){}(e=null==x)||(e=typeof x,e=\"object\"==e&&null!=x||\"function\"==e);e?c=S(a,b):c=x;return null!=c?c.toString():null}var X=[\"se_exportedFunctionSymbol\"],Y=d;X[0]in Y||\"undefined\"==typeof Y.execScript||Y.execScript(\"var \"+X[0]);for(var Z;X.length&&(Z=X.shift());)X.length||void 0===W?Y[Z]&&Y[Z]!==Object.prototype[Z]?Y=Y[Z]:Y=Y[Z]={}:Y[Z]=W;; return this.se_exportedFunctionSymbol.apply(null,arguments);}).apply(window, arguments);}\n).apply(null, arguments);"
}
[1769669276.604][INFO]: Waiting for pending navigations...
[1769669276.604][INFO]: Done waiting for pending navigations. Status: ok
[1769669276.606][INFO]: Waiting for pending navigations...
[1769669276.606][INFO]: Done waiting for pending navigations. Status: ok
[1769669276.606][INFO]: [e9bdbd4df8cae9f7a7b05ef895e65b5c] RESPONSE ExecuteScript "chapter page 7"
[1769669276.607][INFO]: [e9bdbd4df8cae9f7a7b05ef895e65b5c] COMMAND ExecuteScript {
   "args": [ {
      "element-6066-11e4-a52e-4f735466cecf": "f.CAA1FE4C08EC3FB8AD3888983C4001B7.d.728B49898D8128A16D8B333025A9BEAB.e.30"
   }, "currentSrc" ],
   "script": "/* getAttribute */return (function(){return (function(){var d=this||self;function f(a,b){function c(){}c.prototype=b.prototype;a.prototype=new c;a.prototype.constructor=a};var h=Array.prototype.indexOf?function(a,b){return Array.prototype.indexOf.call(a,b,void 0)}:function(a,b){if(\"string\"===typeof a)return\"string\"!==typeof b||1!=b.length?-1:a.indexOf(b,0);for(var c=0;c\u003Ca.length;c++)if(c in a&&a[c]===b)return c;return-1},k=Array.prototype.forEach?function(a,b){Array.prototype.forEach.call(a,b,void 0)}:function(a,b){for(var c=a.length,e=\"string\"===typeof a?a.split(\"\"):a,g=0;g\u003Cc;g++)g in e&&b.call(void 0,e[g],g,a)};function l(a,b){this.code=a;this.a=m[a]||n;this.message=b||\"\";a=this.a.replace(/((?:^|\\s+)[a-z])/g,function(c){return c.toUpperCase().replace(/^[\\s\\xa0]+/g,\"\")});b=a.length-5;if(0>b||a.indexOf(\"Error\",b)!=b)a+=\"Error\";this.name=a;a=Error(this.message);a.name=this.name;this.stack=a.stack||\"\"}f(l,Error);var n=\"unknown error\",m={15:\"element not selectable\",11:\"element not visible\"};m[31]=n;m[30]=n;m[24]=\"invalid cookie domain\";m[29]=\"invalid element coordinates\";m[12]=\"invalid element state\";m[32]=\"invalid selector\";\nm[51]=\"invalid selector\";m[52]=\"invalid selector\";m[17]=\"javascript error\";m[405]=\"unsupported operation\";m[34]=\"move target out of bounds\";m[27]=\"no such alert\";m[7]=\"no such element\";m[8]=\"no such frame\";m[23]=\"no such window\";m[28]=\"script timeout\";m[33]=\"session not created\";m[10]=\"stale element reference\";m[21]=\"timeout\";m[25]=\"unable to set cookie\";m[26]=\"unexpected alert open\";m[13]=n;m[9]=\"unknown command\";var p;a:{var q=d.navigator;if(q){var r=q.userAgent;if(r){p=r;break a}}p=\"\"}function t(a){return-1!=p.indexOf(a)};function u(){return t(\"Firefox\")||t(\"FxiOS\")}function v(){return(t(\"Chrome\")||t(\"CriOS\"))&&!t(\"Edge\")};function w(){return t(\"iPhone\")&&!t(\"iPod\")&&!t(\"iPad\")};var y=t(\"Opera\"),z=t(\"Trident\")||t(\"MSIE\"),A=t(\"Edge\"),B=t(\"Gecko\")&&!(-1!=p.toLowerCase().indexOf(\"webkit\")&&!t(\"Edge\"))&&!(t(\"Trident\")||t(\"MSIE\"))&&!t(\"Edge\"),C=-1!=p.toLowerCase().indexOf(\"webkit\")&&!t(\"Edge\");function D(){var a=d.document;return a?a.documentMode:void 0}var E;\na:{var F=\"\",G=function(){var a=p;if(B)return/rv:([^\\);]+)(\\)|;)/.exec(a);if(A)return/Edge\\/([\\d\\.]+)/.exec(a);if(z)return/\\b(?:MSIE|rv)[: ]([^\\);]+)(\\)|;)/.exec(a);if(C)return/WebKit\\/(\\S+)/.exec(a);if(y)return/(?:Version)[ \\/]?(\\S+)/.exec(a)}();G&&(F=G?G[1]:\"\");if(z){var H=D();if(null!=H&&H>parseFloat(F)){E=String(H);break a}}E=F}var I;I=d.document&&z?D():void 0;var J=u(),K=w()||t(\"iPod\"),L=t(\"iPad\"),M=t(\"Android\")&&!(v()||u()||t(\"Opera\")||t(\"Silk\")),N=v(),aa=t(\"Safari\")&&!(v()||t(\"Coast\")||t(\"Opera\")||t(\"Edge\")||t(\"Edg/\")||t(\"OPR\")||u()||t(\"Silk\")||t(\"Android\"))&&!(w()||t(\"iPad\")||t(\"iPod\"));function O(a){return(a=a.exec(p))?a[1]:\"\"}(function(){if(J)return O(/Firefox\\/([0-9.]+)/);if(z||A||y)return E;if(N)return w()||t(\"iPad\")||t(\"iPod\")?O(/CriOS\\/([0-9.]+)/):O(/Chrome\\/([0-9.]+)/);if(aa&&!(w()||t(\"iPad\")||t(\"iPod\")))return O(/Version\\/([0-9.]+)/);if(K||L){var a=/Version\\/(\\S+).*Mobile\\/(\\S+)/.exec(p);if(a)return a[1]+\".\"+a[2]}else if(M)return(a=O(/Android\\s+([0-9.]+)/))?a:O(/Version\\/([0-9.]+)/);return\"\"})();var P=z&&!(8\u003C=Number(I)),ba=z&&!(9\u003C=Number(I));var ca={SCRIPT:1,STYLE:1,HEAD:1,IFRAME:1,OBJECT:1},Q={IMG:\" \",BR:\"\\n\"};function R(a,b,c){if(!(a.nodeName in ca))if(3==a.nodeType)c?b.push(String(a.nodeValue).replace(/(\\r\\n|\\r|\\n)/g,\"\")):b.push(a.nodeValue);else if(a.nodeName in Q)b.push(Q[a.nodeName]);else for(a=a.firstChild;a;)R(a,b,c),a=a.nextSibling};function S(a,b){b=b.toLowerCase();return\"style\"==b?da(a.style.cssText):P&&\"value\"==b&&T(a,\"INPUT\")?a.value:ba&&!0===a[b]?String(a.getAttribute(b)):(a=a.getAttributeNode(b))&&a.specified?a.value:null}var ea=/[;]+(?=(?:(?:[^\"]*\"){2})*[^\"]*$)(?=(?:(?:[^']*'){2})*[^']*$)(?=(?:[^()]*\\([^()]*\\))*[^()]*$)/;\nfunction da(a){var b=[];k(a.split(ea),function(c){var e=c.indexOf(\":\");0\u003Ce&&(c=[c.slice(0,e),c.slice(e+1)],2==c.length&&b.push(c[0].toLowerCase(),\":\",c[1],\";\"))});b=b.join(\"\");return b=\";\"==b.charAt(b.length-1)?b:b+\";\"}function U(a,b){P&&\"value\"==b&&T(a,\"OPTION\")&&null===S(a,\"value\")?(b=[],R(a,b,!1),a=b.join(\"\")):a=a[b];return a}\nfunction T(a,b){b&&\"string\"!==typeof b&&(b=b.toString());return a instanceof HTMLFormElement?!!a&&1==a.nodeType&&(!b||\"FORM\"==b):!!a&&1==a.nodeType&&(!b||a.tagName.toUpperCase()==b)}function V(a){return T(a,\"OPTION\")?!0:T(a,\"INPUT\")?(a=a.type.toLowerCase(),\"checkbox\"==a||\"radio\"==a):!1};var fa={\"class\":\"className\",readonly:\"readOnly\"},ha=\"allowfullscreen allowpaymentrequest allowusermedia async autofocus autoplay checked compact complete controls declare default defaultchecked defaultselected defer disabled ended formnovalidate hidden indeterminate iscontenteditable ismap itemscope loop multiple muted nohref nomodule noresize noshade novalidate nowrap open paused playsinline pubdate readonly required reversed scoped seamless seeking selected truespeed typemustmatch willvalidate\".split(\" \");function W(a,b){var c=null,e=b.toLowerCase();if(\"style\"==e)return(c=a.style)&&\"string\"!=typeof c&&(c=c.cssText),c;if((\"selected\"==e||\"checked\"==e)&&V(a)){if(!V(a))throw new l(15,\"Element is not selectable\");b=\"selected\";c=a.type&&a.type.toLowerCase();if(\"checkbox\"==c||\"radio\"==c)b=\"checked\";return U(a,b)?\"true\":null}var g=T(a,\"A\");if(T(a,\"IMG\")&&\"src\"==e||g&&\"href\"==e)return(c=S(a,e))&&(c=U(a,e)),c;if(\"spellcheck\"==e){c=S(a,e);if(null!==c){if(\"false\"==c.toLowerCase())return\"false\";if(\"true\"==c.toLowerCase())return\"true\"}return U(a,\ne)+\"\"}g=fa[b]||b;if(0\u003C=h(ha,e))return(c=null!==S(a,b)||U(a,g))?\"true\":null;try{var x=U(a,g)}catch(ia){}(e=null==x)||(e=typeof x,e=\"object\"==e&&null!=x||\"function\"==e);e?c=S(a,b):c=x;return null!=c?c.toString():null}var X=[\"se_exportedFunctionSymbol\"],Y=d;X[0]in Y||\"undefined\"==typeof Y.execScript||Y.execScript(\"var \"+X[0]);for(var Z;X.length&&(Z=X.shift());)X.length||void 0===W?Y[Z]&&Y[Z]!==Object.prototype[Z]?Y=Y[Z]:Y=Y[Z]={}:Y[Z]=W;; return this.se_exportedFunctionSymbol.apply(null,arguments);}).apply(window, arguments);}\n).apply(null, arguments);"
}
[1769669276.607][INFO]: Waiting for pending navigations...
[1769669276.614][INFO]: Done waiting for pending navigations. Status: ok
[1769669276.624][INFO]: Waiting for pending navigations...
[1769669276.624][INFO]: Done waiting for pending navigations. Status: ok
[1769669276.624][INFO]: [e9bdbd4df8cae9f7a7b05ef895e65b5c] RESPONSE ExecuteScript "https://gg.asuracomic.net/storage/media/405812/conversions/06-optimized.webp"
[1769669276.625][INFO]: [e9bdbd4df8cae9f7a7b05ef895e65b5c] COMMAND ExecuteScript {
   "args": [ {
      "element-6066-11e4-a52e-4f735466cecf": "f.CAA1FE4C08EC3FB8AD3888983C4001B7.d.728B49898D8128A16D8B333025A9BEAB.e.31"
   }, "alt" ],
   "script": "/* getAttribute */return (function(){return (function(){var d=this||self;function f(a,b){function c(){}c.prototype=b.prototype;a.prototype=new c;a.prototype.constructor=a};var h=Array.prototype.indexOf?function(a,b){return Array.prototype.indexOf.call(a,b,void 0)}:function(a,b){if(\"string\"===typeof a)return\"string\"!==typeof b||1!=b.length?-1:a.indexOf(b,0);for(var c=0;c\u003Ca.length;c++)if(c in a&&a[c]===b)return c;return-1},k=Array.prototype.forEach?function(a,b){Array.prototype.forEach.call(a,b,void 0)}:function(a,b){for(var c=a.length,e=\"string\"===typeof a?a.split(\"\"):a,g=0;g\u003Cc;g++)g in e&&b.call(void 0,e[g],g,a)};function l(a,b){this.code=a;this.a=m[a]||n;this.message=b||\"\";a=this.a.replace(/((?:^|\\s+)[a-z])/g,function(c){return c.toUpperCase().replace(/^[\\s\\xa0]+/g,\"\")});b=a.length-5;if(0>b||a.indexOf(\"Error\",b)!=b)a+=\"Error\";this.name=a;a=Error(this.message);a.name=this.name;this.stack=a.stack||\"\"}f(l,Error);var n=\"unknown error\",m={15:\"element not selectable\",11:\"element not visible\"};m[31]=n;m[30]=n;m[24]=\"invalid cookie domain\";m[29]=\"invalid element coordinates\";m[12]=\"invalid element state\";m[32]=\"invalid selector\";\nm[51]=\"invalid selector\";m[52]=\"invalid selector\";m[17]=\"javascript error\";m[405]=\"unsupported operation\";m[34]=\"move target out of bounds\";m[27]=\"no such alert\";m[7]=\"no such element\";m[8]=\"no such frame\";m[23]=\"no such window\";m[28]=\"script timeout\";m[33]=\"session not created\";m[10]=\"stale element reference\";m[21]=\"timeout\";m[25]=\"unable to set cookie\";m[26]=\"unexpected alert open\";m[13]=n;m[9]=\"unknown command\";var p;a:{var q=d.navigator;if(q){var r=q.userAgent;if(r){p=r;break a}}p=\"\"}function t(a){return-1!=p.indexOf(a)};function u(){return t(\"Firefox\")||t(\"FxiOS\")}function v(){return(t(\"Chrome\")||t(\"CriOS\"))&&!t(\"Edge\")};function w(){return t(\"iPhone\")&&!t(\"iPod\")&&!t(\"iPad\")};var y=t(\"Opera\"),z=t(\"Trident\")||t(\"MSIE\"),A=t(\"Edge\"),B=t(\"Gecko\")&&!(-1!=p.toLowerCase().indexOf(\"webkit\")&&!t(\"Edge\"))&&!(t(\"Trident\")||t(\"MSIE\"))&&!t(\"Edge\"),C=-1!=p.toLowerCase().indexOf(\"webkit\")&&!t(\"Edge\");function D(){var a=d.document;return a?a.documentMode:void 0}var E;\na:{var F=\"\",G=function(){var a=p;if(B)return/rv:([^\\);]+)(\\)|;)/.exec(a);if(A)return/Edge\\/([\\d\\.]+)/.exec(a);if(z)return/\\b(?:MSIE|rv)[: ]([^\\);]+)(\\)|;)/.exec(a);if(C)return/WebKit\\/(\\S+)/.exec(a);if(y)return/(?:Version)[ \\/]?(\\S+)/.exec(a)}();G&&(F=G?G[1]:\"\");if(z){var H=D();if(null!=H&&H>parseFloat(F)){E=String(H);break a}}E=F}var I;I=d.document&&z?D():void 0;var J=u(),K=w()||t(\"iPod\"),L=t(\"iPad\"),M=t(\"Android\")&&!(v()||u()||t(\"Opera\")||t(\"Silk\")),N=v(),aa=t(\"Safari\")&&!(v()||t(\"Coast\")||t(\"Opera\")||t(\"Edge\")||t(\"Edg/\")||t(\"OPR\")||u()||t(\"Silk\")||t(\"Android\"))&&!(w()||t(\"iPad\")||t(\"iPod\"));function O(a){return(a=a.exec(p))?a[1]:\"\"}(function(){if(J)return O(/Firefox\\/([0-9.]+)/);if(z||A||y)return E;if(N)return w()||t(\"iPad\")||t(\"iPod\")?O(/CriOS\\/([0-9.]+)/):O(/Chrome\\/([0-9.]+)/);if(aa&&!(w()||t(\"iPad\")||t(\"iPod\")))return O(/Version\\/([0-9.]+)/);if(K||L){var a=/Version\\/(\\S+).*Mobile\\/(\\S+)/.exec(p);if(a)return a[1]+\".\"+a[2]}else if(M)return(a=O(/Android\\s+([0-9.]+)/))?a:O(/Version\\/([0-9.]+)/);return\"\"})();var P=z&&!(8\u003C=Number(I)),ba=z&&!(9\u003C=Number(I));var ca={SCRIPT:1,STYLE:1,HEAD:1,IFRAME:1,OBJECT:1},Q={IMG:\" \",BR:\"\\n\"};function R(a,b,c){if(!(a.nodeName in ca))if(3==a.nodeType)c?b.push(String(a.nodeValue).replace(/(\\r\\n|\\r|\\n)/g,\"\")):b.push(a.nodeValue);else if(a.nodeName in Q)b.push(Q[a.nodeName]);else for(a=a.firstChild;a;)R(a,b,c),a=a.nextSibling};function S(a,b){b=b.toLowerCase();return\"style\"==b?da(a.style.cssText):P&&\"value\"==b&&T(a,\"INPUT\")?a.value:ba&&!0===a[b]?String(a.getAttribute(b)):(a=a.getAttributeNode(b))&&a.specified?a.value:null}var ea=/[;]+(?=(?:(?:[^\"]*\"){2})*[^\"]*$)(?=(?:(?:[^']*'){2})*[^']*$)(?=(?:[^()]*\\([^()]*\\))*[^()]*$)/;\nfunction da(a){var b=[];k(a.split(ea),function(c){var e=c.indexOf(\":\");0\u003Ce&&(c=[c.slice(0,e),c.slice(e+1)],2==c.length&&b.push(c[0].toLowerCase(),\":\",c[1],\";\"))});b=b.join(\"\");return b=\";\"==b.charAt(b.length-1)?b:b+\";\"}function U(a,b){P&&\"value\"==b&&T(a,\"OPTION\")&&null===S(a,\"value\")?(b=[],R(a,b,!1),a=b.join(\"\")):a=a[b];return a}\nfunction T(a,b){b&&\"string\"!==typeof b&&(b=b.toString());return a instanceof HTMLFormElement?!!a&&1==a.nodeType&&(!b||\"FORM\"==b):!!a&&1==a.nodeType&&(!b||a.tagName.toUpperCase()==b)}function V(a){return T(a,\"OPTION\")?!0:T(a,\"INPUT\")?(a=a.type.toLowerCase(),\"checkbox\"==a||\"radio\"==a):!1};var fa={\"class\":\"className\",readonly:\"readOnly\"},ha=\"allowfullscreen allowpaymentrequest allowusermedia async autofocus autoplay checked compact complete controls declare default defaultchecked defaultselected defer disabled ended formnovalidate hidden indeterminate iscontenteditable ismap itemscope loop multiple muted nohref nomodule noresize noshade novalidate nowrap open paused playsinline pubdate readonly required reversed scoped seamless seeking selected truespeed typemustmatch willvalidate\".split(\" \");function W(a,b){var c=null,e=b.toLowerCase();if(\"style\"==e)return(c=a.style)&&\"string\"!=typeof c&&(c=c.cssText),c;if((\"selected\"==e||\"checked\"==e)&&V(a)){if(!V(a))throw new l(15,\"Element is not selectable\");b=\"selected\";c=a.type&&a.type.toLowerCase();if(\"checkbox\"==c||\"radio\"==c)b=\"checked\";return U(a,b)?\"true\":null}var g=T(a,\"A\");if(T(a,\"IMG\")&&\"src\"==e||g&&\"href\"==e)return(c=S(a,e))&&(c=U(a,e)),c;if(\"spellcheck\"==e){c=S(a,e);if(null!==c){if(\"false\"==c.toLowerCase())return\"false\";if(\"true\"==c.toLowerCase())return\"true\"}return U(a,\ne)+\"\"}g=fa[b]||b;if(0\u003C=h(ha,e))return(c=null!==S(a,b)||U(a,g))?\"true\":null;try{var x=U(a,g)}catch(ia){}(e=null==x)||(e=typeof x,e=\"object\"==e&&null!=x||\"function\"==e);e?c=S(a,b):c=x;return null!=c?c.toString():null}var X=[\"se_exportedFunctionSymbol\"],Y=d;X[0]in Y||\"undefined\"==typeof Y.execScript||Y.execScript(\"var \"+X[0]);for(var Z;X.length&&(Z=X.shift());)X.length||void 0===W?Y[Z]&&Y[Z]!==Object.prototype[Z]?Y=Y[Z]:Y=Y[Z]={}:Y[Z]=W;; return this.se_exportedFunctionSymbol.apply(null,arguments);}).apply(window, arguments);}\n).apply(null, arguments);"
}
[1769669276.625][INFO]: Waiting for pending navigations...
[1769669276.626][INFO]: Done waiting for pending navigations. Status: ok
[1769669276.628][INFO]: Waiting for pending navigations...
[1769669276.628][INFO]: Done waiting for pending navigations. Status: ok
[1769669276.628][INFO]: [e9bdbd4df8cae9f7a7b05ef895e65b5c] RESPONSE ExecuteScript "chapter page 8"
[1769669276.629][INFO]: [e9bdbd4df8cae9f7a7b05ef895e65b5c] COMMAND ExecuteScript {
   "args": [ {
      "element-6066-11e4-a52e-4f735466cecf": "f.CAA1FE4C08EC3FB8AD3888983C4001B7.d.728B49898D8128A16D8B333025A9BEAB.e.31"
   }, "currentSrc" ],
   "script": "/* getAttribute */return (function(){return (function(){var d=this||self;function f(a,b){function c(){}c.prototype=b.prototype;a.prototype=new c;a.prototype.constructor=a};var h=Array.prototype.indexOf?function(a,b){return Array.prototype.indexOf.call(a,b,void 0)}:function(a,b){if(\"string\"===typeof a)return\"string\"!==typeof b||1!=b.length?-1:a.indexOf(b,0);for(var c=0;c\u003Ca.length;c++)if(c in a&&a[c]===b)return c;return-1},k=Array.prototype.forEach?function(a,b){Array.prototype.forEach.call(a,b,void 0)}:function(a,b){for(var c=a.length,e=\"string\"===typeof a?a.split(\"\"):a,g=0;g\u003Cc;g++)g in e&&b.call(void 0,e[g],g,a)};function l(a,b){this.code=a;this.a=m[a]||n;this.message=b||\"\";a=this.a.replace(/((?:^|\\s+)[a-z])/g,function(c){return c.toUpperCase().replace(/^[\\s\\xa0]+/g,\"\")});b=a.length-5;if(0>b||a.indexOf(\"Error\",b)!=b)a+=\"Error\";this.name=a;a=Error(this.message);a.name=this.name;this.stack=a.stack||\"\"}f(l,Error);var n=\"unknown error\",m={15:\"element not selectable\",11:\"element not visible\"};m[31]=n;m[30]=n;m[24]=\"invalid cookie domain\";m[29]=\"invalid element coordinates\";m[12]=\"invalid element state\";m[32]=\"invalid selector\";\nm[51]=\"invalid selector\";m[52]=\"invalid selector\";m[17]=\"javascript error\";m[405]=\"unsupported operation\";m[34]=\"move target out of bounds\";m[27]=\"no such alert\";m[7]=\"no such element\";m[8]=\"no such frame\";m[23]=\"no such window\";m[28]=\"script timeout\";m[33]=\"session not created\";m[10]=\"stale element reference\";m[21]=\"timeout\";m[25]=\"unable to set cookie\";m[26]=\"unexpected alert open\";m[13]=n;m[9]=\"unknown command\";var p;a:{var q=d.navigator;if(q){var r=q.userAgent;if(r){p=r;break a}}p=\"\"}function t(a){return-1!=p.indexOf(a)};function u(){return t(\"Firefox\")||t(\"FxiOS\")}function v(){return(t(\"Chrome\")||t(\"CriOS\"))&&!t(\"Edge\")};function w(){return t(\"iPhone\")&&!t(\"iPod\")&&!t(\"iPad\")};var y=t(\"Opera\"),z=t(\"Trident\")||t(\"MSIE\"),A=t(\"Edge\"),B=t(\"Gecko\")&&!(-1!=p.toLowerCase().indexOf(\"webkit\")&&!t(\"Edge\"))&&!(t(\"Trident\")||t(\"MSIE\"))&&!t(\"Edge\"),C=-1!=p.toLowerCase().indexOf(\"webkit\")&&!t(\"Edge\");function D(){var a=d.document;return a?a.documentMode:void 0}var E;\na:{var F=\"\",G=function(){var a=p;if(B)return/rv:([^\\);]+)(\\)|;)/.exec(a);if(A)return/Edge\\/([\\d\\.]+)/.exec(a);if(z)return/\\b(?:MSIE|rv)[: ]([^\\);]+)(\\)|;)/.exec(a);if(C)return/WebKit\\/(\\S+)/.exec(a);if(y)return/(?:Version)[ \\/]?(\\S+)/.exec(a)}();G&&(F=G?G[1]:\"\");if(z){var H=D();if(null!=H&&H>parseFloat(F)){E=String(H);break a}}E=F}var I;I=d.document&&z?D():void 0;var J=u(),K=w()||t(\"iPod\"),L=t(\"iPad\"),M=t(\"Android\")&&!(v()||u()||t(\"Opera\")||t(\"Silk\")),N=v(),aa=t(\"Safari\")&&!(v()||t(\"Coast\")||t(\"Opera\")||t(\"Edge\")||t(\"Edg/\")||t(\"OPR\")||u()||t(\"Silk\")||t(\"Android\"))&&!(w()||t(\"iPad\")||t(\"iPod\"));function O(a){return(a=a.exec(p))?a[1]:\"\"}(function(){if(J)return O(/Firefox\\/([0-9.]+)/);if(z||A||y)return E;if(N)return w()||t(\"iPad\")||t(\"iPod\")?O(/CriOS\\/([0-9.]+)/):O(/Chrome\\/([0-9.]+)/);if(aa&&!(w()||t(\"iPad\")||t(\"iPod\")))return O(/Version\\/([0-9.]+)/);if(K||L){var a=/Version\\/(\\S+).*Mobile\\/(\\S+)/.exec(p);if(a)return a[1]+\".\"+a[2]}else if(M)return(a=O(/Android\\s+([0-9.]+)/))?a:O(/Version\\/([0-9.]+)/);return\"\"})();var P=z&&!(8\u003C=Number(I)),ba=z&&!(9\u003C=Number(I));var ca={SCRIPT:1,STYLE:1,HEAD:1,IFRAME:1,OBJECT:1},Q={IMG:\" \",BR:\"\\n\"};function R(a,b,c){if(!(a.nodeName in ca))if(3==a.nodeType)c?b.push(String(a.nodeValue).replace(/(\\r\\n|\\r|\\n)/g,\"\")):b.push(a.nodeValue);else if(a.nodeName in Q)b.push(Q[a.nodeName]);else for(a=a.firstChild;a;)R(a,b,c),a=a.nextSibling};function S(a,b){b=b.toLowerCase();return\"style\"==b?da(a.style.cssText):P&&\"value\"==b&&T(a,\"INPUT\")?a.value:ba&&!0===a[b]?String(a.getAttribute(b)):(a=a.getAttributeNode(b))&&a.specified?a.value:null}var ea=/[;]+(?=(?:(?:[^\"]*\"){2})*[^\"]*$)(?=(?:(?:[^']*'){2})*[^']*$)(?=(?:[^()]*\\([^()]*\\))*[^()]*$)/;\nfunction da(a){var b=[];k(a.split(ea),function(c){var e=c.indexOf(\":\");0\u003Ce&&(c=[c.slice(0,e),c.slice(e+1)],2==c.length&&b.push(c[0].toLowerCase(),\":\",c[1],\";\"))});b=b.join(\"\");return b=\";\"==b.charAt(b.length-1)?b:b+\";\"}function U(a,b){P&&\"value\"==b&&T(a,\"OPTION\")&&null===S(a,\"value\")?(b=[],R(a,b,!1),a=b.join(\"\")):a=a[b];return a}\nfunction T(a,b){b&&\"string\"!==typeof b&&(b=b.toString());return a instanceof HTMLFormElement?!!a&&1==a.nodeType&&(!b||\"FORM\"==b):!!a&&1==a.nodeType&&(!b||a.tagName.toUpperCase()==b)}function V(a){return T(a,\"OPTION\")?!0:T(a,\"INPUT\")?(a=a.type.toLowerCase(),\"checkbox\"==a||\"radio\"==a):!1};var fa={\"class\":\"className\",readonly:\"readOnly\"},ha=\"allowfullscreen allowpaymentrequest allowusermedia async autofocus autoplay checked compact complete controls declare default defaultchecked defaultselected defer disabled ended formnovalidate hidden indeterminate iscontenteditable ismap itemscope loop multiple muted nohref nomodule noresize noshade novalidate nowrap open paused playsinline pubdate readonly required reversed scoped seamless seeking selected truespeed typemustmatch willvalidate\".split(\" \");function W(a,b){var c=null,e=b.toLowerCase();if(\"style\"==e)return(c=a.style)&&\"string\"!=typeof c&&(c=c.cssText),c;if((\"selected\"==e||\"checked\"==e)&&V(a)){if(!V(a))throw new l(15,\"Element is not selectable\");b=\"selected\";c=a.type&&a.type.toLowerCase();if(\"checkbox\"==c||\"radio\"==c)b=\"checked\";return U(a,b)?\"true\":null}var g=T(a,\"A\");if(T(a,\"IMG\")&&\"src\"==e||g&&\"href\"==e)return(c=S(a,e))&&(c=U(a,e)),c;if(\"spellcheck\"==e){c=S(a,e);if(null!==c){if(\"false\"==c.toLowerCase())return\"false\";if(\"true\"==c.toLowerCase())return\"true\"}return U(a,\ne)+\"\"}g=fa[b]||b;if(0\u003C=h(ha,e))return(c=null!==S(a,b)||U(a,g))?\"true\":null;try{var x=U(a,g)}catch(ia){}(e=null==x)||(e=typeof x,e=\"object\"==e&&null!=x||\"function\"==e);e?c=S(a,b):c=x;return null!=c?c.toString():null}var X=[\"se_exportedFunctionSymbol\"],Y=d;X[0]in Y||\"undefined\"==typeof Y.execScript||Y.execScript(\"var \"+X[0]);for(var Z;X.length&&(Z=X.shift());)X.length||void 0===W?Y[Z]&&Y[Z]!==Object.prototype[Z]?Y=Y[Z]:Y=Y[Z]={}:Y[Z]=W;; return this.se_exportedFunctionSymbol.apply(null,arguments);}).apply(window, arguments);}\n).apply(null, arguments);"
}
[1769669276.629][INFO]: Waiting for pending navigations...
[1769669276.630][INFO]: Done waiting for pending navigations. Status: ok
[1769669276.632][INFO]: Waiting for pending navigations...
[1769669276.632][INFO]: Done waiting for pending navigations. Status: ok
[1769669276.632][INFO]: [e9bdbd4df8cae9f7a7b05ef895e65b5c] RESPONSE ExecuteScript "https://gg.asuracomic.net/storage/media/405813/conversions/07-optimized.webp"
[1769669276.633][INFO]: [e9bdbd4df8cae9f7a7b05ef895e65b5c] COMMAND ExecuteScript {
   "args": [ {
      "element-6066-11e4-a52e-4f735466cecf": "f.CAA1FE4C08EC3FB8AD3888983C4001B7.d.728B49898D8128A16D8B333025A9BEAB.e.32"
   }, "alt" ],
   "script": "/* getAttribute */return (function(){return (function(){var d=this||self;function f(a,b){function c(){}c.prototype=b.prototype;a.prototype=new c;a.prototype.constructor=a};var h=Array.prototype.indexOf?function(a,b){return Array.prototype.indexOf.call(a,b,void 0)}:function(a,b){if(\"string\"===typeof a)return\"string\"!==typeof b||1!=b.length?-1:a.indexOf(b,0);for(var c=0;c\u003Ca.length;c++)if(c in a&&a[c]===b)return c;return-1},k=Array.prototype.forEach?function(a,b){Array.prototype.forEach.call(a,b,void 0)}:function(a,b){for(var c=a.length,e=\"string\"===typeof a?a.split(\"\"):a,g=0;g\u003Cc;g++)g in e&&b.call(void 0,e[g],g,a)};function l(a,b){this.code=a;this.a=m[a]||n;this.message=b||\"\";a=this.a.replace(/((?:^|\\s+)[a-z])/g,function(c){return c.toUpperCase().replace(/^[\\s\\xa0]+/g,\"\")});b=a.length-5;if(0>b||a.indexOf(\"Error\",b)!=b)a+=\"Error\";this.name=a;a=Error(this.message);a.name=this.name;this.stack=a.stack||\"\"}f(l,Error);var n=\"unknown error\",m={15:\"element not selectable\",11:\"element not visible\"};m[31]=n;m[30]=n;m[24]=\"invalid cookie domain\";m[29]=\"invalid element coordinates\";m[12]=\"invalid element state\";m[32]=\"invalid selector\";\nm[51]=\"invalid selector\";m[52]=\"invalid selector\";m[17]=\"javascript error\";m[405]=\"unsupported operation\";m[34]=\"move target out of bounds\";m[27]=\"no such alert\";m[7]=\"no such element\";m[8]=\"no such frame\";m[23]=\"no such window\";m[28]=\"script timeout\";m[33]=\"session not created\";m[10]=\"stale element reference\";m[21]=\"timeout\";m[25]=\"unable to set cookie\";m[26]=\"unexpected alert open\";m[13]=n;m[9]=\"unknown command\";var p;a:{var q=d.navigator;if(q){var r=q.userAgent;if(r){p=r;break a}}p=\"\"}function t(a){return-1!=p.indexOf(a)};function u(){return t(\"Firefox\")||t(\"FxiOS\")}function v(){return(t(\"Chrome\")||t(\"CriOS\"))&&!t(\"Edge\")};function w(){return t(\"iPhone\")&&!t(\"iPod\")&&!t(\"iPad\")};var y=t(\"Opera\"),z=t(\"Trident\")||t(\"MSIE\"),A=t(\"Edge\"),B=t(\"Gecko\")&&!(-1!=p.toLowerCase().indexOf(\"webkit\")&&!t(\"Edge\"))&&!(t(\"Trident\")||t(\"MSIE\"))&&!t(\"Edge\"),C=-1!=p.toLowerCase().indexOf(\"webkit\")&&!t(\"Edge\");function D(){var a=d.document;return a?a.documentMode:void 0}var E;\na:{var F=\"\",G=function(){var a=p;if(B)return/rv:([^\\);]+)(\\)|;)/.exec(a);if(A)return/Edge\\/([\\d\\.]+)/.exec(a);if(z)return/\\b(?:MSIE|rv)[: ]([^\\);]+)(\\)|;)/.exec(a);if(C)return/WebKit\\/(\\S+)/.exec(a);if(y)return/(?:Version)[ \\/]?(\\S+)/.exec(a)}();G&&(F=G?G[1]:\"\");if(z){var H=D();if(null!=H&&H>parseFloat(F)){E=String(H);break a}}E=F}var I;I=d.document&&z?D():void 0;var J=u(),K=w()||t(\"iPod\"),L=t(\"iPad\"),M=t(\"Android\")&&!(v()||u()||t(\"Opera\")||t(\"Silk\")),N=v(),aa=t(\"Safari\")&&!(v()||t(\"Coast\")||t(\"Opera\")||t(\"Edge\")||t(\"Edg/\")||t(\"OPR\")||u()||t(\"Silk\")||t(\"Android\"))&&!(w()||t(\"iPad\")||t(\"iPod\"));function O(a){return(a=a.exec(p))?a[1]:\"\"}(function(){if(J)return O(/Firefox\\/([0-9.]+)/);if(z||A||y)return E;if(N)return w()||t(\"iPad\")||t(\"iPod\")?O(/CriOS\\/([0-9.]+)/):O(/Chrome\\/([0-9.]+)/);if(aa&&!(w()||t(\"iPad\")||t(\"iPod\")))return O(/Version\\/([0-9.]+)/);if(K||L){var a=/Version\\/(\\S+).*Mobile\\/(\\S+)/.exec(p);if(a)return a[1]+\".\"+a[2]}else if(M)return(a=O(/Android\\s+([0-9.]+)/))?a:O(/Version\\/([0-9.]+)/);return\"\"})();var P=z&&!(8\u003C=Number(I)),ba=z&&!(9\u003C=Number(I));var ca={SCRIPT:1,STYLE:1,HEAD:1,IFRAME:1,OBJECT:1},Q={IMG:\" \",BR:\"\\n\"};function R(a,b,c){if(!(a.nodeName in ca))if(3==a.nodeType)c?b.push(String(a.nodeValue).replace(/(\\r\\n|\\r|\\n)/g,\"\")):b.push(a.nodeValue);else if(a.nodeName in Q)b.push(Q[a.nodeName]);else for(a=a.firstChild;a;)R(a,b,c),a=a.nextSibling};function S(a,b){b=b.toLowerCase();return\"style\"==b?da(a.style.cssText):P&&\"value\"==b&&T(a,\"INPUT\")?a.value:ba&&!0===a[b]?String(a.getAttribute(b)):(a=a.getAttributeNode(b))&&a.specified?a.value:null}var ea=/[;]+(?=(?:(?:[^\"]*\"){2})*[^\"]*$)(?=(?:(?:[^']*'){2})*[^']*$)(?=(?:[^()]*\\([^()]*\\))*[^()]*$)/;\nfunction da(a){var b=[];k(a.split(ea),function(c){var e=c.indexOf(\":\");0\u003Ce&&(c=[c.slice(0,e),c.slice(e+1)],2==c.length&&b.push(c[0].toLowerCase(),\":\",c[1],\";\"))});b=b.join(\"\");return b=\";\"==b.charAt(b.length-1)?b:b+\";\"}function U(a,b){P&&\"value\"==b&&T(a,\"OPTION\")&&null===S(a,\"value\")?(b=[],R(a,b,!1),a=b.join(\"\")):a=a[b];return a}\nfunction T(a,b){b&&\"string\"!==typeof b&&(b=b.toString());return a instanceof HTMLFormElement?!!a&&1==a.nodeType&&(!b||\"FORM\"==b):!!a&&1==a.nodeType&&(!b||a.tagName.toUpperCase()==b)}function V(a){return T(a,\"OPTION\")?!0:T(a,\"INPUT\")?(a=a.type.toLowerCase(),\"checkbox\"==a||\"radio\"==a):!1};var fa={\"class\":\"className\",readonly:\"readOnly\"},ha=\"allowfullscreen allowpaymentrequest allowusermedia async autofocus autoplay checked compact complete controls declare default defaultchecked defaultselected defer disabled ended formnovalidate hidden indeterminate iscontenteditable ismap itemscope loop multiple muted nohref nomodule noresize noshade novalidate nowrap open paused playsinline pubdate readonly required reversed scoped seamless seeking selected truespeed typemustmatch willvalidate\".split(\" \");function W(a,b){var c=null,e=b.toLowerCase();if(\"style\"==e)return(c=a.style)&&\"string\"!=typeof c&&(c=c.cssText),c;if((\"selected\"==e||\"checked\"==e)&&V(a)){if(!V(a))throw new l(15,\"Element is not selectable\");b=\"selected\";c=a.type&&a.type.toLowerCase();if(\"checkbox\"==c||\"radio\"==c)b=\"checked\";return U(a,b)?\"true\":null}var g=T(a,\"A\");if(T(a,\"IMG\")&&\"src\"==e||g&&\"href\"==e)return(c=S(a,e))&&(c=U(a,e)),c;if(\"spellcheck\"==e){c=S(a,e);if(null!==c){if(\"false\"==c.toLowerCase())return\"false\";if(\"true\"==c.toLowerCase())return\"true\"}return U(a,\ne)+\"\"}g=fa[b]||b;if(0\u003C=h(ha,e))return(c=null!==S(a,b)||U(a,g))?\"true\":null;try{var x=U(a,g)}catch(ia){}(e=null==x)||(e=typeof x,e=\"object\"==e&&null!=x||\"function\"==e);e?c=S(a,b):c=x;return null!=c?c.toString():null}var X=[\"se_exportedFunctionSymbol\"],Y=d;X[0]in Y||\"undefined\"==typeof Y.execScript||Y.execScript(\"var \"+X[0]);for(var Z;X.length&&(Z=X.shift());)X.length||void 0===W?Y[Z]&&Y[Z]!==Object.prototype[Z]?Y=Y[Z]:Y=Y[Z]={}:Y[Z]=W;; return this.se_exportedFunctionSymbol.apply(null,arguments);}).apply(window, arguments);}\n).apply(null, arguments);"
}
[1769669276.633][INFO]: Waiting for pending navigations...
[1769669276.633][INFO]: Done waiting for pending navigations. Status: ok
[1769669276.635][INFO]: Waiting for pending navigations...
[1769669276.636][INFO]: Done waiting for pending navigations. Status: ok
[1769669276.636][INFO]: [e9bdbd4df8cae9f7a7b05ef895e65b5c] RESPONSE ExecuteScript "chapter page 9"
[1769669276.637][INFO]: [e9bdbd4df8cae9f7a7b05ef895e65b5c] COMMAND ExecuteScript {
   "args": [ {
      "element-6066-11e4-a52e-4f735466cecf": "f.CAA1FE4C08EC3FB8AD3888983C4001B7.d.728B49898D8128A16D8B333025A9BEAB.e.32"
   }, "currentSrc" ],
   "script": "/* getAttribute */return (function(){return (function(){var d=this||self;function f(a,b){function c(){}c.prototype=b.prototype;a.prototype=new c;a.prototype.constructor=a};var h=Array.prototype.indexOf?function(a,b){return Array.prototype.indexOf.call(a,b,void 0)}:function(a,b){if(\"string\"===typeof a)return\"string\"!==typeof b||1!=b.length?-1:a.indexOf(b,0);for(var c=0;c\u003Ca.length;c++)if(c in a&&a[c]===b)return c;return-1},k=Array.prototype.forEach?function(a,b){Array.prototype.forEach.call(a,b,void 0)}:function(a,b){for(var c=a.length,e=\"string\"===typeof a?a.split(\"\"):a,g=0;g\u003Cc;g++)g in e&&b.call(void 0,e[g],g,a)};function l(a,b){this.code=a;this.a=m[a]||n;this.message=b||\"\";a=this.a.replace(/((?:^|\\s+)[a-z])/g,function(c){return c.toUpperCase().replace(/^[\\s\\xa0]+/g,\"\")});b=a.length-5;if(0>b||a.indexOf(\"Error\",b)!=b)a+=\"Error\";this.name=a;a=Error(this.message);a.name=this.name;this.stack=a.stack||\"\"}f(l,Error);var n=\"unknown error\",m={15:\"element not selectable\",11:\"element not visible\"};m[31]=n;m[30]=n;m[24]=\"invalid cookie domain\";m[29]=\"invalid element coordinates\";m[12]=\"invalid element state\";m[32]=\"invalid selector\";\nm[51]=\"invalid selector\";m[52]=\"invalid selector\";m[17]=\"javascript error\";m[405]=\"unsupported operation\";m[34]=\"move target out of bounds\";m[27]=\"no such alert\";m[7]=\"no such element\";m[8]=\"no such frame\";m[23]=\"no such window\";m[28]=\"script timeout\";m[33]=\"session not created\";m[10]=\"stale element reference\";m[21]=\"timeout\";m[25]=\"unable to set cookie\";m[26]=\"unexpected alert open\";m[13]=n;m[9]=\"unknown command\";var p;a:{var q=d.navigator;if(q){var r=q.userAgent;if(r){p=r;break a}}p=\"\"}function t(a){return-1!=p.indexOf(a)};function u(){return t(\"Firefox\")||t(\"FxiOS\")}function v(){return(t(\"Chrome\")||t(\"CriOS\"))&&!t(\"Edge\")};function w(){return t(\"iPhone\")&&!t(\"iPod\")&&!t(\"iPad\")};var y=t(\"Opera\"),z=t(\"Trident\")||t(\"MSIE\"),A=t(\"Edge\"),B=t(\"Gecko\")&&!(-1!=p.toLowerCase().indexOf(\"webkit\")&&!t(\"Edge\"))&&!(t(\"Trident\")||t(\"MSIE\"))&&!t(\"Edge\"),C=-1!=p.toLowerCase().indexOf(\"webkit\")&&!t(\"Edge\");function D(){var a=d.document;return a?a.documentMode:void 0}var E;\na:{var F=\"\",G=function(){var a=p;if(B)return/rv:([^\\);]+)(\\)|;)/.exec(a);if(A)return/Edge\\/([\\d\\.]+)/.exec(a);if(z)return/\\b(?:MSIE|rv)[: ]([^\\);]+)(\\)|;)/.exec(a);if(C)return/WebKit\\/(\\S+)/.exec(a);if(y)return/(?:Version)[ \\/]?(\\S+)/.exec(a)}();G&&(F=G?G[1]:\"\");if(z){var H=D();if(null!=H&&H>parseFloat(F)){E=String(H);break a}}E=F}var I;I=d.document&&z?D():void 0;var J=u(),K=w()||t(\"iPod\"),L=t(\"iPad\"),M=t(\"Android\")&&!(v()||u()||t(\"Opera\")||t(\"Silk\")),N=v(),aa=t(\"Safari\")&&!(v()||t(\"Coast\")||t(\"Opera\")||t(\"Edge\")||t(\"Edg/\")||t(\"OPR\")||u()||t(\"Silk\")||t(\"Android\"))&&!(w()||t(\"iPad\")||t(\"iPod\"));function O(a){return(a=a.exec(p))?a[1]:\"\"}(function(){if(J)return O(/Firefox\\/([0-9.]+)/);if(z||A||y)return E;if(N)return w()||t(\"iPad\")||t(\"iPod\")?O(/CriOS\\/([0-9.]+)/):O(/Chrome\\/([0-9.]+)/);if(aa&&!(w()||t(\"iPad\")||t(\"iPod\")))return O(/Version\\/([0-9.]+)/);if(K||L){var a=/Version\\/(\\S+).*Mobile\\/(\\S+)/.exec(p);if(a)return a[1]+\".\"+a[2]}else if(M)return(a=O(/Android\\s+([0-9.]+)/))?a:O(/Version\\/([0-9.]+)/);return\"\"})();var P=z&&!(8\u003C=Number(I)),ba=z&&!(9\u003C=Number(I));var ca={SCRIPT:1,STYLE:1,HEAD:1,IFRAME:1,OBJECT:1},Q={IMG:\" \",BR:\"\\n\"};function R(a,b,c){if(!(a.nodeName in ca))if(3==a.nodeType)c?b.push(String(a.nodeValue).replace(/(\\r\\n|\\r|\\n)/g,\"\")):b.push(a.nodeValue);else if(a.nodeName in Q)b.push(Q[a.nodeName]);else for(a=a.firstChild;a;)R(a,b,c),a=a.nextSibling};function S(a,b){b=b.toLowerCase();return\"style\"==b?da(a.style.cssText):P&&\"value\"==b&&T(a,\"INPUT\")?a.value:ba&&!0===a[b]?String(a.getAttribute(b)):(a=a.getAttributeNode(b))&&a.specified?a.value:null}var ea=/[;]+(?=(?:(?:[^\"]*\"){2})*[^\"]*$)(?=(?:(?:[^']*'){2})*[^']*$)(?=(?:[^()]*\\([^()]*\\))*[^()]*$)/;\nfunction da(a){var b=[];k(a.split(ea),function(c){var e=c.indexOf(\":\");0\u003Ce&&(c=[c.slice(0,e),c.slice(e+1)],2==c.length&&b.push(c[0].toLowerCase(),\":\",c[1],\";\"))});b=b.join(\"\");return b=\";\"==b.charAt(b.length-1)?b:b+\";\"}function U(a,b){P&&\"value\"==b&&T(a,\"OPTION\")&&null===S(a,\"value\")?(b=[],R(a,b,!1),a=b.join(\"\")):a=a[b];return a}\nfunction T(a,b){b&&\"string\"!==typeof b&&(b=b.toString());return a instanceof HTMLFormElement?!!a&&1==a.nodeType&&(!b||\"FORM\"==b):!!a&&1==a.nodeType&&(!b||a.tagName.toUpperCase()==b)}function V(a){return T(a,\"OPTION\")?!0:T(a,\"INPUT\")?(a=a.type.toLowerCase(),\"checkbox\"==a||\"radio\"==a):!1};var fa={\"class\":\"className\",readonly:\"readOnly\"},ha=\"allowfullscreen allowpaymentrequest allowusermedia async autofocus autoplay checked compact complete controls declare default defaultchecked defaultselected defer disabled ended formnovalidate hidden indeterminate iscontenteditable ismap itemscope loop multiple muted nohref nomodule noresize noshade novalidate nowrap open paused playsinline pubdate readonly required reversed scoped seamless seeking selected truespeed typemustmatch willvalidate\".split(\" \");function W(a,b){var c=null,e=b.toLowerCase();if(\"style\"==e)return(c=a.style)&&\"string\"!=typeof c&&(c=c.cssText),c;if((\"selected\"==e||\"checked\"==e)&&V(a)){if(!V(a))throw new l(15,\"Element is not selectable\");b=\"selected\";c=a.type&&a.type.toLowerCase();if(\"checkbox\"==c||\"radio\"==c)b=\"checked\";return U(a,b)?\"true\":null}var g=T(a,\"A\");if(T(a,\"IMG\")&&\"src\"==e||g&&\"href\"==e)return(c=S(a,e))&&(c=U(a,e)),c;if(\"spellcheck\"==e){c=S(a,e);if(null!==c){if(\"false\"==c.toLowerCase())return\"false\";if(\"true\"==c.toLowerCase())return\"true\"}return U(a,\ne)+\"\"}g=fa[b]||b;if(0\u003C=h(ha,e))return(c=null!==S(a,b)||U(a,g))?\"true\":null;try{var x=U(a,g)}catch(ia){}(e=null==x)||(e=typeof x,e=\"object\"==e&&null!=x||\"function\"==e);e?c=S(a,b):c=x;return null!=c?c.toString():null}var X=[\"se_exportedFunctionSymbol\"],Y=d;X[0]in Y||\"undefined\"==typeof Y.execScript||Y.execScript(\"var \"+X[0]);for(var Z;X.length&&(Z=X.shift());)X.length||void 0===W?Y[Z]&&Y[Z]!==Object.prototype[Z]?Y=Y[Z]:Y=Y[Z]={}:Y[Z]=W;; return this.se_exportedFunctionSymbol.apply(null,arguments);}).apply(window, arguments);}\n).apply(null, arguments);"
}
[1769669276.637][INFO]: Waiting for pending navigations...
[1769669276.637][INFO]: Done waiting for pending navigations. Status: ok
[1769669276.639][INFO]: Waiting for pending navigations...
[1769669276.640][INFO]: Done waiting for pending navigations. Status: ok
[1769669276.640][INFO]: [e9bdbd4df8cae9f7a7b05ef895e65b5c] RESPONSE ExecuteScript "https://gg.asuracomic.net/storage/media/405814/conversions/08-optimized.webp"
[1769669276.641][INFO]: [e9bdbd4df8cae9f7a7b05ef895e65b5c] COMMAND ExecuteScript {
   "args": [ {
      "element-6066-11e4-a52e-4f735466cecf": "f.CAA1FE4C08EC3FB8AD3888983C4001B7.d.728B49898D8128A16D8B333025A9BEAB.e.33"
   }, "alt" ],
   "script": "/* getAttribute */return (function(){return (function(){var d=this||self;function f(a,b){function c(){}c.prototype=b.prototype;a.prototype=new c;a.prototype.constructor=a};var h=Array.prototype.indexOf?function(a,b){return Array.prototype.indexOf.call(a,b,void 0)}:function(a,b){if(\"string\"===typeof a)return\"string\"!==typeof b||1!=b.length?-1:a.indexOf(b,0);for(var c=0;c\u003Ca.length;c++)if(c in a&&a[c]===b)return c;return-1},k=Array.prototype.forEach?function(a,b){Array.prototype.forEach.call(a,b,void 0)}:function(a,b){for(var c=a.length,e=\"string\"===typeof a?a.split(\"\"):a,g=0;g\u003Cc;g++)g in e&&b.call(void 0,e[g],g,a)};function l(a,b){this.code=a;this.a=m[a]||n;this.message=b||\"\";a=this.a.replace(/((?:^|\\s+)[a-z])/g,function(c){return c.toUpperCase().replace(/^[\\s\\xa0]+/g,\"\")});b=a.length-5;if(0>b||a.indexOf(\"Error\",b)!=b)a+=\"Error\";this.name=a;a=Error(this.message);a.name=this.name;this.stack=a.stack||\"\"}f(l,Error);var n=\"unknown error\",m={15:\"element not selectable\",11:\"element not visible\"};m[31]=n;m[30]=n;m[24]=\"invalid cookie domain\";m[29]=\"invalid element coordinates\";m[12]=\"invalid element state\";m[32]=\"invalid selector\";\nm[51]=\"invalid selector\";m[52]=\"invalid selector\";m[17]=\"javascript error\";m[405]=\"unsupported operation\";m[34]=\"move target out of bounds\";m[27]=\"no such alert\";m[7]=\"no such element\";m[8]=\"no such frame\";m[23]=\"no such window\";m[28]=\"script timeout\";m[33]=\"session not created\";m[10]=\"stale element reference\";m[21]=\"timeout\";m[25]=\"unable to set cookie\";m[26]=\"unexpected alert open\";m[13]=n;m[9]=\"unknown command\";var p;a:{var q=d.navigator;if(q){var r=q.userAgent;if(r){p=r;break a}}p=\"\"}function t(a){return-1!=p.indexOf(a)};function u(){return t(\"Firefox\")||t(\"FxiOS\")}function v(){return(t(\"Chrome\")||t(\"CriOS\"))&&!t(\"Edge\")};function w(){return t(\"iPhone\")&&!t(\"iPod\")&&!t(\"iPad\")};var y=t(\"Opera\"),z=t(\"Trident\")||t(\"MSIE\"),A=t(\"Edge\"),B=t(\"Gecko\")&&!(-1!=p.toLowerCase().indexOf(\"webkit\")&&!t(\"Edge\"))&&!(t(\"Trident\")||t(\"MSIE\"))&&!t(\"Edge\"),C=-1!=p.toLowerCase().indexOf(\"webkit\")&&!t(\"Edge\");function D(){var a=d.document;return a?a.documentMode:void 0}var E;\na:{var F=\"\",G=function(){var a=p;if(B)return/rv:([^\\);]+)(\\)|;)/.exec(a);if(A)return/Edge\\/([\\d\\.]+)/.exec(a);if(z)return/\\b(?:MSIE|rv)[: ]([^\\);]+)(\\)|;)/.exec(a);if(C)return/WebKit\\/(\\S+)/.exec(a);if(y)return/(?:Version)[ \\/]?(\\S+)/.exec(a)}();G&&(F=G?G[1]:\"\");if(z){var H=D();if(null!=H&&H>parseFloat(F)){E=String(H);break a}}E=F}var I;I=d.document&&z?D():void 0;var J=u(),K=w()||t(\"iPod\"),L=t(\"iPad\"),M=t(\"Android\")&&!(v()||u()||t(\"Opera\")||t(\"Silk\")),N=v(),aa=t(\"Safari\")&&!(v()||t(\"Coast\")||t(\"Opera\")||t(\"Edge\")||t(\"Edg/\")||t(\"OPR\")||u()||t(\"Silk\")||t(\"Android\"))&&!(w()||t(\"iPad\")||t(\"iPod\"));function O(a){return(a=a.exec(p))?a[1]:\"\"}(function(){if(J)return O(/Firefox\\/([0-9.]+)/);if(z||A||y)return E;if(N)return w()||t(\"iPad\")||t(\"iPod\")?O(/CriOS\\/([0-9.]+)/):O(/Chrome\\/([0-9.]+)/);if(aa&&!(w()||t(\"iPad\")||t(\"iPod\")))return O(/Version\\/([0-9.]+)/);if(K||L){var a=/Version\\/(\\S+).*Mobile\\/(\\S+)/.exec(p);if(a)return a[1]+\".\"+a[2]}else if(M)return(a=O(/Android\\s+([0-9.]+)/))?a:O(/Version\\/([0-9.]+)/);return\"\"})();var P=z&&!(8\u003C=Number(I)),ba=z&&!(9\u003C=Number(I));var ca={SCRIPT:1,STYLE:1,HEAD:1,IFRAME:1,OBJECT:1},Q={IMG:\" \",BR:\"\\n\"};function R(a,b,c){if(!(a.nodeName in ca))if(3==a.nodeType)c?b.push(String(a.nodeValue).replace(/(\\r\\n|\\r|\\n)/g,\"\")):b.push(a.nodeValue);else if(a.nodeName in Q)b.push(Q[a.nodeName]);else for(a=a.firstChild;a;)R(a,b,c),a=a.nextSibling};function S(a,b){b=b.toLowerCase();return\"style\"==b?da(a.style.cssText):P&&\"value\"==b&&T(a,\"INPUT\")?a.value:ba&&!0===a[b]?String(a.getAttribute(b)):(a=a.getAttributeNode(b))&&a.specified?a.value:null}var ea=/[;]+(?=(?:(?:[^\"]*\"){2})*[^\"]*$)(?=(?:(?:[^']*'){2})*[^']*$)(?=(?:[^()]*\\([^()]*\\))*[^()]*$)/;\nfunction da(a){var b=[];k(a.split(ea),function(c){var e=c.indexOf(\":\");0\u003Ce&&(c=[c.slice(0,e),c.slice(e+1)],2==c.length&&b.push(c[0].toLowerCase(),\":\",c[1],\";\"))});b=b.join(\"\");return b=\";\"==b.charAt(b.length-1)?b:b+\";\"}function U(a,b){P&&\"value\"==b&&T(a,\"OPTION\")&&null===S(a,\"value\")?(b=[],R(a,b,!1),a=b.join(\"\")):a=a[b];return a}\nfunction T(a,b){b&&\"string\"!==typeof b&&(b=b.toString());return a instanceof HTMLFormElement?!!a&&1==a.nodeType&&(!b||\"FORM\"==b):!!a&&1==a.nodeType&&(!b||a.tagName.toUpperCase()==b)}function V(a){return T(a,\"OPTION\")?!0:T(a,\"INPUT\")?(a=a.type.toLowerCase(),\"checkbox\"==a||\"radio\"==a):!1};var fa={\"class\":\"className\",readonly:\"readOnly\"},ha=\"allowfullscreen allowpaymentrequest allowusermedia async autofocus autoplay checked compact complete controls declare default defaultchecked defaultselected defer disabled ended formnovalidate hidden indeterminate iscontenteditable ismap itemscope loop multiple muted nohref nomodule noresize noshade novalidate nowrap open paused playsinline pubdate readonly required reversed scoped seamless seeking selected truespeed typemustmatch willvalidate\".split(\" \");function W(a,b){var c=null,e=b.toLowerCase();if(\"style\"==e)return(c=a.style)&&\"string\"!=typeof c&&(c=c.cssText),c;if((\"selected\"==e||\"checked\"==e)&&V(a)){if(!V(a))throw new l(15,\"Element is not selectable\");b=\"selected\";c=a.type&&a.type.toLowerCase();if(\"checkbox\"==c||\"radio\"==c)b=\"checked\";return U(a,b)?\"true\":null}var g=T(a,\"A\");if(T(a,\"IMG\")&&\"src\"==e||g&&\"href\"==e)return(c=S(a,e))&&(c=U(a,e)),c;if(\"spellcheck\"==e){c=S(a,e);if(null!==c){if(\"false\"==c.toLowerCase())return\"false\";if(\"true\"==c.toLowerCase())return\"true\"}return U(a,\ne)+\"\"}g=fa[b]||b;if(0\u003C=h(ha,e))return(c=null!==S(a,b)||U(a,g))?\"true\":null;try{var x=U(a,g)}catch(ia){}(e=null==x)||(e=typeof x,e=\"object\"==e&&null!=x||\"function\"==e);e?c=S(a,b):c=x;return null!=c?c.toString():null}var X=[\"se_exportedFunctionSymbol\"],Y=d;X[0]in Y||\"undefined\"==typeof Y.execScript||Y.execScript(\"var \"+X[0]);for(var Z;X.length&&(Z=X.shift());)X.length||void 0===W?Y[Z]&&Y[Z]!==Object.prototype[Z]?Y=Y[Z]:Y=Y[Z]={}:Y[Z]=W;; return this.se_exportedFunctionSymbol.apply(null,arguments);}).apply(window, arguments);}\n).apply(null, arguments);"
}
[1769669276.641][INFO]: Waiting for pending navigations...
[1769669276.641][INFO]: Done waiting for pending navigations. Status: ok
[1769669276.643][INFO]: Waiting for pending navigations...
[1769669276.643][INFO]: Done waiting for pending navigations. Status: ok
[1769669276.643][INFO]: [e9bdbd4df8cae9f7a7b05ef895e65b5c] RESPONSE ExecuteScript "chapter page 10"
[1769669276.644][INFO]: [e9bdbd4df8cae9f7a7b05ef895e65b5c] COMMAND ExecuteScript {
   "args": [ {
      "element-6066-11e4-a52e-4f735466cecf": "f.CAA1FE4C08EC3FB8AD3888983C4001B7.d.728B49898D8128A16D8B333025A9BEAB.e.33"
   }, "currentSrc" ],
   "script": "/* getAttribute */return (function(){return (function(){var d=this||self;function f(a,b){function c(){}c.prototype=b.prototype;a.prototype=new c;a.prototype.constructor=a};var h=Array.prototype.indexOf?function(a,b){return Array.prototype.indexOf.call(a,b,void 0)}:function(a,b){if(\"string\"===typeof a)return\"string\"!==typeof b||1!=b.length?-1:a.indexOf(b,0);for(var c=0;c\u003Ca.length;c++)if(c in a&&a[c]===b)return c;return-1},k=Array.prototype.forEach?function(a,b){Array.prototype.forEach.call(a,b,void 0)}:function(a,b){for(var c=a.length,e=\"string\"===typeof a?a.split(\"\"):a,g=0;g\u003Cc;g++)g in e&&b.call(void 0,e[g],g,a)};function l(a,b){this.code=a;this.a=m[a]||n;this.message=b||\"\";a=this.a.replace(/((?:^|\\s+)[a-z])/g,function(c){return c.toUpperCase().replace(/^[\\s\\xa0]+/g,\"\")});b=a.length-5;if(0>b||a.indexOf(\"Error\",b)!=b)a+=\"Error\";this.name=a;a=Error(this.message);a.name=this.name;this.stack=a.stack||\"\"}f(l,Error);var n=\"unknown error\",m={15:\"element not selectable\",11:\"element not visible\"};m[31]=n;m[30]=n;m[24]=\"invalid cookie domain\";m[29]=\"invalid element coordinates\";m[12]=\"invalid element state\";m[32]=\"invalid selector\";\nm[51]=\"invalid selector\";m[52]=\"invalid selector\";m[17]=\"javascript error\";m[405]=\"unsupported operation\";m[34]=\"move target out of bounds\";m[27]=\"no such alert\";m[7]=\"no such element\";m[8]=\"no such frame\";m[23]=\"no such window\";m[28]=\"script timeout\";m[33]=\"session not created\";m[10]=\"stale element reference\";m[21]=\"timeout\";m[25]=\"unable to set cookie\";m[26]=\"unexpected alert open\";m[13]=n;m[9]=\"unknown command\";var p;a:{var q=d.navigator;if(q){var r=q.userAgent;if(r){p=r;break a}}p=\"\"}function t(a){return-1!=p.indexOf(a)};function u(){return t(\"Firefox\")||t(\"FxiOS\")}function v(){return(t(\"Chrome\")||t(\"CriOS\"))&&!t(\"Edge\")};function w(){return t(\"iPhone\")&&!t(\"iPod\")&&!t(\"iPad\")};var y=t(\"Opera\"),z=t(\"Trident\")||t(\"MSIE\"),A=t(\"Edge\"),B=t(\"Gecko\")&&!(-1!=p.toLowerCase().indexOf(\"webkit\")&&!t(\"Edge\"))&&!(t(\"Trident\")||t(\"MSIE\"))&&!t(\"Edge\"),C=-1!=p.toLowerCase().indexOf(\"webkit\")&&!t(\"Edge\");function D(){var a=d.document;return a?a.documentMode:void 0}var E;\na:{var F=\"\",G=function(){var a=p;if(B)return/rv:([^\\);]+)(\\)|;)/.exec(a);if(A)return/Edge\\/([\\d\\.]+)/.exec(a);if(z)return/\\b(?:MSIE|rv)[: ]([^\\);]+)(\\)|;)/.exec(a);if(C)return/WebKit\\/(\\S+)/.exec(a);if(y)return/(?:Version)[ \\/]?(\\S+)/.exec(a)}();G&&(F=G?G[1]:\"\");if(z){var H=D();if(null!=H&&H>parseFloat(F)){E=String(H);break a}}E=F}var I;I=d.document&&z?D():void 0;var J=u(),K=w()||t(\"iPod\"),L=t(\"iPad\"),M=t(\"Android\")&&!(v()||u()||t(\"Opera\")||t(\"Silk\")),N=v(),aa=t(\"Safari\")&&!(v()||t(\"Coast\")||t(\"Opera\")||t(\"Edge\")||t(\"Edg/\")||t(\"OPR\")||u()||t(\"Silk\")||t(\"Android\"))&&!(w()||t(\"iPad\")||t(\"iPod\"));function O(a){return(a=a.exec(p))?a[1]:\"\"}(function(){if(J)return O(/Firefox\\/([0-9.]+)/);if(z||A||y)return E;if(N)return w()||t(\"iPad\")||t(\"iPod\")?O(/CriOS\\/([0-9.]+)/):O(/Chrome\\/([0-9.]+)/);if(aa&&!(w()||t(\"iPad\")||t(\"iPod\")))return O(/Version\\/([0-9.]+)/);if(K||L){var a=/Version\\/(\\S+).*Mobile\\/(\\S+)/.exec(p);if(a)return a[1]+\".\"+a[2]}else if(M)return(a=O(/Android\\s+([0-9.]+)/))?a:O(/Version\\/([0-9.]+)/);return\"\"})();var P=z&&!(8\u003C=Number(I)),ba=z&&!(9\u003C=Number(I));var ca={SCRIPT:1,STYLE:1,HEAD:1,IFRAME:1,OBJECT:1},Q={IMG:\" \",BR:\"\\n\"};function R(a,b,c){if(!(a.nodeName in ca))if(3==a.nodeType)c?b.push(String(a.nodeValue).replace(/(\\r\\n|\\r|\\n)/g,\"\")):b.push(a.nodeValue);else if(a.nodeName in Q)b.push(Q[a.nodeName]);else for(a=a.firstChild;a;)R(a,b,c),a=a.nextSibling};function S(a,b){b=b.toLowerCase();return\"style\"==b?da(a.style.cssText):P&&\"value\"==b&&T(a,\"INPUT\")?a.value:ba&&!0===a[b]?String(a.getAttribute(b)):(a=a.getAttributeNode(b))&&a.specified?a.value:null}var ea=/[;]+(?=(?:(?:[^\"]*\"){2})*[^\"]*$)(?=(?:(?:[^']*'){2})*[^']*$)(?=(?:[^()]*\\([^()]*\\))*[^()]*$)/;\nfunction da(a){var b=[];k(a.split(ea),function(c){var e=c.indexOf(\":\");0\u003Ce&&(c=[c.slice(0,e),c.slice(e+1)],2==c.length&&b.push(c[0].toLowerCase(),\":\",c[1],\";\"))});b=b.join(\"\");return b=\";\"==b.charAt(b.length-1)?b:b+\";\"}function U(a,b){P&&\"value\"==b&&T(a,\"OPTION\")&&null===S(a,\"value\")?(b=[],R(a,b,!1),a=b.join(\"\")):a=a[b];return a}\nfunction T(a,b){b&&\"string\"!==typeof b&&(b=b.toString());return a instanceof HTMLFormElement?!!a&&1==a.nodeType&&(!b||\"FORM\"==b):!!a&&1==a.nodeType&&(!b||a.tagName.toUpperCase()==b)}function V(a){return T(a,\"OPTION\")?!0:T(a,\"INPUT\")?(a=a.type.toLowerCase(),\"checkbox\"==a||\"radio\"==a):!1};var fa={\"class\":\"className\",readonly:\"readOnly\"},ha=\"allowfullscreen allowpaymentrequest allowusermedia async autofocus autoplay checked compact complete controls declare default defaultchecked defaultselected defer disabled ended formnovalidate hidden indeterminate iscontenteditable ismap itemscope loop multiple muted nohref nomodule noresize noshade novalidate nowrap open paused playsinline pubdate readonly required reversed scoped seamless seeking selected truespeed typemustmatch willvalidate\".split(\" \");function W(a,b){var c=null,e=b.toLowerCase();if(\"style\"==e)return(c=a.style)&&\"string\"!=typeof c&&(c=c.cssText),c;if((\"selected\"==e||\"checked\"==e)&&V(a)){if(!V(a))throw new l(15,\"Element is not selectable\");b=\"selected\";c=a.type&&a.type.toLowerCase();if(\"checkbox\"==c||\"radio\"==c)b=\"checked\";return U(a,b)?\"true\":null}var g=T(a,\"A\");if(T(a,\"IMG\")&&\"src\"==e||g&&\"href\"==e)return(c=S(a,e))&&(c=U(a,e)),c;if(\"spellcheck\"==e){c=S(a,e);if(null!==c){if(\"false\"==c.toLowerCase())return\"false\";if(\"true\"==c.toLowerCase())return\"true\"}return U(a,\ne)+\"\"}g=fa[b]||b;if(0\u003C=h(ha,e))return(c=null!==S(a,b)||U(a,g))?\"true\":null;try{var x=U(a,g)}catch(ia){}(e=null==x)||(e=typeof x,e=\"object\"==e&&null!=x||\"function\"==e);e?c=S(a,b):c=x;return null!=c?c.toString():null}var X=[\"se_exportedFunctionSymbol\"],Y=d;X[0]in Y||\"undefined\"==typeof Y.execScript||Y.execScript(\"var \"+X[0]);for(var Z;X.length&&(Z=X.shift());)X.length||void 0===W?Y[Z]&&Y[Z]!==Object.prototype[Z]?Y=Y[Z]:Y=Y[Z]={}:Y[Z]=W;; return this.se_exportedFunctionSymbol.apply(null,arguments);}).apply(window, arguments);}\n).apply(null, arguments);"
}
[1769669276.644][INFO]: Waiting for pending navigations...
[1769669276.644][INFO]: Done waiting for pending navigations. Status: ok
[1769669276.647][INFO]: Waiting for pending navigations...
[1769669276.647][INFO]: Done waiting for pending navigations. Status: ok
[1769669276.647][INFO]: [e9bdbd4df8cae9f7a7b05ef895e65b5c] RESPONSE ExecuteScript "https://gg.asuracomic.net/storage/media/405815/conversions/09-optimized.webp"
[1769669276.648][INFO]: [e9bdbd4df8cae9f7a7b05ef895e65b5c] COMMAND ExecuteScript {
   "args": [ {
      "element-6066-11e4-a52e-4f735466cecf": "f.CAA1FE4C08EC3FB8AD3888983C4001B7.d.728B49898D8128A16D8B333025A9BEAB.e.34"
   }, "alt" ],
   "script": "/* getAttribute */return (function(){return (function(){var d=this||self;function f(a,b){function c(){}c.prototype=b.prototype;a.prototype=new c;a.prototype.constructor=a};var h=Array.prototype.indexOf?function(a,b){return Array.prototype.indexOf.call(a,b,void 0)}:function(a,b){if(\"string\"===typeof a)return\"string\"!==typeof b||1!=b.length?-1:a.indexOf(b,0);for(var c=0;c\u003Ca.length;c++)if(c in a&&a[c]===b)return c;return-1},k=Array.prototype.forEach?function(a,b){Array.prototype.forEach.call(a,b,void 0)}:function(a,b){for(var c=a.length,e=\"string\"===typeof a?a.split(\"\"):a,g=0;g\u003Cc;g++)g in e&&b.call(void 0,e[g],g,a)};function l(a,b){this.code=a;this.a=m[a]||n;this.message=b||\"\";a=this.a.replace(/((?:^|\\s+)[a-z])/g,function(c){return c.toUpperCase().replace(/^[\\s\\xa0]+/g,\"\")});b=a.length-5;if(0>b||a.indexOf(\"Error\",b)!=b)a+=\"Error\";this.name=a;a=Error(this.message);a.name=this.name;this.stack=a.stack||\"\"}f(l,Error);var n=\"unknown error\",m={15:\"element not selectable\",11:\"element not visible\"};m[31]=n;m[30]=n;m[24]=\"invalid cookie domain\";m[29]=\"invalid element coordinates\";m[12]=\"invalid element state\";m[32]=\"invalid selector\";\nm[51]=\"invalid selector\";m[52]=\"invalid selector\";m[17]=\"javascript error\";m[405]=\"unsupported operation\";m[34]=\"move target out of bounds\";m[27]=\"no such alert\";m[7]=\"no such element\";m[8]=\"no such frame\";m[23]=\"no such window\";m[28]=\"script timeout\";m[33]=\"session not created\";m[10]=\"stale element reference\";m[21]=\"timeout\";m[25]=\"unable to set cookie\";m[26]=\"unexpected alert open\";m[13]=n;m[9]=\"unknown command\";var p;a:{var q=d.navigator;if(q){var r=q.userAgent;if(r){p=r;break a}}p=\"\"}function t(a){return-1!=p.indexOf(a)};function u(){return t(\"Firefox\")||t(\"FxiOS\")}function v(){return(t(\"Chrome\")||t(\"CriOS\"))&&!t(\"Edge\")};function w(){return t(\"iPhone\")&&!t(\"iPod\")&&!t(\"iPad\")};var y=t(\"Opera\"),z=t(\"Trident\")||t(\"MSIE\"),A=t(\"Edge\"),B=t(\"Gecko\")&&!(-1!=p.toLowerCase().indexOf(\"webkit\")&&!t(\"Edge\"))&&!(t(\"Trident\")||t(\"MSIE\"))&&!t(\"Edge\"),C=-1!=p.toLowerCase().indexOf(\"webkit\")&&!t(\"Edge\");function D(){var a=d.document;return a?a.documentMode:void 0}var E;\na:{var F=\"\",G=function(){var a=p;if(B)return/rv:([^\\);]+)(\\)|;)/.exec(a);if(A)return/Edge\\/([\\d\\.]+)/.exec(a);if(z)return/\\b(?:MSIE|rv)[: ]([^\\);]+)(\\)|;)/.exec(a);if(C)return/WebKit\\/(\\S+)/.exec(a);if(y)return/(?:Version)[ \\/]?(\\S+)/.exec(a)}();G&&(F=G?G[1]:\"\");if(z){var H=D();if(null!=H&&H>parseFloat(F)){E=String(H);break a}}E=F}var I;I=d.document&&z?D():void 0;var J=u(),K=w()||t(\"iPod\"),L=t(\"iPad\"),M=t(\"Android\")&&!(v()||u()||t(\"Opera\")||t(\"Silk\")),N=v(),aa=t(\"Safari\")&&!(v()||t(\"Coast\")||t(\"Opera\")||t(\"Edge\")||t(\"Edg/\")||t(\"OPR\")||u()||t(\"Silk\")||t(\"Android\"))&&!(w()||t(\"iPad\")||t(\"iPod\"));function O(a){return(a=a.exec(p))?a[1]:\"\"}(function(){if(J)return O(/Firefox\\/([0-9.]+)/);if(z||A||y)return E;if(N)return w()||t(\"iPad\")||t(\"iPod\")?O(/CriOS\\/([0-9.]+)/):O(/Chrome\\/([0-9.]+)/);if(aa&&!(w()||t(\"iPad\")||t(\"iPod\")))return O(/Version\\/([0-9.]+)/);if(K||L){var a=/Version\\/(\\S+).*Mobile\\/(\\S+)/.exec(p);if(a)return a[1]+\".\"+a[2]}else if(M)return(a=O(/Android\\s+([0-9.]+)/))?a:O(/Version\\/([0-9.]+)/);return\"\"})();var P=z&&!(8\u003C=Number(I)),ba=z&&!(9\u003C=Number(I));var ca={SCRIPT:1,STYLE:1,HEAD:1,IFRAME:1,OBJECT:1},Q={IMG:\" \",BR:\"\\n\"};function R(a,b,c){if(!(a.nodeName in ca))if(3==a.nodeType)c?b.push(String(a.nodeValue).replace(/(\\r\\n|\\r|\\n)/g,\"\")):b.push(a.nodeValue);else if(a.nodeName in Q)b.push(Q[a.nodeName]);else for(a=a.firstChild;a;)R(a,b,c),a=a.nextSibling};function S(a,b){b=b.toLowerCase();return\"style\"==b?da(a.style.cssText):P&&\"value\"==b&&T(a,\"INPUT\")?a.value:ba&&!0===a[b]?String(a.getAttribute(b)):(a=a.getAttributeNode(b))&&a.specified?a.value:null}var ea=/[;]+(?=(?:(?:[^\"]*\"){2})*[^\"]*$)(?=(?:(?:[^']*'){2})*[^']*$)(?=(?:[^()]*\\([^()]*\\))*[^()]*$)/;\nfunction da(a){var b=[];k(a.split(ea),function(c){var e=c.indexOf(\":\");0\u003Ce&&(c=[c.slice(0,e),c.slice(e+1)],2==c.length&&b.push(c[0].toLowerCase(),\":\",c[1],\";\"))});b=b.join(\"\");return b=\";\"==b.charAt(b.length-1)?b:b+\";\"}function U(a,b){P&&\"value\"==b&&T(a,\"OPTION\")&&null===S(a,\"value\")?(b=[],R(a,b,!1),a=b.join(\"\")):a=a[b];return a}\nfunction T(a,b){b&&\"string\"!==typeof b&&(b=b.toString());return a instanceof HTMLFormElement?!!a&&1==a.nodeType&&(!b||\"FORM\"==b):!!a&&1==a.nodeType&&(!b||a.tagName.toUpperCase()==b)}function V(a){return T(a,\"OPTION\")?!0:T(a,\"INPUT\")?(a=a.type.toLowerCase(),\"checkbox\"==a||\"radio\"==a):!1};var fa={\"class\":\"className\",readonly:\"readOnly\"},ha=\"allowfullscreen allowpaymentrequest allowusermedia async autofocus autoplay checked compact complete controls declare default defaultchecked defaultselected defer disabled ended formnovalidate hidden indeterminate iscontenteditable ismap itemscope loop multiple muted nohref nomodule noresize noshade novalidate nowrap open paused playsinline pubdate readonly required reversed scoped seamless seeking selected truespeed typemustmatch willvalidate\".split(\" \");function W(a,b){var c=null,e=b.toLowerCase();if(\"style\"==e)return(c=a.style)&&\"string\"!=typeof c&&(c=c.cssText),c;if((\"selected\"==e||\"checked\"==e)&&V(a)){if(!V(a))throw new l(15,\"Element is not selectable\");b=\"selected\";c=a.type&&a.type.toLowerCase();if(\"checkbox\"==c||\"radio\"==c)b=\"checked\";return U(a,b)?\"true\":null}var g=T(a,\"A\");if(T(a,\"IMG\")&&\"src\"==e||g&&\"href\"==e)return(c=S(a,e))&&(c=U(a,e)),c;if(\"spellcheck\"==e){c=S(a,e);if(null!==c){if(\"false\"==c.toLowerCase())return\"false\";if(\"true\"==c.toLowerCase())return\"true\"}return U(a,\ne)+\"\"}g=fa[b]||b;if(0\u003C=h(ha,e))return(c=null!==S(a,b)||U(a,g))?\"true\":null;try{var x=U(a,g)}catch(ia){}(e=null==x)||(e=typeof x,e=\"object\"==e&&null!=x||\"function\"==e);e?c=S(a,b):c=x;return null!=c?c.toString():null}var X=[\"se_exportedFunctionSymbol\"],Y=d;X[0]in Y||\"undefined\"==typeof Y.execScript||Y.execScript(\"var \"+X[0]);for(var Z;X.length&&(Z=X.shift());)X.length||void 0===W?Y[Z]&&Y[Z]!==Object.prototype[Z]?Y=Y[Z]:Y=Y[Z]={}:Y[Z]=W;; return this.se_exportedFunctionSymbol.apply(null,arguments);}).apply(window, arguments);}\n).apply(null, arguments);"
}
[1769669276.648][INFO]: Waiting for pending navigations...
[1769669276.651][INFO]: Done waiting for pending navigations. Status: ok
[1769669276.654][INFO]: Waiting for pending navigations...
[1769669276.654][INFO]: Done waiting for pending navigations. Status: ok
[1769669276.654][INFO]: [e9bdbd4df8cae9f7a7b05ef895e65b5c] RESPONSE ExecuteScript "chapter page 11"
[1769669276.656][INFO]: [e9bdbd4df8cae9f7a7b05ef895e65b5c] COMMAND ExecuteScript {
   "args": [ {
      "element-6066-11e4-a52e-4f735466cecf": "f.CAA1FE4C08EC3FB8AD3888983C4001B7.d.728B49898D8128A16D8B333025A9BEAB.e.34"
   }, "currentSrc" ],
   "script": "/* getAttribute */return (function(){return (function(){var d=this||self;function f(a,b){function c(){}c.prototype=b.prototype;a.prototype=new c;a.prototype.constructor=a};var h=Array.prototype.indexOf?function(a,b){return Array.prototype.indexOf.call(a,b,void 0)}:function(a,b){if(\"string\"===typeof a)return\"string\"!==typeof b||1!=b.length?-1:a.indexOf(b,0);for(var c=0;c\u003Ca.length;c++)if(c in a&&a[c]===b)return c;return-1},k=Array.prototype.forEach?function(a,b){Array.prototype.forEach.call(a,b,void 0)}:function(a,b){for(var c=a.length,e=\"string\"===typeof a?a.split(\"\"):a,g=0;g\u003Cc;g++)g in e&&b.call(void 0,e[g],g,a)};function l(a,b){this.code=a;this.a=m[a]||n;this.message=b||\"\";a=this.a.replace(/((?:^|\\s+)[a-z])/g,function(c){return c.toUpperCase().replace(/^[\\s\\xa0]+/g,\"\")});b=a.length-5;if(0>b||a.indexOf(\"Error\",b)!=b)a+=\"Error\";this.name=a;a=Error(this.message);a.name=this.name;this.stack=a.stack||\"\"}f(l,Error);var n=\"unknown error\",m={15:\"element not selectable\",11:\"element not visible\"};m[31]=n;m[30]=n;m[24]=\"invalid cookie domain\";m[29]=\"invalid element coordinates\";m[12]=\"invalid element state\";m[32]=\"invalid selector\";\nm[51]=\"invalid selector\";m[52]=\"invalid selector\";m[17]=\"javascript error\";m[405]=\"unsupported operation\";m[34]=\"move target out of bounds\";m[27]=\"no such alert\";m[7]=\"no such element\";m[8]=\"no such frame\";m[23]=\"no such window\";m[28]=\"script timeout\";m[33]=\"session not created\";m[10]=\"stale element reference\";m[21]=\"timeout\";m[25]=\"unable to set cookie\";m[26]=\"unexpected alert open\";m[13]=n;m[9]=\"unknown command\";var p;a:{var q=d.navigator;if(q){var r=q.userAgent;if(r){p=r;break a}}p=\"\"}function t(a){return-1!=p.indexOf(a)};function u(){return t(\"Firefox\")||t(\"FxiOS\")}function v(){return(t(\"Chrome\")||t(\"CriOS\"))&&!t(\"Edge\")};function w(){return t(\"iPhone\")&&!t(\"iPod\")&&!t(\"iPad\")};var y=t(\"Opera\"),z=t(\"Trident\")||t(\"MSIE\"),A=t(\"Edge\"),B=t(\"Gecko\")&&!(-1!=p.toLowerCase().indexOf(\"webkit\")&&!t(\"Edge\"))&&!(t(\"Trident\")||t(\"MSIE\"))&&!t(\"Edge\"),C=-1!=p.toLowerCase().indexOf(\"webkit\")&&!t(\"Edge\");function D(){var a=d.document;return a?a.documentMode:void 0}var E;\na:{var F=\"\",G=function(){var a=p;if(B)return/rv:([^\\);]+)(\\)|;)/.exec(a);if(A)return/Edge\\/([\\d\\.]+)/.exec(a);if(z)return/\\b(?:MSIE|rv)[: ]([^\\);]+)(\\)|;)/.exec(a);if(C)return/WebKit\\/(\\S+)/.exec(a);if(y)return/(?:Version)[ \\/]?(\\S+)/.exec(a)}();G&&(F=G?G[1]:\"\");if(z){var H=D();if(null!=H&&H>parseFloat(F)){E=String(H);break a}}E=F}var I;I=d.document&&z?D():void 0;var J=u(),K=w()||t(\"iPod\"),L=t(\"iPad\"),M=t(\"Android\")&&!(v()||u()||t(\"Opera\")||t(\"Silk\")),N=v(),aa=t(\"Safari\")&&!(v()||t(\"Coast\")||t(\"Opera\")||t(\"Edge\")||t(\"Edg/\")||t(\"OPR\")||u()||t(\"Silk\")||t(\"Android\"))&&!(w()||t(\"iPad\")||t(\"iPod\"));function O(a){return(a=a.exec(p))?a[1]:\"\"}(function(){if(J)return O(/Firefox\\/([0-9.]+)/);if(z||A||y)return E;if(N)return w()||t(\"iPad\")||t(\"iPod\")?O(/CriOS\\/([0-9.]+)/):O(/Chrome\\/([0-9.]+)/);if(aa&&!(w()||t(\"iPad\")||t(\"iPod\")))return O(/Version\\/([0-9.]+)/);if(K||L){var a=/Version\\/(\\S+).*Mobile\\/(\\S+)/.exec(p);if(a)return a[1]+\".\"+a[2]}else if(M)return(a=O(/Android\\s+([0-9.]+)/))?a:O(/Version\\/([0-9.]+)/);return\"\"})();var P=z&&!(8\u003C=Number(I)),ba=z&&!(9\u003C=Number(I));var ca={SCRIPT:1,STYLE:1,HEAD:1,IFRAME:1,OBJECT:1},Q={IMG:\" \",BR:\"\\n\"};function R(a,b,c){if(!(a.nodeName in ca))if(3==a.nodeType)c?b.push(String(a.nodeValue).replace(/(\\r\\n|\\r|\\n)/g,\"\")):b.push(a.nodeValue);else if(a.nodeName in Q)b.push(Q[a.nodeName]);else for(a=a.firstChild;a;)R(a,b,c),a=a.nextSibling};function S(a,b){b=b.toLowerCase();return\"style\"==b?da(a.style.cssText):P&&\"value\"==b&&T(a,\"INPUT\")?a.value:ba&&!0===a[b]?String(a.getAttribute(b)):(a=a.getAttributeNode(b))&&a.specified?a.value:null}var ea=/[;]+(?=(?:(?:[^\"]*\"){2})*[^\"]*$)(?=(?:(?:[^']*'){2})*[^']*$)(?=(?:[^()]*\\([^()]*\\))*[^()]*$)/;\nfunction da(a){var b=[];k(a.split(ea),function(c){var e=c.indexOf(\":\");0\u003Ce&&(c=[c.slice(0,e),c.slice(e+1)],2==c.length&&b.push(c[0].toLowerCase(),\":\",c[1],\";\"))});b=b.join(\"\");return b=\";\"==b.charAt(b.length-1)?b:b+\";\"}function U(a,b){P&&\"value\"==b&&T(a,\"OPTION\")&&null===S(a,\"value\")?(b=[],R(a,b,!1),a=b.join(\"\")):a=a[b];return a}\nfunction T(a,b){b&&\"string\"!==typeof b&&(b=b.toString());return a instanceof HTMLFormElement?!!a&&1==a.nodeType&&(!b||\"FORM\"==b):!!a&&1==a.nodeType&&(!b||a.tagName.toUpperCase()==b)}function V(a){return T(a,\"OPTION\")?!0:T(a,\"INPUT\")?(a=a.type.toLowerCase(),\"checkbox\"==a||\"radio\"==a):!1};var fa={\"class\":\"className\",readonly:\"readOnly\"},ha=\"allowfullscreen allowpaymentrequest allowusermedia async autofocus autoplay checked compact complete controls declare default defaultchecked defaultselected defer disabled ended formnovalidate hidden indeterminate iscontenteditable ismap itemscope loop multiple muted nohref nomodule noresize noshade novalidate nowrap open paused playsinline pubdate readonly required reversed scoped seamless seeking selected truespeed typemustmatch willvalidate\".split(\" \");function W(a,b){var c=null,e=b.toLowerCase();if(\"style\"==e)return(c=a.style)&&\"string\"!=typeof c&&(c=c.cssText),c;if((\"selected\"==e||\"checked\"==e)&&V(a)){if(!V(a))throw new l(15,\"Element is not selectable\");b=\"selected\";c=a.type&&a.type.toLowerCase();if(\"checkbox\"==c||\"radio\"==c)b=\"checked\";return U(a,b)?\"true\":null}var g=T(a,\"A\");if(T(a,\"IMG\")&&\"src\"==e||g&&\"href\"==e)return(c=S(a,e))&&(c=U(a,e)),c;if(\"spellcheck\"==e){c=S(a,e);if(null!==c){if(\"false\"==c.toLowerCase())return\"false\";if(\"true\"==c.toLowerCase())return\"true\"}return U(a,\ne)+\"\"}g=fa[b]||b;if(0\u003C=h(ha,e))return(c=null!==S(a,b)||U(a,g))?\"true\":null;try{var x=U(a,g)}catch(ia){}(e=null==x)||(e=typeof x,e=\"object\"==e&&null!=x||\"function\"==e);e?c=S(a,b):c=x;return null!=c?c.toString():null}var X=[\"se_exportedFunctionSymbol\"],Y=d;X[0]in Y||\"undefined\"==typeof Y.execScript||Y.execScript(\"var \"+X[0]);for(var Z;X.length&&(Z=X.shift());)X.length||void 0===W?Y[Z]&&Y[Z]!==Object.prototype[Z]?Y=Y[Z]:Y=Y[Z]={}:Y[Z]=W;; return this.se_exportedFunctionSymbol.apply(null,arguments);}).apply(window, arguments);}\n).apply(null, arguments);"
}
[1769669276.656][INFO]: Waiting for pending navigations...
[1769669276.656][INFO]: Done waiting for pending navigations. Status: ok
[1769669276.658][INFO]: Waiting for pending navigations...
[1769669276.658][INFO]: Done waiting for pending navigations. Status: ok
[1769669276.658][INFO]: [e9bdbd4df8cae9f7a7b05ef895e65b5c] RESPONSE ExecuteScript "https://gg.asuracomic.net/storage/media/405816/conversions/10-optimized.webp"
[1769669276.659][INFO]: [e9bdbd4df8cae9f7a7b05ef895e65b5c] COMMAND ExecuteScript {
   "args": [ {
      "element-6066-11e4-a52e-4f735466cecf": "f.CAA1FE4C08EC3FB8AD3888983C4001B7.d.728B49898D8128A16D8B333025A9BEAB.e.35"
   }, "alt" ],
   "script": "/* getAttribute */return (function(){return (function(){var d=this||self;function f(a,b){function c(){}c.prototype=b.prototype;a.prototype=new c;a.prototype.constructor=a};var h=Array.prototype.indexOf?function(a,b){return Array.prototype.indexOf.call(a,b,void 0)}:function(a,b){if(\"string\"===typeof a)return\"string\"!==typeof b||1!=b.length?-1:a.indexOf(b,0);for(var c=0;c\u003Ca.length;c++)if(c in a&&a[c]===b)return c;return-1},k=Array.prototype.forEach?function(a,b){Array.prototype.forEach.call(a,b,void 0)}:function(a,b){for(var c=a.length,e=\"string\"===typeof a?a.split(\"\"):a,g=0;g\u003Cc;g++)g in e&&b.call(void 0,e[g],g,a)};function l(a,b){this.code=a;this.a=m[a]||n;this.message=b||\"\";a=this.a.replace(/((?:^|\\s+)[a-z])/g,function(c){return c.toUpperCase().replace(/^[\\s\\xa0]+/g,\"\")});b=a.length-5;if(0>b||a.indexOf(\"Error\",b)!=b)a+=\"Error\";this.name=a;a=Error(this.message);a.name=this.name;this.stack=a.stack||\"\"}f(l,Error);var n=\"unknown error\",m={15:\"element not selectable\",11:\"element not visible\"};m[31]=n;m[30]=n;m[24]=\"invalid cookie domain\";m[29]=\"invalid element coordinates\";m[12]=\"invalid element state\";m[32]=\"invalid selector\";\nm[51]=\"invalid selector\";m[52]=\"invalid selector\";m[17]=\"javascript error\";m[405]=\"unsupported operation\";m[34]=\"move target out of bounds\";m[27]=\"no such alert\";m[7]=\"no such element\";m[8]=\"no such frame\";m[23]=\"no such window\";m[28]=\"script timeout\";m[33]=\"session not created\";m[10]=\"stale element reference\";m[21]=\"timeout\";m[25]=\"unable to set cookie\";m[26]=\"unexpected alert open\";m[13]=n;m[9]=\"unknown command\";var p;a:{var q=d.navigator;if(q){var r=q.userAgent;if(r){p=r;break a}}p=\"\"}function t(a){return-1!=p.indexOf(a)};function u(){return t(\"Firefox\")||t(\"FxiOS\")}function v(){return(t(\"Chrome\")||t(\"CriOS\"))&&!t(\"Edge\")};function w(){return t(\"iPhone\")&&!t(\"iPod\")&&!t(\"iPad\")};var y=t(\"Opera\"),z=t(\"Trident\")||t(\"MSIE\"),A=t(\"Edge\"),B=t(\"Gecko\")&&!(-1!=p.toLowerCase().indexOf(\"webkit\")&&!t(\"Edge\"))&&!(t(\"Trident\")||t(\"MSIE\"))&&!t(\"Edge\"),C=-1!=p.toLowerCase().indexOf(\"webkit\")&&!t(\"Edge\");function D(){var a=d.document;return a?a.documentMode:void 0}var E;\na:{var F=\"\",G=function(){var a=p;if(B)return/rv:([^\\);]+)(\\)|;)/.exec(a);if(A)return/Edge\\/([\\d\\.]+)/.exec(a);if(z)return/\\b(?:MSIE|rv)[: ]([^\\);]+)(\\)|;)/.exec(a);if(C)return/WebKit\\/(\\S+)/.exec(a);if(y)return/(?:Version)[ \\/]?(\\S+)/.exec(a)}();G&&(F=G?G[1]:\"\");if(z){var H=D();if(null!=H&&H>parseFloat(F)){E=String(H);break a}}E=F}var I;I=d.document&&z?D():void 0;var J=u(),K=w()||t(\"iPod\"),L=t(\"iPad\"),M=t(\"Android\")&&!(v()||u()||t(\"Opera\")||t(\"Silk\")),N=v(),aa=t(\"Safari\")&&!(v()||t(\"Coast\")||t(\"Opera\")||t(\"Edge\")||t(\"Edg/\")||t(\"OPR\")||u()||t(\"Silk\")||t(\"Android\"))&&!(w()||t(\"iPad\")||t(\"iPod\"));function O(a){return(a=a.exec(p))?a[1]:\"\"}(function(){if(J)return O(/Firefox\\/([0-9.]+)/);if(z||A||y)return E;if(N)return w()||t(\"iPad\")||t(\"iPod\")?O(/CriOS\\/([0-9.]+)/):O(/Chrome\\/([0-9.]+)/);if(aa&&!(w()||t(\"iPad\")||t(\"iPod\")))return O(/Version\\/([0-9.]+)/);if(K||L){var a=/Version\\/(\\S+).*Mobile\\/(\\S+)/.exec(p);if(a)return a[1]+\".\"+a[2]}else if(M)return(a=O(/Android\\s+([0-9.]+)/))?a:O(/Version\\/([0-9.]+)/);return\"\"})();var P=z&&!(8\u003C=Number(I)),ba=z&&!(9\u003C=Number(I));var ca={SCRIPT:1,STYLE:1,HEAD:1,IFRAME:1,OBJECT:1},Q={IMG:\" \",BR:\"\\n\"};function R(a,b,c){if(!(a.nodeName in ca))if(3==a.nodeType)c?b.push(String(a.nodeValue).replace(/(\\r\\n|\\r|\\n)/g,\"\")):b.push(a.nodeValue);else if(a.nodeName in Q)b.push(Q[a.nodeName]);else for(a=a.firstChild;a;)R(a,b,c),a=a.nextSibling};function S(a,b){b=b.toLowerCase();return\"style\"==b?da(a.style.cssText):P&&\"value\"==b&&T(a,\"INPUT\")?a.value:ba&&!0===a[b]?String(a.getAttribute(b)):(a=a.getAttributeNode(b))&&a.specified?a.value:null}var ea=/[;]+(?=(?:(?:[^\"]*\"){2})*[^\"]*$)(?=(?:(?:[^']*'){2})*[^']*$)(?=(?:[^()]*\\([^()]*\\))*[^()]*$)/;\nfunction da(a){var b=[];k(a.split(ea),function(c){var e=c.indexOf(\":\");0\u003Ce&&(c=[c.slice(0,e),c.slice(e+1)],2==c.length&&b.push(c[0].toLowerCase(),\":\",c[1],\";\"))});b=b.join(\"\");return b=\";\"==b.charAt(b.length-1)?b:b+\";\"}function U(a,b){P&&\"value\"==b&&T(a,\"OPTION\")&&null===S(a,\"value\")?(b=[],R(a,b,!1),a=b.join(\"\")):a=a[b];return a}\nfunction T(a,b){b&&\"string\"!==typeof b&&(b=b.toString());return a instanceof HTMLFormElement?!!a&&1==a.nodeType&&(!b||\"FORM\"==b):!!a&&1==a.nodeType&&(!b||a.tagName.toUpperCase()==b)}function V(a){return T(a,\"OPTION\")?!0:T(a,\"INPUT\")?(a=a.type.toLowerCase(),\"checkbox\"==a||\"radio\"==a):!1};var fa={\"class\":\"className\",readonly:\"readOnly\"},ha=\"allowfullscreen allowpaymentrequest allowusermedia async autofocus autoplay checked compact complete controls declare default defaultchecked defaultselected defer disabled ended formnovalidate hidden indeterminate iscontenteditable ismap itemscope loop multiple muted nohref nomodule noresize noshade novalidate nowrap open paused playsinline pubdate readonly required reversed scoped seamless seeking selected truespeed typemustmatch willvalidate\".split(\" \");function W(a,b){var c=null,e=b.toLowerCase();if(\"style\"==e)return(c=a.style)&&\"string\"!=typeof c&&(c=c.cssText),c;if((\"selected\"==e||\"checked\"==e)&&V(a)){if(!V(a))throw new l(15,\"Element is not selectable\");b=\"selected\";c=a.type&&a.type.toLowerCase();if(\"checkbox\"==c||\"radio\"==c)b=\"checked\";return U(a,b)?\"true\":null}var g=T(a,\"A\");if(T(a,\"IMG\")&&\"src\"==e||g&&\"href\"==e)return(c=S(a,e))&&(c=U(a,e)),c;if(\"spellcheck\"==e){c=S(a,e);if(null!==c){if(\"false\"==c.toLowerCase())return\"false\";if(\"true\"==c.toLowerCase())return\"true\"}return U(a,\ne)+\"\"}g=fa[b]||b;if(0\u003C=h(ha,e))return(c=null!==S(a,b)||U(a,g))?\"true\":null;try{var x=U(a,g)}catch(ia){}(e=null==x)||(e=typeof x,e=\"object\"==e&&null!=x||\"function\"==e);e?c=S(a,b):c=x;return null!=c?c.toString():null}var X=[\"se_exportedFunctionSymbol\"],Y=d;X[0]in Y||\"undefined\"==typeof Y.execScript||Y.execScript(\"var \"+X[0]);for(var Z;X.length&&(Z=X.shift());)X.length||void 0===W?Y[Z]&&Y[Z]!==Object.prototype[Z]?Y=Y[Z]:Y=Y[Z]={}:Y[Z]=W;; return this.se_exportedFunctionSymbol.apply(null,arguments);}).apply(window, arguments);}\n).apply(null, arguments);"
}
[1769669276.659][INFO]: Waiting for pending navigations...
[1769669276.660][INFO]: Done waiting for pending navigations. Status: ok
[1769669276.662][INFO]: Waiting for pending navigations...
[1769669276.662][INFO]: Done waiting for pending navigations. Status: ok
[1769669276.662][INFO]: [e9bdbd4df8cae9f7a7b05ef895e65b5c] RESPONSE ExecuteScript "chapter page 12"
[1769669276.663][INFO]: [e9bdbd4df8cae9f7a7b05ef895e65b5c] COMMAND ExecuteScript {
   "args": [ {
      "element-6066-11e4-a52e-4f735466cecf": "f.CAA1FE4C08EC3FB8AD3888983C4001B7.d.728B49898D8128A16D8B333025A9BEAB.e.35"
   }, "currentSrc" ],
   "script": "/* getAttribute */return (function(){return (function(){var d=this||self;function f(a,b){function c(){}c.prototype=b.prototype;a.prototype=new c;a.prototype.constructor=a};var h=Array.prototype.indexOf?function(a,b){return Array.prototype.indexOf.call(a,b,void 0)}:function(a,b){if(\"string\"===typeof a)return\"string\"!==typeof b||1!=b.length?-1:a.indexOf(b,0);for(var c=0;c\u003Ca.length;c++)if(c in a&&a[c]===b)return c;return-1},k=Array.prototype.forEach?function(a,b){Array.prototype.forEach.call(a,b,void 0)}:function(a,b){for(var c=a.length,e=\"string\"===typeof a?a.split(\"\"):a,g=0;g\u003Cc;g++)g in e&&b.call(void 0,e[g],g,a)};function l(a,b){this.code=a;this.a=m[a]||n;this.message=b||\"\";a=this.a.replace(/((?:^|\\s+)[a-z])/g,function(c){return c.toUpperCase().replace(/^[\\s\\xa0]+/g,\"\")});b=a.length-5;if(0>b||a.indexOf(\"Error\",b)!=b)a+=\"Error\";this.name=a;a=Error(this.message);a.name=this.name;this.stack=a.stack||\"\"}f(l,Error);var n=\"unknown error\",m={15:\"element not selectable\",11:\"element not visible\"};m[31]=n;m[30]=n;m[24]=\"invalid cookie domain\";m[29]=\"invalid element coordinates\";m[12]=\"invalid element state\";m[32]=\"invalid selector\";\nm[51]=\"invalid selector\";m[52]=\"invalid selector\";m[17]=\"javascript error\";m[405]=\"unsupported operation\";m[34]=\"move target out of bounds\";m[27]=\"no such alert\";m[7]=\"no such element\";m[8]=\"no such frame\";m[23]=\"no such window\";m[28]=\"script timeout\";m[33]=\"session not created\";m[10]=\"stale element reference\";m[21]=\"timeout\";m[25]=\"unable to set cookie\";m[26]=\"unexpected alert open\";m[13]=n;m[9]=\"unknown command\";var p;a:{var q=d.navigator;if(q){var r=q.userAgent;if(r){p=r;break a}}p=\"\"}function t(a){return-1!=p.indexOf(a)};function u(){return t(\"Firefox\")||t(\"FxiOS\")}function v(){return(t(\"Chrome\")||t(\"CriOS\"))&&!t(\"Edge\")};function w(){return t(\"iPhone\")&&!t(\"iPod\")&&!t(\"iPad\")};var y=t(\"Opera\"),z=t(\"Trident\")||t(\"MSIE\"),A=t(\"Edge\"),B=t(\"Gecko\")&&!(-1!=p.toLowerCase().indexOf(\"webkit\")&&!t(\"Edge\"))&&!(t(\"Trident\")||t(\"MSIE\"))&&!t(\"Edge\"),C=-1!=p.toLowerCase().indexOf(\"webkit\")&&!t(\"Edge\");function D(){var a=d.document;return a?a.documentMode:void 0}var E;\na:{var F=\"\",G=function(){var a=p;if(B)return/rv:([^\\);]+)(\\)|;)/.exec(a);if(A)return/Edge\\/([\\d\\.]+)/.exec(a);if(z)return/\\b(?:MSIE|rv)[: ]([^\\);]+)(\\)|;)/.exec(a);if(C)return/WebKit\\/(\\S+)/.exec(a);if(y)return/(?:Version)[ \\/]?(\\S+)/.exec(a)}();G&&(F=G?G[1]:\"\");if(z){var H=D();if(null!=H&&H>parseFloat(F)){E=String(H);break a}}E=F}var I;I=d.document&&z?D():void 0;var J=u(),K=w()||t(\"iPod\"),L=t(\"iPad\"),M=t(\"Android\")&&!(v()||u()||t(\"Opera\")||t(\"Silk\")),N=v(),aa=t(\"Safari\")&&!(v()||t(\"Coast\")||t(\"Opera\")||t(\"Edge\")||t(\"Edg/\")||t(\"OPR\")||u()||t(\"Silk\")||t(\"Android\"))&&!(w()||t(\"iPad\")||t(\"iPod\"));function O(a){return(a=a.exec(p))?a[1]:\"\"}(function(){if(J)return O(/Firefox\\/([0-9.]+)/);if(z||A||y)return E;if(N)return w()||t(\"iPad\")||t(\"iPod\")?O(/CriOS\\/([0-9.]+)/):O(/Chrome\\/([0-9.]+)/);if(aa&&!(w()||t(\"iPad\")||t(\"iPod\")))return O(/Version\\/([0-9.]+)/);if(K||L){var a=/Version\\/(\\S+).*Mobile\\/(\\S+)/.exec(p);if(a)return a[1]+\".\"+a[2]}else if(M)return(a=O(/Android\\s+([0-9.]+)/))?a:O(/Version\\/([0-9.]+)/);return\"\"})();var P=z&&!(8\u003C=Number(I)),ba=z&&!(9\u003C=Number(I));var ca={SCRIPT:1,STYLE:1,HEAD:1,IFRAME:1,OBJECT:1},Q={IMG:\" \",BR:\"\\n\"};function R(a,b,c){if(!(a.nodeName in ca))if(3==a.nodeType)c?b.push(String(a.nodeValue).replace(/(\\r\\n|\\r|\\n)/g,\"\")):b.push(a.nodeValue);else if(a.nodeName in Q)b.push(Q[a.nodeName]);else for(a=a.firstChild;a;)R(a,b,c),a=a.nextSibling};function S(a,b){b=b.toLowerCase();return\"style\"==b?da(a.style.cssText):P&&\"value\"==b&&T(a,\"INPUT\")?a.value:ba&&!0===a[b]?String(a.getAttribute(b)):(a=a.getAttributeNode(b))&&a.specified?a.value:null}var ea=/[;]+(?=(?:(?:[^\"]*\"){2})*[^\"]*$)(?=(?:(?:[^']*'){2})*[^']*$)(?=(?:[^()]*\\([^()]*\\))*[^()]*$)/;\nfunction da(a){var b=[];k(a.split(ea),function(c){var e=c.indexOf(\":\");0\u003Ce&&(c=[c.slice(0,e),c.slice(e+1)],2==c.length&&b.push(c[0].toLowerCase(),\":\",c[1],\";\"))});b=b.join(\"\");return b=\";\"==b.charAt(b.length-1)?b:b+\";\"}function U(a,b){P&&\"value\"==b&&T(a,\"OPTION\")&&null===S(a,\"value\")?(b=[],R(a,b,!1),a=b.join(\"\")):a=a[b];return a}\nfunction T(a,b){b&&\"string\"!==typeof b&&(b=b.toString());return a instanceof HTMLFormElement?!!a&&1==a.nodeType&&(!b||\"FORM\"==b):!!a&&1==a.nodeType&&(!b||a.tagName.toUpperCase()==b)}function V(a){return T(a,\"OPTION\")?!0:T(a,\"INPUT\")?(a=a.type.toLowerCase(),\"checkbox\"==a||\"radio\"==a):!1};var fa={\"class\":\"className\",readonly:\"readOnly\"},ha=\"allowfullscreen allowpaymentrequest allowusermedia async autofocus autoplay checked compact complete controls declare default defaultchecked defaultselected defer disabled ended formnovalidate hidden indeterminate iscontenteditable ismap itemscope loop multiple muted nohref nomodule noresize noshade novalidate nowrap open paused playsinline pubdate readonly required reversed scoped seamless seeking selected truespeed typemustmatch willvalidate\".split(\" \");function W(a,b){var c=null,e=b.toLowerCase();if(\"style\"==e)return(c=a.style)&&\"string\"!=typeof c&&(c=c.cssText),c;if((\"selected\"==e||\"checked\"==e)&&V(a)){if(!V(a))throw new l(15,\"Element is not selectable\");b=\"selected\";c=a.type&&a.type.toLowerCase();if(\"checkbox\"==c||\"radio\"==c)b=\"checked\";return U(a,b)?\"true\":null}var g=T(a,\"A\");if(T(a,\"IMG\")&&\"src\"==e||g&&\"href\"==e)return(c=S(a,e))&&(c=U(a,e)),c;if(\"spellcheck\"==e){c=S(a,e);if(null!==c){if(\"false\"==c.toLowerCase())return\"false\";if(\"true\"==c.toLowerCase())return\"true\"}return U(a,\ne)+\"\"}g=fa[b]||b;if(0\u003C=h(ha,e))return(c=null!==S(a,b)||U(a,g))?\"true\":null;try{var x=U(a,g)}catch(ia){}(e=null==x)||(e=typeof x,e=\"object\"==e&&null!=x||\"function\"==e);e?c=S(a,b):c=x;return null!=c?c.toString():null}var X=[\"se_exportedFunctionSymbol\"],Y=d;X[0]in Y||\"undefined\"==typeof Y.execScript||Y.execScript(\"var \"+X[0]);for(var Z;X.length&&(Z=X.shift());)X.length||void 0===W?Y[Z]&&Y[Z]!==Object.prototype[Z]?Y=Y[Z]:Y=Y[Z]={}:Y[Z]=W;; return this.se_exportedFunctionSymbol.apply(null,arguments);}).apply(window, arguments);}\n).apply(null, arguments);"
}
[1769669276.663][INFO]: Waiting for pending navigations...
[1769669276.663][INFO]: Done waiting for pending navigations. Status: ok
[1769669276.666][INFO]: Waiting for pending navigations...
[1769669276.666][INFO]: Done waiting for pending navigations. Status: ok
[1769669276.666][INFO]: [e9bdbd4df8cae9f7a7b05ef895e65b5c] RESPONSE ExecuteScript "https://gg.asuracomic.net/storage/media/405817/conversions/11-optimized.webp"
[1769669276.667][INFO]: [e9bdbd4df8cae9f7a7b05ef895e65b5c] COMMAND ExecuteScript {
   "args": [  ],
   "script": "window.scrollBy(0, Math.floor(window.innerHeight * 0.9));"
}
[1769669276.667][INFO]: Waiting for pending navigations...
[1769669276.667][INFO]: Done waiting for pending navigations. Status: ok
[1769669276.669][INFO]: Waiting for pending navigations...
[1769669276.669][INFO]: Done waiting for pending navigations. Status: ok
[1769669276.669][INFO]: [e9bdbd4df8cae9f7a7b05ef895e65b5c] RESPONSE ExecuteScript null
[1769669277.073][INFO]: [e9bdbd4df8cae9f7a7b05ef895e65b5c] COMMAND FindElements {
   "using": "css selector",
   "value": "div.w-full.mx-auto.center img"
}
[1769669277.073][INFO]: Waiting for pending navigations...
[1769669277.075][INFO]: Done waiting for pending navigations. Status: ok
[1769669277.081][INFO]: Waiting for pending navigations...
[1769669277.081][INFO]: Done waiting for pending navigations. Status: ok
[1769669277.081][INFO]: [e9bdbd4df8cae9f7a7b05ef895e65b5c] RESPONSE FindElements [ {
   "element-6066-11e4-a52e-4f735466cecf": "f.CAA1FE4C08EC3FB8AD3888983C4001B7.d.728B49898D8128A16D8B333025A9BEAB.e.24"
}, {
   "element-6066-11e4-a52e-4f735466cecf": "f.CAA1FE4C08EC3FB8AD3888983C4001B7.d.728B49898D8128A16D8B333025A9BEAB.e.25"
}, {
   "element-6066-11e4-a52e-4f735466cecf": "f.CAA1FE4C08EC3FB8AD3888983C4001B7.d.728B49898D8128A16D8B333025A9BEAB.e.26"
}, {
   "element-6066-11e4-a52e-4f735466cecf": "f.CAA1FE4C08EC3FB8AD3888983C4001B7.d.728B49898D8128A16D8B333025A9BEAB.e.27"
}, {
   "element-6066-11e4-a52e-4f735466cecf": "f.CAA1FE4C08EC3FB8AD3888983C4001B7.d.728B49898D8128A16D8B333025A9BEAB.e.28"
}, {
   "element-6066-11e4-a52e-4f735466cecf": "f.CAA1FE4C08EC3FB8AD3888983C4001B7.d.728B49898D8128A16D8B333025A9BEAB.e.29"
}, {
   "element-6066-11e4-a52e-4f735466cecf": "f.CAA1FE4C08EC3FB8AD3888983C4001B7.d.728B49898D8128A16D8B333025A9BEAB.e.30"
}, {
   "element-6066-11e4-a52e-4f735466cecf": "f.CAA1FE4C08EC3FB8AD3888983C4001B7.d.728B49898D8128A16D8B333025A9BEAB.e.31"
}, {
   "element-6066-11e4-a52e-4f735466cecf": "f.CAA1FE4C08EC3FB8AD3888983C4001B7.d.728B49898D8128A16D8B333025A9BEAB.e.32"
}, {
   "element-6066-11e4-a52e-4f735466cecf": "f.CAA1FE4C08EC3FB8AD3888983C4001B7.d.728B49898D8128A16D8B333025A9BEAB.e.33"
}, {
   "element-6066-11e4-a52e-4f735466cecf": "f.CAA1FE4C08EC3FB8AD3888983C4001B7.d.728B49898D8128A16D8B333025A9BEAB.e.34"
}, {
   "element-6066-11e4-a52e-4f735466cecf": "f.CAA1FE4C08EC3FB8AD3888983C4001B7.d.728B49898D8128A16D8B333025A9BEAB.e.35"
} ]
[1769669277.083][INFO]: [e9bdbd4df8cae9f7a7b05ef895e65b5c] COMMAND ExecuteScript {
   "args": [ {
      "element-6066-11e4-a52e-4f735466cecf": "f.CAA1FE4C08EC3FB8AD3888983C4001B7.d.728B49898D8128A16D8B333025A9BEAB.e.24"
   }, "alt" ],
   "script": "/* getAttribute */return (function(){return (function(){var d=this||self;function f(a,b){function c(){}c.prototype=b.prototype;a.prototype=new c;a.prototype.constructor=a};var h=Array.prototype.indexOf?function(a,b){return Array.prototype.indexOf.call(a,b,void 0)}:function(a,b){if(\"string\"===typeof a)return\"string\"!==typeof b||1!=b.length?-1:a.indexOf(b,0);for(var c=0;c\u003Ca.length;c++)if(c in a&&a[c]===b)return c;return-1},k=Array.prototype.forEach?function(a,b){Array.prototype.forEach.call(a,b,void 0)}:function(a,b){for(var c=a.length,e=\"string\"===typeof a?a.split(\"\"):a,g=0;g\u003Cc;g++)g in e&&b.call(void 0,e[g],g,a)};function l(a,b){this.code=a;this.a=m[a]||n;this.message=b||\"\";a=this.a.replace(/((?:^|\\s+)[a-z])/g,function(c){return c.toUpperCase().replace(/^[\\s\\xa0]+/g,\"\")});b=a.length-5;if(0>b||a.indexOf(\"Error\",b)!=b)a+=\"Error\";this.name=a;a=Error(this.message);a.name=this.name;this.stack=a.stack||\"\"}f(l,Error);var n=\"unknown error\",m={15:\"element not selectable\",11:\"element not visible\"};m[31]=n;m[30]=n;m[24]=\"invalid cookie domain\";m[29]=\"invalid element coordinates\";m[12]=\"invalid element state\";m[32]=\"invalid selector\";\nm[51]=\"invalid selector\";m[52]=\"invalid selector\";m[17]=\"javascript error\";m[405]=\"unsupported operation\";m[34]=\"move target out of bounds\";m[27]=\"no such alert\";m[7]=\"no such element\";m[8]=\"no such frame\";m[23]=\"no such window\";m[28]=\"script timeout\";m[33]=\"session not created\";m[10]=\"stale element reference\";m[21]=\"timeout\";m[25]=\"unable to set cookie\";m[26]=\"unexpected alert open\";m[13]=n;m[9]=\"unknown command\";var p;a:{var q=d.navigator;if(q){var r=q.userAgent;if(r){p=r;break a}}p=\"\"}function t(a){return-1!=p.indexOf(a)};function u(){return t(\"Firefox\")||t(\"FxiOS\")}function v(){return(t(\"Chrome\")||t(\"CriOS\"))&&!t(\"Edge\")};function w(){return t(\"iPhone\")&&!t(\"iPod\")&&!t(\"iPad\")};var y=t(\"Opera\"),z=t(\"Trident\")||t(\"MSIE\"),A=t(\"Edge\"),B=t(\"Gecko\")&&!(-1!=p.toLowerCase().indexOf(\"webkit\")&&!t(\"Edge\"))&&!(t(\"Trident\")||t(\"MSIE\"))&&!t(\"Edge\"),C=-1!=p.toLowerCase().indexOf(\"webkit\")&&!t(\"Edge\");function D(){var a=d.document;return a?a.documentMode:void 0}var E;\na:{var F=\"\",G=function(){var a=p;if(B)return/rv:([^\\);]+)(\\)|;)/.exec(a);if(A)return/Edge\\/([\\d\\.]+)/.exec(a);if(z)return/\\b(?:MSIE|rv)[: ]([^\\);]+)(\\)|;)/.exec(a);if(C)return/WebKit\\/(\\S+)/.exec(a);if(y)return/(?:Version)[ \\/]?(\\S+)/.exec(a)}();G&&(F=G?G[1]:\"\");if(z){var H=D();if(null!=H&&H>parseFloat(F)){E=String(H);break a}}E=F}var I;I=d.document&&z?D():void 0;var J=u(),K=w()||t(\"iPod\"),L=t(\"iPad\"),M=t(\"Android\")&&!(v()||u()||t(\"Opera\")||t(\"Silk\")),N=v(),aa=t(\"Safari\")&&!(v()||t(\"Coast\")||t(\"Opera\")||t(\"Edge\")||t(\"Edg/\")||t(\"OPR\")||u()||t(\"Silk\")||t(\"Android\"))&&!(w()||t(\"iPad\")||t(\"iPod\"));function O(a){return(a=a.exec(p))?a[1]:\"\"}(function(){if(J)return O(/Firefox\\/([0-9.]+)/);if(z||A||y)return E;if(N)return w()||t(\"iPad\")||t(\"iPod\")?O(/CriOS\\/([0-9.]+)/):O(/Chrome\\/([0-9.]+)/);if(aa&&!(w()||t(\"iPad\")||t(\"iPod\")))return O(/Version\\/([0-9.]+)/);if(K||L){var a=/Version\\/(\\S+).*Mobile\\/(\\S+)/.exec(p);if(a)return a[1]+\".\"+a[2]}else if(M)return(a=O(/Android\\s+([0-9.]+)/))?a:O(/Version\\/([0-9.]+)/);return\"\"})();var P=z&&!(8\u003C=Number(I)),ba=z&&!(9\u003C=Number(I));var ca={SCRIPT:1,STYLE:1,HEAD:1,IFRAME:1,OBJECT:1},Q={IMG:\" \",BR:\"\\n\"};function R(a,b,c){if(!(a.nodeName in ca))if(3==a.nodeType)c?b.push(String(a.nodeValue).replace(/(\\r\\n|\\r|\\n)/g,\"\")):b.push(a.nodeValue);else if(a.nodeName in Q)b.push(Q[a.nodeName]);else for(a=a.firstChild;a;)R(a,b,c),a=a.nextSibling};function S(a,b){b=b.toLowerCase();return\"style\"==b?da(a.style.cssText):P&&\"value\"==b&&T(a,\"INPUT\")?a.value:ba&&!0===a[b]?String(a.getAttribute(b)):(a=a.getAttributeNode(b))&&a.specified?a.value:null}var ea=/[;]+(?=(?:(?:[^\"]*\"){2})*[^\"]*$)(?=(?:(?:[^']*'){2})*[^']*$)(?=(?:[^()]*\\([^()]*\\))*[^()]*$)/;\nfunction da(a){var b=[];k(a.split(ea),function(c){var e=c.indexOf(\":\");0\u003Ce&&(c=[c.slice(0,e),c.slice(e+1)],2==c.length&&b.push(c[0].toLowerCase(),\":\",c[1],\";\"))});b=b.join(\"\");return b=\";\"==b.charAt(b.length-1)?b:b+\";\"}function U(a,b){P&&\"value\"==b&&T(a,\"OPTION\")&&null===S(a,\"value\")?(b=[],R(a,b,!1),a=b.join(\"\")):a=a[b];return a}\nfunction T(a,b){b&&\"string\"!==typeof b&&(b=b.toString());return a instanceof HTMLFormElement?!!a&&1==a.nodeType&&(!b||\"FORM\"==b):!!a&&1==a.nodeType&&(!b||a.tagName.toUpperCase()==b)}function V(a){return T(a,\"OPTION\")?!0:T(a,\"INPUT\")?(a=a.type.toLowerCase(),\"checkbox\"==a||\"radio\"==a):!1};var fa={\"class\":\"className\",readonly:\"readOnly\"},ha=\"allowfullscreen allowpaymentrequest allowusermedia async autofocus autoplay checked compact complete controls declare default defaultchecked defaultselected defer disabled ended formnovalidate hidden indeterminate iscontenteditable ismap itemscope loop multiple muted nohref nomodule noresize noshade novalidate nowrap open paused playsinline pubdate readonly required reversed scoped seamless seeking selected truespeed typemustmatch willvalidate\".split(\" \");function W(a,b){var c=null,e=b.toLowerCase();if(\"style\"==e)return(c=a.style)&&\"string\"!=typeof c&&(c=c.cssText),c;if((\"selected\"==e||\"checked\"==e)&&V(a)){if(!V(a))throw new l(15,\"Element is not selectable\");b=\"selected\";c=a.type&&a.type.toLowerCase();if(\"checkbox\"==c||\"radio\"==c)b=\"checked\";return U(a,b)?\"true\":null}var g=T(a,\"A\");if(T(a,\"IMG\")&&\"src\"==e||g&&\"href\"==e)return(c=S(a,e))&&(c=U(a,e)),c;if(\"spellcheck\"==e){c=S(a,e);if(null!==c){if(\"false\"==c.toLowerCase())return\"false\";if(\"true\"==c.toLowerCase())return\"true\"}return U(a,\ne)+\"\"}g=fa[b]||b;if(0\u003C=h(ha,e))return(c=null!==S(a,b)||U(a,g))?\"true\":null;try{var x=U(a,g)}catch(ia){}(e=null==x)||(e=typeof x,e=\"object\"==e&&null!=x||\"function\"==e);e?c=S(a,b):c=x;return null!=c?c.toString():null}var X=[\"se_exportedFunctionSymbol\"],Y=d;X[0]in Y||\"undefined\"==typeof Y.execScript||Y.execScript(\"var \"+X[0]);for(var Z;X.length&&(Z=X.shift());)X.length||void 0===W?Y[Z]&&Y[Z]!==Object.prototype[Z]?Y=Y[Z]:Y=Y[Z]={}:Y[Z]=W;; return this.se_exportedFunctionSymbol.apply(null,arguments);}).apply(window, arguments);}\n).apply(null, arguments);"
}
[1769669277.083][INFO]: Waiting for pending navigations...
[1769669277.083][INFO]: Done waiting for pending navigations. Status: ok
[1769669277.086][INFO]: Waiting for pending navigations...
[1769669277.086][INFO]: Done waiting for pending navigations. Status: ok
[1769669277.086][INFO]: [e9bdbd4df8cae9f7a7b05ef895e65b5c] RESPONSE ExecuteScript "chapter page 1"
[1769669277.087][INFO]: [e9bdbd4df8cae9f7a7b05ef895e65b5c] COMMAND ExecuteScript {
   "args": [ {
      "element-6066-11e4-a52e-4f735466cecf": "f.CAA1FE4C08EC3FB8AD3888983C4001B7.d.728B49898D8128A16D8B333025A9BEAB.e.24"
   }, "currentSrc" ],
   "script": "/* getAttribute */return (function(){return (function(){var d=this||self;function f(a,b){function c(){}c.prototype=b.prototype;a.prototype=new c;a.prototype.constructor=a};var h=Array.prototype.indexOf?function(a,b){return Array.prototype.indexOf.call(a,b,void 0)}:function(a,b){if(\"string\"===typeof a)return\"string\"!==typeof b||1!=b.length?-1:a.indexOf(b,0);for(var c=0;c\u003Ca.length;c++)if(c in a&&a[c]===b)return c;return-1},k=Array.prototype.forEach?function(a,b){Array.prototype.forEach.call(a,b,void 0)}:function(a,b){for(var c=a.length,e=\"string\"===typeof a?a.split(\"\"):a,g=0;g\u003Cc;g++)g in e&&b.call(void 0,e[g],g,a)};function l(a,b){this.code=a;this.a=m[a]||n;this.message=b||\"\";a=this.a.replace(/((?:^|\\s+)[a-z])/g,function(c){return c.toUpperCase().replace(/^[\\s\\xa0]+/g,\"\")});b=a.length-5;if(0>b||a.indexOf(\"Error\",b)!=b)a+=\"Error\";this.name=a;a=Error(this.message);a.name=this.name;this.stack=a.stack||\"\"}f(l,Error);var n=\"unknown error\",m={15:\"element not selectable\",11:\"element not visible\"};m[31]=n;m[30]=n;m[24]=\"invalid cookie domain\";m[29]=\"invalid element coordinates\";m[12]=\"invalid element state\";m[32]=\"invalid selector\";\nm[51]=\"invalid selector\";m[52]=\"invalid selector\";m[17]=\"javascript error\";m[405]=\"unsupported operation\";m[34]=\"move target out of bounds\";m[27]=\"no such alert\";m[7]=\"no such element\";m[8]=\"no such frame\";m[23]=\"no such window\";m[28]=\"script timeout\";m[33]=\"session not created\";m[10]=\"stale element reference\";m[21]=\"timeout\";m[25]=\"unable to set cookie\";m[26]=\"unexpected alert open\";m[13]=n;m[9]=\"unknown command\";var p;a:{var q=d.navigator;if(q){var r=q.userAgent;if(r){p=r;break a}}p=\"\"}function t(a){return-1!=p.indexOf(a)};function u(){return t(\"Firefox\")||t(\"FxiOS\")}function v(){return(t(\"Chrome\")||t(\"CriOS\"))&&!t(\"Edge\")};function w(){return t(\"iPhone\")&&!t(\"iPod\")&&!t(\"iPad\")};var y=t(\"Opera\"),z=t(\"Trident\")||t(\"MSIE\"),A=t(\"Edge\"),B=t(\"Gecko\")&&!(-1!=p.toLowerCase().indexOf(\"webkit\")&&!t(\"Edge\"))&&!(t(\"Trident\")||t(\"MSIE\"))&&!t(\"Edge\"),C=-1!=p.toLowerCase().indexOf(\"webkit\")&&!t(\"Edge\");function D(){var a=d.document;return a?a.documentMode:void 0}var E;\na:{var F=\"\",G=function(){var a=p;if(B)return/rv:([^\\);]+)(\\)|;)/.exec(a);if(A)return/Edge\\/([\\d\\.]+)/.exec(a);if(z)return/\\b(?:MSIE|rv)[: ]([^\\);]+)(\\)|;)/.exec(a);if(C)return/WebKit\\/(\\S+)/.exec(a);if(y)return/(?:Version)[ \\/]?(\\S+)/.exec(a)}();G&&(F=G?G[1]:\"\");if(z){var H=D();if(null!=H&&H>parseFloat(F)){E=String(H);break a}}E=F}var I;I=d.document&&z?D():void 0;var J=u(),K=w()||t(\"iPod\"),L=t(\"iPad\"),M=t(\"Android\")&&!(v()||u()||t(\"Opera\")||t(\"Silk\")),N=v(),aa=t(\"Safari\")&&!(v()||t(\"Coast\")||t(\"Opera\")||t(\"Edge\")||t(\"Edg/\")||t(\"OPR\")||u()||t(\"Silk\")||t(\"Android\"))&&!(w()||t(\"iPad\")||t(\"iPod\"));function O(a){return(a=a.exec(p))?a[1]:\"\"}(function(){if(J)return O(/Firefox\\/([0-9.]+)/);if(z||A||y)return E;if(N)return w()||t(\"iPad\")||t(\"iPod\")?O(/CriOS\\/([0-9.]+)/):O(/Chrome\\/([0-9.]+)/);if(aa&&!(w()||t(\"iPad\")||t(\"iPod\")))return O(/Version\\/([0-9.]+)/);if(K||L){var a=/Version\\/(\\S+).*Mobile\\/(\\S+)/.exec(p);if(a)return a[1]+\".\"+a[2]}else if(M)return(a=O(/Android\\s+([0-9.]+)/))?a:O(/Version\\/([0-9.]+)/);return\"\"})();var P=z&&!(8\u003C=Number(I)),ba=z&&!(9\u003C=Number(I));var ca={SCRIPT:1,STYLE:1,HEAD:1,IFRAME:1,OBJECT:1},Q={IMG:\" \",BR:\"\\n\"};function R(a,b,c){if(!(a.nodeName in ca))if(3==a.nodeType)c?b.push(String(a.nodeValue).replace(/(\\r\\n|\\r|\\n)/g,\"\")):b.push(a.nodeValue);else if(a.nodeName in Q)b.push(Q[a.nodeName]);else for(a=a.firstChild;a;)R(a,b,c),a=a.nextSibling};function S(a,b){b=b.toLowerCase();return\"style\"==b?da(a.style.cssText):P&&\"value\"==b&&T(a,\"INPUT\")?a.value:ba&&!0===a[b]?String(a.getAttribute(b)):(a=a.getAttributeNode(b))&&a.specified?a.value:null}var ea=/[;]+(?=(?:(?:[^\"]*\"){2})*[^\"]*$)(?=(?:(?:[^']*'){2})*[^']*$)(?=(?:[^()]*\\([^()]*\\))*[^()]*$)/;\nfunction da(a){var b=[];k(a.split(ea),function(c){var e=c.indexOf(\":\");0\u003Ce&&(c=[c.slice(0,e),c.slice(e+1)],2==c.length&&b.push(c[0].toLowerCase(),\":\",c[1],\";\"))});b=b.join(\"\");return b=\";\"==b.charAt(b.length-1)?b:b+\";\"}function U(a,b){P&&\"value\"==b&&T(a,\"OPTION\")&&null===S(a,\"value\")?(b=[],R(a,b,!1),a=b.join(\"\")):a=a[b];return a}\nfunction T(a,b){b&&\"string\"!==typeof b&&(b=b.toString());return a instanceof HTMLFormElement?!!a&&1==a.nodeType&&(!b||\"FORM\"==b):!!a&&1==a.nodeType&&(!b||a.tagName.toUpperCase()==b)}function V(a){return T(a,\"OPTION\")?!0:T(a,\"INPUT\")?(a=a.type.toLowerCase(),\"checkbox\"==a||\"radio\"==a):!1};var fa={\"class\":\"className\",readonly:\"readOnly\"},ha=\"allowfullscreen allowpaymentrequest allowusermedia async autofocus autoplay checked compact complete controls declare default defaultchecked defaultselected defer disabled ended formnovalidate hidden indeterminate iscontenteditable ismap itemscope loop multiple muted nohref nomodule noresize noshade novalidate nowrap open paused playsinline pubdate readonly required reversed scoped seamless seeking selected truespeed typemustmatch willvalidate\".split(\" \");function W(a,b){var c=null,e=b.toLowerCase();if(\"style\"==e)return(c=a.style)&&\"string\"!=typeof c&&(c=c.cssText),c;if((\"selected\"==e||\"checked\"==e)&&V(a)){if(!V(a))throw new l(15,\"Element is not selectable\");b=\"selected\";c=a.type&&a.type.toLowerCase();if(\"checkbox\"==c||\"radio\"==c)b=\"checked\";return U(a,b)?\"true\":null}var g=T(a,\"A\");if(T(a,\"IMG\")&&\"src\"==e||g&&\"href\"==e)return(c=S(a,e))&&(c=U(a,e)),c;if(\"spellcheck\"==e){c=S(a,e);if(null!==c){if(\"false\"==c.toLowerCase())return\"false\";if(\"true\"==c.toLowerCase())return\"true\"}return U(a,\ne)+\"\"}g=fa[b]||b;if(0\u003C=h(ha,e))return(c=null!==S(a,b)||U(a,g))?\"true\":null;try{var x=U(a,g)}catch(ia){}(e=null==x)||(e=typeof x,e=\"object\"==e&&null!=x||\"function\"==e);e?c=S(a,b):c=x;return null!=c?c.toString():null}var X=[\"se_exportedFunctionSymbol\"],Y=d;X[0]in Y||\"undefined\"==typeof Y.execScript||Y.execScript(\"var \"+X[0]);for(var Z;X.length&&(Z=X.shift());)X.length||void 0===W?Y[Z]&&Y[Z]!==Object.prototype[Z]?Y=Y[Z]:Y=Y[Z]={}:Y[Z]=W;; return this.se_exportedFunctionSymbol.apply(null,arguments);}).apply(window, arguments);}\n).apply(null, arguments);"
}
[1769669277.087][INFO]: Waiting for pending navigations...
[1769669277.089][INFO]: Done waiting for pending navigations. Status: ok
[1769669277.092][INFO]: Waiting for pending navigations...
[1769669277.092][INFO]: Done waiting for pending navigations. Status: ok
[1769669277.092][INFO]: [e9bdbd4df8cae9f7a7b05ef895e65b5c] RESPONSE ExecuteScript "https://gg.asuracomic.net/storage/media/405806/conversions/00000-copy-optimized.webp"
[1769669277.093][INFO]: [e9bdbd4df8cae9f7a7b05ef895e65b5c] COMMAND ExecuteScript {
   "args": [ {
      "element-6066-11e4-a52e-4f735466cecf": "f.CAA1FE4C08EC3FB8AD3888983C4001B7.d.728B49898D8128A16D8B333025A9BEAB.e.25"
   }, "alt" ],
   "script": "/* getAttribute */return (function(){return (function(){var d=this||self;function f(a,b){function c(){}c.prototype=b.prototype;a.prototype=new c;a.prototype.constructor=a};var h=Array.prototype.indexOf?function(a,b){return Array.prototype.indexOf.call(a,b,void 0)}:function(a,b){if(\"string\"===typeof a)return\"string\"!==typeof b||1!=b.length?-1:a.indexOf(b,0);for(var c=0;c\u003Ca.length;c++)if(c in a&&a[c]===b)return c;return-1},k=Array.prototype.forEach?function(a,b){Array.prototype.forEach.call(a,b,void 0)}:function(a,b){for(var c=a.length,e=\"string\"===typeof a?a.split(\"\"):a,g=0;g\u003Cc;g++)g in e&&b.call(void 0,e[g],g,a)};function l(a,b){this.code=a;this.a=m[a]||n;this.message=b||\"\";a=this.a.replace(/((?:^|\\s+)[a-z])/g,function(c){return c.toUpperCase().replace(/^[\\s\\xa0]+/g,\"\")});b=a.length-5;if(0>b||a.indexOf(\"Error\",b)!=b)a+=\"Error\";this.name=a;a=Error(this.message);a.name=this.name;this.stack=a.stack||\"\"}f(l,Error);var n=\"unknown error\",m={15:\"element not selectable\",11:\"element not visible\"};m[31]=n;m[30]=n;m[24]=\"invalid cookie domain\";m[29]=\"invalid element coordinates\";m[12]=\"invalid element state\";m[32]=\"invalid selector\";\nm[51]=\"invalid selector\";m[52]=\"invalid selector\";m[17]=\"javascript error\";m[405]=\"unsupported operation\";m[34]=\"move target out of bounds\";m[27]=\"no such alert\";m[7]=\"no such element\";m[8]=\"no such frame\";m[23]=\"no such window\";m[28]=\"script timeout\";m[33]=\"session not created\";m[10]=\"stale element reference\";m[21]=\"timeout\";m[25]=\"unable to set cookie\";m[26]=\"unexpected alert open\";m[13]=n;m[9]=\"unknown command\";var p;a:{var q=d.navigator;if(q){var r=q.userAgent;if(r){p=r;break a}}p=\"\"}function t(a){return-1!=p.indexOf(a)};function u(){return t(\"Firefox\")||t(\"FxiOS\")}function v(){return(t(\"Chrome\")||t(\"CriOS\"))&&!t(\"Edge\")};function w(){return t(\"iPhone\")&&!t(\"iPod\")&&!t(\"iPad\")};var y=t(\"Opera\"),z=t(\"Trident\")||t(\"MSIE\"),A=t(\"Edge\"),B=t(\"Gecko\")&&!(-1!=p.toLowerCase().indexOf(\"webkit\")&&!t(\"Edge\"))&&!(t(\"Trident\")||t(\"MSIE\"))&&!t(\"Edge\"),C=-1!=p.toLowerCase().indexOf(\"webkit\")&&!t(\"Edge\");function D(){var a=d.document;return a?a.documentMode:void 0}var E;\na:{var F=\"\",G=function(){var a=p;if(B)return/rv:([^\\);]+)(\\)|;)/.exec(a);if(A)return/Edge\\/([\\d\\.]+)/.exec(a);if(z)return/\\b(?:MSIE|rv)[: ]([^\\);]+)(\\)|;)/.exec(a);if(C)return/WebKit\\/(\\S+)/.exec(a);if(y)return/(?:Version)[ \\/]?(\\S+)/.exec(a)}();G&&(F=G?G[1]:\"\");if(z){var H=D();if(null!=H&&H>parseFloat(F)){E=String(H);break a}}E=F}var I;I=d.document&&z?D():void 0;var J=u(),K=w()||t(\"iPod\"),L=t(\"iPad\"),M=t(\"Android\")&&!(v()||u()||t(\"Opera\")||t(\"Silk\")),N=v(),aa=t(\"Safari\")&&!(v()||t(\"Coast\")||t(\"Opera\")||t(\"Edge\")||t(\"Edg/\")||t(\"OPR\")||u()||t(\"Silk\")||t(\"Android\"))&&!(w()||t(\"iPad\")||t(\"iPod\"));function O(a){return(a=a.exec(p))?a[1]:\"\"}(function(){if(J)return O(/Firefox\\/([0-9.]+)/);if(z||A||y)return E;if(N)return w()||t(\"iPad\")||t(\"iPod\")?O(/CriOS\\/([0-9.]+)/):O(/Chrome\\/([0-9.]+)/);if(aa&&!(w()||t(\"iPad\")||t(\"iPod\")))return O(/Version\\/([0-9.]+)/);if(K||L){var a=/Version\\/(\\S+).*Mobile\\/(\\S+)/.exec(p);if(a)return a[1]+\".\"+a[2]}else if(M)return(a=O(/Android\\s+([0-9.]+)/))?a:O(/Version\\/([0-9.]+)/);return\"\"})();var P=z&&!(8\u003C=Number(I)),ba=z&&!(9\u003C=Number(I));var ca={SCRIPT:1,STYLE:1,HEAD:1,IFRAME:1,OBJECT:1},Q={IMG:\" \",BR:\"\\n\"};function R(a,b,c){if(!(a.nodeName in ca))if(3==a.nodeType)c?b.push(String(a.nodeValue).replace(/(\\r\\n|\\r|\\n)/g,\"\")):b.push(a.nodeValue);else if(a.nodeName in Q)b.push(Q[a.nodeName]);else for(a=a.firstChild;a;)R(a,b,c),a=a.nextSibling};function S(a,b){b=b.toLowerCase();return\"style\"==b?da(a.style.cssText):P&&\"value\"==b&&T(a,\"INPUT\")?a.value:ba&&!0===a[b]?String(a.getAttribute(b)):(a=a.getAttributeNode(b))&&a.specified?a.value:null}var ea=/[;]+(?=(?:(?:[^\"]*\"){2})*[^\"]*$)(?=(?:(?:[^']*'){2})*[^']*$)(?=(?:[^()]*\\([^()]*\\))*[^()]*$)/;\nfunction da(a){var b=[];k(a.split(ea),function(c){var e=c.indexOf(\":\");0\u003Ce&&(c=[c.slice(0,e),c.slice(e+1)],2==c.length&&b.push(c[0].toLowerCase(),\":\",c[1],\";\"))});b=b.join(\"\");return b=\";\"==b.charAt(b.length-1)?b:b+\";\"}function U(a,b){P&&\"value\"==b&&T(a,\"OPTION\")&&null===S(a,\"value\")?(b=[],R(a,b,!1),a=b.join(\"\")):a=a[b];return a}\nfunction T(a,b){b&&\"string\"!==typeof b&&(b=b.toString());return a instanceof HTMLFormElement?!!a&&1==a.nodeType&&(!b||\"FORM\"==b):!!a&&1==a.nodeType&&(!b||a.tagName.toUpperCase()==b)}function V(a){return T(a,\"OPTION\")?!0:T(a,\"INPUT\")?(a=a.type.toLowerCase(),\"checkbox\"==a||\"radio\"==a):!1};var fa={\"class\":\"className\",readonly:\"readOnly\"},ha=\"allowfullscreen allowpaymentrequest allowusermedia async autofocus autoplay checked compact complete controls declare default defaultchecked defaultselected defer disabled ended formnovalidate hidden indeterminate iscontenteditable ismap itemscope loop multiple muted nohref nomodule noresize noshade novalidate nowrap open paused playsinline pubdate readonly required reversed scoped seamless seeking selected truespeed typemustmatch willvalidate\".split(\" \");function W(a,b){var c=null,e=b.toLowerCase();if(\"style\"==e)return(c=a.style)&&\"string\"!=typeof c&&(c=c.cssText),c;if((\"selected\"==e||\"checked\"==e)&&V(a)){if(!V(a))throw new l(15,\"Element is not selectable\");b=\"selected\";c=a.type&&a.type.toLowerCase();if(\"checkbox\"==c||\"radio\"==c)b=\"checked\";return U(a,b)?\"true\":null}var g=T(a,\"A\");if(T(a,\"IMG\")&&\"src\"==e||g&&\"href\"==e)return(c=S(a,e))&&(c=U(a,e)),c;if(\"spellcheck\"==e){c=S(a,e);if(null!==c){if(\"false\"==c.toLowerCase())return\"false\";if(\"true\"==c.toLowerCase())return\"true\"}return U(a,\ne)+\"\"}g=fa[b]||b;if(0\u003C=h(ha,e))return(c=null!==S(a,b)||U(a,g))?\"true\":null;try{var x=U(a,g)}catch(ia){}(e=null==x)||(e=typeof x,e=\"object\"==e&&null!=x||\"function\"==e);e?c=S(a,b):c=x;return null!=c?c.toString():null}var X=[\"se_exportedFunctionSymbol\"],Y=d;X[0]in Y||\"undefined\"==typeof Y.execScript||Y.execScript(\"var \"+X[0]);for(var Z;X.length&&(Z=X.shift());)X.length||void 0===W?Y[Z]&&Y[Z]!==Object.prototype[Z]?Y=Y[Z]:Y=Y[Z]={}:Y[Z]=W;; return this.se_exportedFunctionSymbol.apply(null,arguments);}).apply(window, arguments);}\n).apply(null, arguments);"
}
[1769669277.093][INFO]: Waiting for pending navigations...
[1769669277.093][INFO]: Done waiting for pending navigations. Status: ok
[1769669277.096][INFO]: Waiting for pending navigations...
[1769669277.096][INFO]: Done waiting for pending navigations. Status: ok
[1769669277.096][INFO]: [e9bdbd4df8cae9f7a7b05ef895e65b5c] RESPONSE ExecuteScript "chapter page 2"
[1769669277.097][INFO]: [e9bdbd4df8cae9f7a7b05ef895e65b5c] COMMAND ExecuteScript {
   "args": [ {
      "element-6066-11e4-a52e-4f735466cecf": "f.CAA1FE4C08EC3FB8AD3888983C4001B7.d.728B49898D8128A16D8B333025A9BEAB.e.25"
   }, "currentSrc" ],
   "script": "/* getAttribute */return (function(){return (function(){var d=this||self;function f(a,b){function c(){}c.prototype=b.prototype;a.prototype=new c;a.prototype.constructor=a};var h=Array.prototype.indexOf?function(a,b){return Array.prototype.indexOf.call(a,b,void 0)}:function(a,b){if(\"string\"===typeof a)return\"string\"!==typeof b||1!=b.length?-1:a.indexOf(b,0);for(var c=0;c\u003Ca.length;c++)if(c in a&&a[c]===b)return c;return-1},k=Array.prototype.forEach?function(a,b){Array.prototype.forEach.call(a,b,void 0)}:function(a,b){for(var c=a.length,e=\"string\"===typeof a?a.split(\"\"):a,g=0;g\u003Cc;g++)g in e&&b.call(void 0,e[g],g,a)};function l(a,b){this.code=a;this.a=m[a]||n;this.message=b||\"\";a=this.a.replace(/((?:^|\\s+)[a-z])/g,function(c){return c.toUpperCase().replace(/^[\\s\\xa0]+/g,\"\")});b=a.length-5;if(0>b||a.indexOf(\"Error\",b)!=b)a+=\"Error\";this.name=a;a=Error(this.message);a.name=this.name;this.stack=a.stack||\"\"}f(l,Error);var n=\"unknown error\",m={15:\"element not selectable\",11:\"element not visible\"};m[31]=n;m[30]=n;m[24]=\"invalid cookie domain\";m[29]=\"invalid element coordinates\";m[12]=\"invalid element state\";m[32]=\"invalid selector\";\nm[51]=\"invalid selector\";m[52]=\"invalid selector\";m[17]=\"javascript error\";m[405]=\"unsupported operation\";m[34]=\"move target out of bounds\";m[27]=\"no such alert\";m[7]=\"no such element\";m[8]=\"no such frame\";m[23]=\"no such window\";m[28]=\"script timeout\";m[33]=\"session not created\";m[10]=\"stale element reference\";m[21]=\"timeout\";m[25]=\"unable to set cookie\";m[26]=\"unexpected alert open\";m[13]=n;m[9]=\"unknown command\";var p;a:{var q=d.navigator;if(q){var r=q.userAgent;if(r){p=r;break a}}p=\"\"}function t(a){return-1!=p.indexOf(a)};function u(){return t(\"Firefox\")||t(\"FxiOS\")}function v(){return(t(\"Chrome\")||t(\"CriOS\"))&&!t(\"Edge\")};function w(){return t(\"iPhone\")&&!t(\"iPod\")&&!t(\"iPad\")};var y=t(\"Opera\"),z=t(\"Trident\")||t(\"MSIE\"),A=t(\"Edge\"),B=t(\"Gecko\")&&!(-1!=p.toLowerCase().indexOf(\"webkit\")&&!t(\"Edge\"))&&!(t(\"Trident\")||t(\"MSIE\"))&&!t(\"Edge\"),C=-1!=p.toLowerCase().indexOf(\"webkit\")&&!t(\"Edge\");function D(){var a=d.document;return a?a.documentMode:void 0}var E;\na:{var F=\"\",G=function(){var a=p;if(B)return/rv:([^\\);]+)(\\)|;)/.exec(a);if(A)return/Edge\\/([\\d\\.]+)/.exec(a);if(z)return/\\b(?:MSIE|rv)[: ]([^\\);]+)(\\)|;)/.exec(a);if(C)return/WebKit\\/(\\S+)/.exec(a);if(y)return/(?:Version)[ \\/]?(\\S+)/.exec(a)}();G&&(F=G?G[1]:\"\");if(z){var H=D();if(null!=H&&H>parseFloat(F)){E=String(H);break a}}E=F}var I;I=d.document&&z?D():void 0;var J=u(),K=w()||t(\"iPod\"),L=t(\"iPad\"),M=t(\"Android\")&&!(v()||u()||t(\"Opera\")||t(\"Silk\")),N=v(),aa=t(\"Safari\")&&!(v()||t(\"Coast\")||t(\"Opera\")||t(\"Edge\")||t(\"Edg/\")||t(\"OPR\")||u()||t(\"Silk\")||t(\"Android\"))&&!(w()||t(\"iPad\")||t(\"iPod\"));function O(a){return(a=a.exec(p))?a[1]:\"\"}(function(){if(J)return O(/Firefox\\/([0-9.]+)/);if(z||A||y)return E;if(N)return w()||t(\"iPad\")||t(\"iPod\")?O(/CriOS\\/([0-9.]+)/):O(/Chrome\\/([0-9.]+)/);if(aa&&!(w()||t(\"iPad\")||t(\"iPod\")))return O(/Version\\/([0-9.]+)/);if(K||L){var a=/Version\\/(\\S+).*Mobile\\/(\\S+)/.exec(p);if(a)return a[1]+\".\"+a[2]}else if(M)return(a=O(/Android\\s+([0-9.]+)/))?a:O(/Version\\/([0-9.]+)/);return\"\"})();var P=z&&!(8\u003C=Number(I)),ba=z&&!(9\u003C=Number(I));var ca={SCRIPT:1,STYLE:1,HEAD:1,IFRAME:1,OBJECT:1},Q={IMG:\" \",BR:\"\\n\"};function R(a,b,c){if(!(a.nodeName in ca))if(3==a.nodeType)c?b.push(String(a.nodeValue).replace(/(\\r\\n|\\r|\\n)/g,\"\")):b.push(a.nodeValue);else if(a.nodeName in Q)b.push(Q[a.nodeName]);else for(a=a.firstChild;a;)R(a,b,c),a=a.nextSibling};function S(a,b){b=b.toLowerCase();return\"style\"==b?da(a.style.cssText):P&&\"value\"==b&&T(a,\"INPUT\")?a.value:ba&&!0===a[b]?String(a.getAttribute(b)):(a=a.getAttributeNode(b))&&a.specified?a.value:null}var ea=/[;]+(?=(?:(?:[^\"]*\"){2})*[^\"]*$)(?=(?:(?:[^']*'){2})*[^']*$)(?=(?:[^()]*\\([^()]*\\))*[^()]*$)/;\nfunction da(a){var b=[];k(a.split(ea),function(c){var e=c.indexOf(\":\");0\u003Ce&&(c=[c.slice(0,e),c.slice(e+1)],2==c.length&&b.push(c[0].toLowerCase(),\":\",c[1],\";\"))});b=b.join(\"\");return b=\";\"==b.charAt(b.length-1)?b:b+\";\"}function U(a,b){P&&\"value\"==b&&T(a,\"OPTION\")&&null===S(a,\"value\")?(b=[],R(a,b,!1),a=b.join(\"\")):a=a[b];return a}\nfunction T(a,b){b&&\"string\"!==typeof b&&(b=b.toString());return a instanceof HTMLFormElement?!!a&&1==a.nodeType&&(!b||\"FORM\"==b):!!a&&1==a.nodeType&&(!b||a.tagName.toUpperCase()==b)}function V(a){return T(a,\"OPTION\")?!0:T(a,\"INPUT\")?(a=a.type.toLowerCase(),\"checkbox\"==a||\"radio\"==a):!1};var fa={\"class\":\"className\",readonly:\"readOnly\"},ha=\"allowfullscreen allowpaymentrequest allowusermedia async autofocus autoplay checked compact complete controls declare default defaultchecked defaultselected defer disabled ended formnovalidate hidden indeterminate iscontenteditable ismap itemscope loop multiple muted nohref nomodule noresize noshade novalidate nowrap open paused playsinline pubdate readonly required reversed scoped seamless seeking selected truespeed typemustmatch willvalidate\".split(\" \");function W(a,b){var c=null,e=b.toLowerCase();if(\"style\"==e)return(c=a.style)&&\"string\"!=typeof c&&(c=c.cssText),c;if((\"selected\"==e||\"checked\"==e)&&V(a)){if(!V(a))throw new l(15,\"Element is not selectable\");b=\"selected\";c=a.type&&a.type.toLowerCase();if(\"checkbox\"==c||\"radio\"==c)b=\"checked\";return U(a,b)?\"true\":null}var g=T(a,\"A\");if(T(a,\"IMG\")&&\"src\"==e||g&&\"href\"==e)return(c=S(a,e))&&(c=U(a,e)),c;if(\"spellcheck\"==e){c=S(a,e);if(null!==c){if(\"false\"==c.toLowerCase())return\"false\";if(\"true\"==c.toLowerCase())return\"true\"}return U(a,\ne)+\"\"}g=fa[b]||b;if(0\u003C=h(ha,e))return(c=null!==S(a,b)||U(a,g))?\"true\":null;try{var x=U(a,g)}catch(ia){}(e=null==x)||(e=typeof x,e=\"object\"==e&&null!=x||\"function\"==e);e?c=S(a,b):c=x;return null!=c?c.toString():null}var X=[\"se_exportedFunctionSymbol\"],Y=d;X[0]in Y||\"undefined\"==typeof Y.execScript||Y.execScript(\"var \"+X[0]);for(var Z;X.length&&(Z=X.shift());)X.length||void 0===W?Y[Z]&&Y[Z]!==Object.prototype[Z]?Y=Y[Z]:Y=Y[Z]={}:Y[Z]=W;; return this.se_exportedFunctionSymbol.apply(null,arguments);}).apply(window, arguments);}\n).apply(null, arguments);"
}
[1769669277.097][INFO]: Waiting for pending navigations...
[1769669277.097][INFO]: Done waiting for pending navigations. Status: ok
[1769669277.099][INFO]: Waiting for pending navigations...
[1769669277.100][INFO]: Done waiting for pending navigations. Status: ok
[1769669277.100][INFO]: [e9bdbd4df8cae9f7a7b05ef895e65b5c] RESPONSE ExecuteScript "https://gg.asuracomic.net/storage/media/405807/conversions/01-optimized.webp"
[1769669277.101][INFO]: [e9bdbd4df8cae9f7a7b05ef895e65b5c] COMMAND ExecuteScript {
   "args": [ {
      "element-6066-11e4-a52e-4f735466cecf": "f.CAA1FE4C08EC3FB8AD3888983C4001B7.d.728B49898D8128A16D8B333025A9BEAB.e.26"
   }, "alt" ],
   "script": "/* getAttribute */return (function(){return (function(){var d=this||self;function f(a,b){function c(){}c.prototype=b.prototype;a.prototype=new c;a.prototype.constructor=a};var h=Array.prototype.indexOf?function(a,b){return Array.prototype.indexOf.call(a,b,void 0)}:function(a,b){if(\"string\"===typeof a)return\"string\"!==typeof b||1!=b.length?-1:a.indexOf(b,0);for(var c=0;c\u003Ca.length;c++)if(c in a&&a[c]===b)return c;return-1},k=Array.prototype.forEach?function(a,b){Array.prototype.forEach.call(a,b,void 0)}:function(a,b){for(var c=a.length,e=\"string\"===typeof a?a.split(\"\"):a,g=0;g\u003Cc;g++)g in e&&b.call(void 0,e[g],g,a)};function l(a,b){this.code=a;this.a=m[a]||n;this.message=b||\"\";a=this.a.replace(/((?:^|\\s+)[a-z])/g,function(c){return c.toUpperCase().replace(/^[\\s\\xa0]+/g,\"\")});b=a.length-5;if(0>b||a.indexOf(\"Error\",b)!=b)a+=\"Error\";this.name=a;a=Error(this.message);a.name=this.name;this.stack=a.stack||\"\"}f(l,Error);var n=\"unknown error\",m={15:\"element not selectable\",11:\"element not visible\"};m[31]=n;m[30]=n;m[24]=\"invalid cookie domain\";m[29]=\"invalid element coordinates\";m[12]=\"invalid element state\";m[32]=\"invalid selector\";\nm[51]=\"invalid selector\";m[52]=\"invalid selector\";m[17]=\"javascript error\";m[405]=\"unsupported operation\";m[34]=\"move target out of bounds\";m[27]=\"no such alert\";m[7]=\"no such element\";m[8]=\"no such frame\";m[23]=\"no such window\";m[28]=\"script timeout\";m[33]=\"session not created\";m[10]=\"stale element reference\";m[21]=\"timeout\";m[25]=\"unable to set cookie\";m[26]=\"unexpected alert open\";m[13]=n;m[9]=\"unknown command\";var p;a:{var q=d.navigator;if(q){var r=q.userAgent;if(r){p=r;break a}}p=\"\"}function t(a){return-1!=p.indexOf(a)};function u(){return t(\"Firefox\")||t(\"FxiOS\")}function v(){return(t(\"Chrome\")||t(\"CriOS\"))&&!t(\"Edge\")};function w(){return t(\"iPhone\")&&!t(\"iPod\")&&!t(\"iPad\")};var y=t(\"Opera\"),z=t(\"Trident\")||t(\"MSIE\"),A=t(\"Edge\"),B=t(\"Gecko\")&&!(-1!=p.toLowerCase().indexOf(\"webkit\")&&!t(\"Edge\"))&&!(t(\"Trident\")||t(\"MSIE\"))&&!t(\"Edge\"),C=-1!=p.toLowerCase().indexOf(\"webkit\")&&!t(\"Edge\");function D(){var a=d.document;return a?a.documentMode:void 0}var E;\na:{var F=\"\",G=function(){var a=p;if(B)return/rv:([^\\);]+)(\\)|;)/.exec(a);if(A)return/Edge\\/([\\d\\.]+)/.exec(a);if(z)return/\\b(?:MSIE|rv)[: ]([^\\);]+)(\\)|;)/.exec(a);if(C)return/WebKit\\/(\\S+)/.exec(a);if(y)return/(?:Version)[ \\/]?(\\S+)/.exec(a)}();G&&(F=G?G[1]:\"\");if(z){var H=D();if(null!=H&&H>parseFloat(F)){E=String(H);break a}}E=F}var I;I=d.document&&z?D():void 0;var J=u(),K=w()||t(\"iPod\"),L=t(\"iPad\"),M=t(\"Android\")&&!(v()||u()||t(\"Opera\")||t(\"Silk\")),N=v(),aa=t(\"Safari\")&&!(v()||t(\"Coast\")||t(\"Opera\")||t(\"Edge\")||t(\"Edg/\")||t(\"OPR\")||u()||t(\"Silk\")||t(\"Android\"))&&!(w()||t(\"iPad\")||t(\"iPod\"));function O(a){return(a=a.exec(p))?a[1]:\"\"}(function(){if(J)return O(/Firefox\\/([0-9.]+)/);if(z||A||y)return E;if(N)return w()||t(\"iPad\")||t(\"iPod\")?O(/CriOS\\/([0-9.]+)/):O(/Chrome\\/([0-9.]+)/);if(aa&&!(w()||t(\"iPad\")||t(\"iPod\")))return O(/Version\\/([0-9.]+)/);if(K||L){var a=/Version\\/(\\S+).*Mobile\\/(\\S+)/.exec(p);if(a)return a[1]+\".\"+a[2]}else if(M)return(a=O(/Android\\s+([0-9.]+)/))?a:O(/Version\\/([0-9.]+)/);return\"\"})();var P=z&&!(8\u003C=Number(I)),ba=z&&!(9\u003C=Number(I));var ca={SCRIPT:1,STYLE:1,HEAD:1,IFRAME:1,OBJECT:1},Q={IMG:\" \",BR:\"\\n\"};function R(a,b,c){if(!(a.nodeName in ca))if(3==a.nodeType)c?b.push(String(a.nodeValue).replace(/(\\r\\n|\\r|\\n)/g,\"\")):b.push(a.nodeValue);else if(a.nodeName in Q)b.push(Q[a.nodeName]);else for(a=a.firstChild;a;)R(a,b,c),a=a.nextSibling};function S(a,b){b=b.toLowerCase();return\"style\"==b?da(a.style.cssText):P&&\"value\"==b&&T(a,\"INPUT\")?a.value:ba&&!0===a[b]?String(a.getAttribute(b)):(a=a.getAttributeNode(b))&&a.specified?a.value:null}var ea=/[;]+(?=(?:(?:[^\"]*\"){2})*[^\"]*$)(?=(?:(?:[^']*'){2})*[^']*$)(?=(?:[^()]*\\([^()]*\\))*[^()]*$)/;\nfunction da(a){var b=[];k(a.split(ea),function(c){var e=c.indexOf(\":\");0\u003Ce&&(c=[c.slice(0,e),c.slice(e+1)],2==c.length&&b.push(c[0].toLowerCase(),\":\",c[1],\";\"))});b=b.join(\"\");return b=\";\"==b.charAt(b.length-1)?b:b+\";\"}function U(a,b){P&&\"value\"==b&&T(a,\"OPTION\")&&null===S(a,\"value\")?(b=[],R(a,b,!1),a=b.join(\"\")):a=a[b];return a}\nfunction T(a,b){b&&\"string\"!==typeof b&&(b=b.toString());return a instanceof HTMLFormElement?!!a&&1==a.nodeType&&(!b||\"FORM\"==b):!!a&&1==a.nodeType&&(!b||a.tagName.toUpperCase()==b)}function V(a){return T(a,\"OPTION\")?!0:T(a,\"INPUT\")?(a=a.type.toLowerCase(),\"checkbox\"==a||\"radio\"==a):!1};var fa={\"class\":\"className\",readonly:\"readOnly\"},ha=\"allowfullscreen allowpaymentrequest allowusermedia async autofocus autoplay checked compact complete controls declare default defaultchecked defaultselected defer disabled ended formnovalidate hidden indeterminate iscontenteditable ismap itemscope loop multiple muted nohref nomodule noresize noshade novalidate nowrap open paused playsinline pubdate readonly required reversed scoped seamless seeking selected truespeed typemustmatch willvalidate\".split(\" \");function W(a,b){var c=null,e=b.toLowerCase();if(\"style\"==e)return(c=a.style)&&\"string\"!=typeof c&&(c=c.cssText),c;if((\"selected\"==e||\"checked\"==e)&&V(a)){if(!V(a))throw new l(15,\"Element is not selectable\");b=\"selected\";c=a.type&&a.type.toLowerCase();if(\"checkbox\"==c||\"radio\"==c)b=\"checked\";return U(a,b)?\"true\":null}var g=T(a,\"A\");if(T(a,\"IMG\")&&\"src\"==e||g&&\"href\"==e)return(c=S(a,e))&&(c=U(a,e)),c;if(\"spellcheck\"==e){c=S(a,e);if(null!==c){if(\"false\"==c.toLowerCase())return\"false\";if(\"true\"==c.toLowerCase())return\"true\"}return U(a,\ne)+\"\"}g=fa[b]||b;if(0\u003C=h(ha,e))return(c=null!==S(a,b)||U(a,g))?\"true\":null;try{var x=U(a,g)}catch(ia){}(e=null==x)||(e=typeof x,e=\"object\"==e&&null!=x||\"function\"==e);e?c=S(a,b):c=x;return null!=c?c.toString():null}var X=[\"se_exportedFunctionSymbol\"],Y=d;X[0]in Y||\"undefined\"==typeof Y.execScript||Y.execScript(\"var \"+X[0]);for(var Z;X.length&&(Z=X.shift());)X.length||void 0===W?Y[Z]&&Y[Z]!==Object.prototype[Z]?Y=Y[Z]:Y=Y[Z]={}:Y[Z]=W;; return this.se_exportedFunctionSymbol.apply(null,arguments);}).apply(window, arguments);}\n).apply(null, arguments);"
}
[1769669277.101][INFO]: Waiting for pending navigations...
[1769669277.101][INFO]: Done waiting for pending navigations. Status: ok
[1769669277.104][INFO]: Waiting for pending navigations...
[1769669277.104][INFO]: Done waiting for pending navigations. Status: ok
[1769669277.104][INFO]: [e9bdbd4df8cae9f7a7b05ef895e65b5c] RESPONSE ExecuteScript "chapter page 3"
[1769669277.105][INFO]: [e9bdbd4df8cae9f7a7b05ef895e65b5c] COMMAND ExecuteScript {
   "args": [ {
      "element-6066-11e4-a52e-4f735466cecf": "f.CAA1FE4C08EC3FB8AD3888983C4001B7.d.728B49898D8128A16D8B333025A9BEAB.e.26"
   }, "currentSrc" ],
   "script": "/* getAttribute */return (function(){return (function(){var d=this||self;function f(a,b){function c(){}c.prototype=b.prototype;a.prototype=new c;a.prototype.constructor=a};var h=Array.prototype.indexOf?function(a,b){return Array.prototype.indexOf.call(a,b,void 0)}:function(a,b){if(\"string\"===typeof a)return\"string\"!==typeof b||1!=b.length?-1:a.indexOf(b,0);for(var c=0;c\u003Ca.length;c++)if(c in a&&a[c]===b)return c;return-1},k=Array.prototype.forEach?function(a,b){Array.prototype.forEach.call(a,b,void 0)}:function(a,b){for(var c=a.length,e=\"string\"===typeof a?a.split(\"\"):a,g=0;g\u003Cc;g++)g in e&&b.call(void 0,e[g],g,a)};function l(a,b){this.code=a;this.a=m[a]||n;this.message=b||\"\";a=this.a.replace(/((?:^|\\s+)[a-z])/g,function(c){return c.toUpperCase().replace(/^[\\s\\xa0]+/g,\"\")});b=a.length-5;if(0>b||a.indexOf(\"Error\",b)!=b)a+=\"Error\";this.name=a;a=Error(this.message);a.name=this.name;this.stack=a.stack||\"\"}f(l,Error);var n=\"unknown error\",m={15:\"element not selectable\",11:\"element not visible\"};m[31]=n;m[30]=n;m[24]=\"invalid cookie domain\";m[29]=\"invalid element coordinates\";m[12]=\"invalid element state\";m[32]=\"invalid selector\";\nm[51]=\"invalid selector\";m[52]=\"invalid selector\";m[17]=\"javascript error\";m[405]=\"unsupported operation\";m[34]=\"move target out of bounds\";m[27]=\"no such alert\";m[7]=\"no such element\";m[8]=\"no such frame\";m[23]=\"no such window\";m[28]=\"script timeout\";m[33]=\"session not created\";m[10]=\"stale element reference\";m[21]=\"timeout\";m[25]=\"unable to set cookie\";m[26]=\"unexpected alert open\";m[13]=n;m[9]=\"unknown command\";var p;a:{var q=d.navigator;if(q){var r=q.userAgent;if(r){p=r;break a}}p=\"\"}function t(a){return-1!=p.indexOf(a)};function u(){return t(\"Firefox\")||t(\"FxiOS\")}function v(){return(t(\"Chrome\")||t(\"CriOS\"))&&!t(\"Edge\")};function w(){return t(\"iPhone\")&&!t(\"iPod\")&&!t(\"iPad\")};var y=t(\"Opera\"),z=t(\"Trident\")||t(\"MSIE\"),A=t(\"Edge\"),B=t(\"Gecko\")&&!(-1!=p.toLowerCase().indexOf(\"webkit\")&&!t(\"Edge\"))&&!(t(\"Trident\")||t(\"MSIE\"))&&!t(\"Edge\"),C=-1!=p.toLowerCase().indexOf(\"webkit\")&&!t(\"Edge\");function D(){var a=d.document;return a?a.documentMode:void 0}var E;\na:{var F=\"\",G=function(){var a=p;if(B)return/rv:([^\\);]+)(\\)|;)/.exec(a);if(A)return/Edge\\/([\\d\\.]+)/.exec(a);if(z)return/\\b(?:MSIE|rv)[: ]([^\\);]+)(\\)|;)/.exec(a);if(C)return/WebKit\\/(\\S+)/.exec(a);if(y)return/(?:Version)[ \\/]?(\\S+)/.exec(a)}();G&&(F=G?G[1]:\"\");if(z){var H=D();if(null!=H&&H>parseFloat(F)){E=String(H);break a}}E=F}var I;I=d.document&&z?D():void 0;var J=u(),K=w()||t(\"iPod\"),L=t(\"iPad\"),M=t(\"Android\")&&!(v()||u()||t(\"Opera\")||t(\"Silk\")),N=v(),aa=t(\"Safari\")&&!(v()||t(\"Coast\")||t(\"Opera\")||t(\"Edge\")||t(\"Edg/\")||t(\"OPR\")||u()||t(\"Silk\")||t(\"Android\"))&&!(w()||t(\"iPad\")||t(\"iPod\"));function O(a){return(a=a.exec(p))?a[1]:\"\"}(function(){if(J)return O(/Firefox\\/([0-9.]+)/);if(z||A||y)return E;if(N)return w()||t(\"iPad\")||t(\"iPod\")?O(/CriOS\\/([0-9.]+)/):O(/Chrome\\/([0-9.]+)/);if(aa&&!(w()||t(\"iPad\")||t(\"iPod\")))return O(/Version\\/([0-9.]+)/);if(K||L){var a=/Version\\/(\\S+).*Mobile\\/(\\S+)/.exec(p);if(a)return a[1]+\".\"+a[2]}else if(M)return(a=O(/Android\\s+([0-9.]+)/))?a:O(/Version\\/([0-9.]+)/);return\"\"})();var P=z&&!(8\u003C=Number(I)),ba=z&&!(9\u003C=Number(I));var ca={SCRIPT:1,STYLE:1,HEAD:1,IFRAME:1,OBJECT:1},Q={IMG:\" \",BR:\"\\n\"};function R(a,b,c){if(!(a.nodeName in ca))if(3==a.nodeType)c?b.push(String(a.nodeValue).replace(/(\\r\\n|\\r|\\n)/g,\"\")):b.push(a.nodeValue);else if(a.nodeName in Q)b.push(Q[a.nodeName]);else for(a=a.firstChild;a;)R(a,b,c),a=a.nextSibling};function S(a,b){b=b.toLowerCase();return\"style\"==b?da(a.style.cssText):P&&\"value\"==b&&T(a,\"INPUT\")?a.value:ba&&!0===a[b]?String(a.getAttribute(b)):(a=a.getAttributeNode(b))&&a.specified?a.value:null}var ea=/[;]+(?=(?:(?:[^\"]*\"){2})*[^\"]*$)(?=(?:(?:[^']*'){2})*[^']*$)(?=(?:[^()]*\\([^()]*\\))*[^()]*$)/;\nfunction da(a){var b=[];k(a.split(ea),function(c){var e=c.indexOf(\":\");0\u003Ce&&(c=[c.slice(0,e),c.slice(e+1)],2==c.length&&b.push(c[0].toLowerCase(),\":\",c[1],\";\"))});b=b.join(\"\");return b=\";\"==b.charAt(b.length-1)?b:b+\";\"}function U(a,b){P&&\"value\"==b&&T(a,\"OPTION\")&&null===S(a,\"value\")?(b=[],R(a,b,!1),a=b.join(\"\")):a=a[b];return a}\nfunction T(a,b){b&&\"string\"!==typeof b&&(b=b.toString());return a instanceof HTMLFormElement?!!a&&1==a.nodeType&&(!b||\"FORM\"==b):!!a&&1==a.nodeType&&(!b||a.tagName.toUpperCase()==b)}function V(a){return T(a,\"OPTION\")?!0:T(a,\"INPUT\")?(a=a.type.toLowerCase(),\"checkbox\"==a||\"radio\"==a):!1};var fa={\"class\":\"className\",readonly:\"readOnly\"},ha=\"allowfullscreen allowpaymentrequest allowusermedia async autofocus autoplay checked compact complete controls declare default defaultchecked defaultselected defer disabled ended formnovalidate hidden indeterminate iscontenteditable ismap itemscope loop multiple muted nohref nomodule noresize noshade novalidate nowrap open paused playsinline pubdate readonly required reversed scoped seamless seeking selected truespeed typemustmatch willvalidate\".split(\" \");function W(a,b){var c=null,e=b.toLowerCase();if(\"style\"==e)return(c=a.style)&&\"string\"!=typeof c&&(c=c.cssText),c;if((\"selected\"==e||\"checked\"==e)&&V(a)){if(!V(a))throw new l(15,\"Element is not selectable\");b=\"selected\";c=a.type&&a.type.toLowerCase();if(\"checkbox\"==c||\"radio\"==c)b=\"checked\";return U(a,b)?\"true\":null}var g=T(a,\"A\");if(T(a,\"IMG\")&&\"src\"==e||g&&\"href\"==e)return(c=S(a,e))&&(c=U(a,e)),c;if(\"spellcheck\"==e){c=S(a,e);if(null!==c){if(\"false\"==c.toLowerCase())return\"false\";if(\"true\"==c.toLowerCase())return\"true\"}return U(a,\ne)+\"\"}g=fa[b]||b;if(0\u003C=h(ha,e))return(c=null!==S(a,b)||U(a,g))?\"true\":null;try{var x=U(a,g)}catch(ia){}(e=null==x)||(e=typeof x,e=\"object\"==e&&null!=x||\"function\"==e);e?c=S(a,b):c=x;return null!=c?c.toString():null}var X=[\"se_exportedFunctionSymbol\"],Y=d;X[0]in Y||\"undefined\"==typeof Y.execScript||Y.execScript(\"var \"+X[0]);for(var Z;X.length&&(Z=X.shift());)X.length||void 0===W?Y[Z]&&Y[Z]!==Object.prototype[Z]?Y=Y[Z]:Y=Y[Z]={}:Y[Z]=W;; return this.se_exportedFunctionSymbol.apply(null,arguments);}).apply(window, arguments);}\n).apply(null, arguments);"
}
[1769669277.105][INFO]: Waiting for pending navigations...
[1769669277.107][INFO]: Done waiting for pending navigations. Status: ok
[1769669277.110][INFO]: Waiting for pending navigations...
[1769669277.110][INFO]: Done waiting for pending navigations. Status: ok
[1769669277.111][INFO]: [e9bdbd4df8cae9f7a7b05ef895e65b5c] RESPONSE ExecuteScript "https://gg.asuracomic.net/storage/media/405808/conversions/02-optimized.webp"
[1769669277.112][INFO]: [e9bdbd4df8cae9f7a7b05ef895e65b5c] COMMAND ExecuteScript {
   "args": [ {
      "element-6066-11e4-a52e-4f735466cecf": "f.CAA1FE4C08EC3FB8AD3888983C4001B7.d.728B49898D8128A16D8B333025A9BEAB.e.27"
   }, "alt" ],
   "script": "/* getAttribute */return (function(){return (function(){var d=this||self;function f(a,b){function c(){}c.prototype=b.prototype;a.prototype=new c;a.prototype.constructor=a};var h=Array.prototype.indexOf?function(a,b){return Array.prototype.indexOf.call(a,b,void 0)}:function(a,b){if(\"string\"===typeof a)return\"string\"!==typeof b||1!=b.length?-1:a.indexOf(b,0);for(var c=0;c\u003Ca.length;c++)if(c in a&&a[c]===b)return c;return-1},k=Array.prototype.forEach?function(a,b){Array.prototype.forEach.call(a,b,void 0)}:function(a,b){for(var c=a.length,e=\"string\"===typeof a?a.split(\"\"):a,g=0;g\u003Cc;g++)g in e&&b.call(void 0,e[g],g,a)};function l(a,b){this.code=a;this.a=m[a]||n;this.message=b||\"\";a=this.a.replace(/((?:^|\\s+)[a-z])/g,function(c){return c.toUpperCase().replace(/^[\\s\\xa0]+/g,\"\")});b=a.length-5;if(0>b||a.indexOf(\"Error\",b)!=b)a+=\"Error\";this.name=a;a=Error(this.message);a.name=this.name;this.stack=a.stack||\"\"}f(l,Error);var n=\"unknown error\",m={15:\"element not selectable\",11:\"element not visible\"};m[31]=n;m[30]=n;m[24]=\"invalid cookie domain\";m[29]=\"invalid element coordinates\";m[12]=\"invalid element state\";m[32]=\"invalid selector\";\nm[51]=\"invalid selector\";m[52]=\"invalid selector\";m[17]=\"javascript error\";m[405]=\"unsupported operation\";m[34]=\"move target out of bounds\";m[27]=\"no such alert\";m[7]=\"no such element\";m[8]=\"no such frame\";m[23]=\"no such window\";m[28]=\"script timeout\";m[33]=\"session not created\";m[10]=\"stale element reference\";m[21]=\"timeout\";m[25]=\"unable to set cookie\";m[26]=\"unexpected alert open\";m[13]=n;m[9]=\"unknown command\";var p;a:{var q=d.navigator;if(q){var r=q.userAgent;if(r){p=r;break a}}p=\"\"}function t(a){return-1!=p.indexOf(a)};function u(){return t(\"Firefox\")||t(\"FxiOS\")}function v(){return(t(\"Chrome\")||t(\"CriOS\"))&&!t(\"Edge\")};function w(){return t(\"iPhone\")&&!t(\"iPod\")&&!t(\"iPad\")};var y=t(\"Opera\"),z=t(\"Trident\")||t(\"MSIE\"),A=t(\"Edge\"),B=t(\"Gecko\")&&!(-1!=p.toLowerCase().indexOf(\"webkit\")&&!t(\"Edge\"))&&!(t(\"Trident\")||t(\"MSIE\"))&&!t(\"Edge\"),C=-1!=p.toLowerCase().indexOf(\"webkit\")&&!t(\"Edge\");function D(){var a=d.document;return a?a.documentMode:void 0}var E;\na:{var F=\"\",G=function(){var a=p;if(B)return/rv:([^\\);]+)(\\)|;)/.exec(a);if(A)return/Edge\\/([\\d\\.]+)/.exec(a);if(z)return/\\b(?:MSIE|rv)[: ]([^\\);]+)(\\)|;)/.exec(a);if(C)return/WebKit\\/(\\S+)/.exec(a);if(y)return/(?:Version)[ \\/]?(\\S+)/.exec(a)}();G&&(F=G?G[1]:\"\");if(z){var H=D();if(null!=H&&H>parseFloat(F)){E=String(H);break a}}E=F}var I;I=d.document&&z?D():void 0;var J=u(),K=w()||t(\"iPod\"),L=t(\"iPad\"),M=t(\"Android\")&&!(v()||u()||t(\"Opera\")||t(\"Silk\")),N=v(),aa=t(\"Safari\")&&!(v()||t(\"Coast\")||t(\"Opera\")||t(\"Edge\")||t(\"Edg/\")||t(\"OPR\")||u()||t(\"Silk\")||t(\"Android\"))&&!(w()||t(\"iPad\")||t(\"iPod\"));function O(a){return(a=a.exec(p))?a[1]:\"\"}(function(){if(J)return O(/Firefox\\/([0-9.]+)/);if(z||A||y)return E;if(N)return w()||t(\"iPad\")||t(\"iPod\")?O(/CriOS\\/([0-9.]+)/):O(/Chrome\\/([0-9.]+)/);if(aa&&!(w()||t(\"iPad\")||t(\"iPod\")))return O(/Version\\/([0-9.]+)/);if(K||L){var a=/Version\\/(\\S+).*Mobile\\/(\\S+)/.exec(p);if(a)return a[1]+\".\"+a[2]}else if(M)return(a=O(/Android\\s+([0-9.]+)/))?a:O(/Version\\/([0-9.]+)/);return\"\"})();var P=z&&!(8\u003C=Number(I)),ba=z&&!(9\u003C=Number(I));var ca={SCRIPT:1,STYLE:1,HEAD:1,IFRAME:1,OBJECT:1},Q={IMG:\" \",BR:\"\\n\"};function R(a,b,c){if(!(a.nodeName in ca))if(3==a.nodeType)c?b.push(String(a.nodeValue).replace(/(\\r\\n|\\r|\\n)/g,\"\")):b.push(a.nodeValue);else if(a.nodeName in Q)b.push(Q[a.nodeName]);else for(a=a.firstChild;a;)R(a,b,c),a=a.nextSibling};function S(a,b){b=b.toLowerCase();return\"style\"==b?da(a.style.cssText):P&&\"value\"==b&&T(a,\"INPUT\")?a.value:ba&&!0===a[b]?String(a.getAttribute(b)):(a=a.getAttributeNode(b))&&a.specified?a.value:null}var ea=/[;]+(?=(?:(?:[^\"]*\"){2})*[^\"]*$)(?=(?:(?:[^']*'){2})*[^']*$)(?=(?:[^()]*\\([^()]*\\))*[^()]*$)/;\nfunction da(a){var b=[];k(a.split(ea),function(c){var e=c.indexOf(\":\");0\u003Ce&&(c=[c.slice(0,e),c.slice(e+1)],2==c.length&&b.push(c[0].toLowerCase(),\":\",c[1],\";\"))});b=b.join(\"\");return b=\";\"==b.charAt(b.length-1)?b:b+\";\"}function U(a,b){P&&\"value\"==b&&T(a,\"OPTION\")&&null===S(a,\"value\")?(b=[],R(a,b,!1),a=b.join(\"\")):a=a[b];return a}\nfunction T(a,b){b&&\"string\"!==typeof b&&(b=b.toString());return a instanceof HTMLFormElement?!!a&&1==a.nodeType&&(!b||\"FORM\"==b):!!a&&1==a.nodeType&&(!b||a.tagName.toUpperCase()==b)}function V(a){return T(a,\"OPTION\")?!0:T(a,\"INPUT\")?(a=a.type.toLowerCase(),\"checkbox\"==a||\"radio\"==a):!1};var fa={\"class\":\"className\",readonly:\"readOnly\"},ha=\"allowfullscreen allowpaymentrequest allowusermedia async autofocus autoplay checked compact complete controls declare default defaultchecked defaultselected defer disabled ended formnovalidate hidden indeterminate iscontenteditable ismap itemscope loop multiple muted nohref nomodule noresize noshade novalidate nowrap open paused playsinline pubdate readonly required reversed scoped seamless seeking selected truespeed typemustmatch willvalidate\".split(\" \");function W(a,b){var c=null,e=b.toLowerCase();if(\"style\"==e)return(c=a.style)&&\"string\"!=typeof c&&(c=c.cssText),c;if((\"selected\"==e||\"checked\"==e)&&V(a)){if(!V(a))throw new l(15,\"Element is not selectable\");b=\"selected\";c=a.type&&a.type.toLowerCase();if(\"checkbox\"==c||\"radio\"==c)b=\"checked\";return U(a,b)?\"true\":null}var g=T(a,\"A\");if(T(a,\"IMG\")&&\"src\"==e||g&&\"href\"==e)return(c=S(a,e))&&(c=U(a,e)),c;if(\"spellcheck\"==e){c=S(a,e);if(null!==c){if(\"false\"==c.toLowerCase())return\"false\";if(\"true\"==c.toLowerCase())return\"true\"}return U(a,\ne)+\"\"}g=fa[b]||b;if(0\u003C=h(ha,e))return(c=null!==S(a,b)||U(a,g))?\"true\":null;try{var x=U(a,g)}catch(ia){}(e=null==x)||(e=typeof x,e=\"object\"==e&&null!=x||\"function\"==e);e?c=S(a,b):c=x;return null!=c?c.toString():null}var X=[\"se_exportedFunctionSymbol\"],Y=d;X[0]in Y||\"undefined\"==typeof Y.execScript||Y.execScript(\"var \"+X[0]);for(var Z;X.length&&(Z=X.shift());)X.length||void 0===W?Y[Z]&&Y[Z]!==Object.prototype[Z]?Y=Y[Z]:Y=Y[Z]={}:Y[Z]=W;; return this.se_exportedFunctionSymbol.apply(null,arguments);}).apply(window, arguments);}\n).apply(null, arguments);"
}
[1769669277.112][INFO]: Waiting for pending navigations...
[1769669277.112][INFO]: Done waiting for pending navigations. Status: ok
[1769669277.115][INFO]: Waiting for pending navigations...
[1769669277.115][INFO]: Done waiting for pending navigations. Status: ok
[1769669277.115][INFO]: [e9bdbd4df8cae9f7a7b05ef895e65b5c] RESPONSE ExecuteScript "chapter page 4"
[1769669277.116][INFO]: [e9bdbd4df8cae9f7a7b05ef895e65b5c] COMMAND ExecuteScript {
   "args": [ {
      "element-6066-11e4-a52e-4f735466cecf": "f.CAA1FE4C08EC3FB8AD3888983C4001B7.d.728B49898D8128A16D8B333025A9BEAB.e.27"
   }, "currentSrc" ],
   "script": "/* getAttribute */return (function(){return (function(){var d=this||self;function f(a,b){function c(){}c.prototype=b.prototype;a.prototype=new c;a.prototype.constructor=a};var h=Array.prototype.indexOf?function(a,b){return Array.prototype.indexOf.call(a,b,void 0)}:function(a,b){if(\"string\"===typeof a)return\"string\"!==typeof b||1!=b.length?-1:a.indexOf(b,0);for(var c=0;c\u003Ca.length;c++)if(c in a&&a[c]===b)return c;return-1},k=Array.prototype.forEach?function(a,b){Array.prototype.forEach.call(a,b,void 0)}:function(a,b){for(var c=a.length,e=\"string\"===typeof a?a.split(\"\"):a,g=0;g\u003Cc;g++)g in e&&b.call(void 0,e[g],g,a)};function l(a,b){this.code=a;this.a=m[a]||n;this.message=b||\"\";a=this.a.replace(/((?:^|\\s+)[a-z])/g,function(c){return c.toUpperCase().replace(/^[\\s\\xa0]+/g,\"\")});b=a.length-5;if(0>b||a.indexOf(\"Error\",b)!=b)a+=\"Error\";this.name=a;a=Error(this.message);a.name=this.name;this.stack=a.stack||\"\"}f(l,Error);var n=\"unknown error\",m={15:\"element not selectable\",11:\"element not visible\"};m[31]=n;m[30]=n;m[24]=\"invalid cookie domain\";m[29]=\"invalid element coordinates\";m[12]=\"invalid element state\";m[32]=\"invalid selector\";\nm[51]=\"invalid selector\";m[52]=\"invalid selector\";m[17]=\"javascript error\";m[405]=\"unsupported operation\";m[34]=\"move target out of bounds\";m[27]=\"no such alert\";m[7]=\"no such element\";m[8]=\"no such frame\";m[23]=\"no such window\";m[28]=\"script timeout\";m[33]=\"session not created\";m[10]=\"stale element reference\";m[21]=\"timeout\";m[25]=\"unable to set cookie\";m[26]=\"unexpected alert open\";m[13]=n;m[9]=\"unknown command\";var p;a:{var q=d.navigator;if(q){var r=q.userAgent;if(r){p=r;break a}}p=\"\"}function t(a){return-1!=p.indexOf(a)};function u(){return t(\"Firefox\")||t(\"FxiOS\")}function v(){return(t(\"Chrome\")||t(\"CriOS\"))&&!t(\"Edge\")};function w(){return t(\"iPhone\")&&!t(\"iPod\")&&!t(\"iPad\")};var y=t(\"Opera\"),z=t(\"Trident\")||t(\"MSIE\"),A=t(\"Edge\"),B=t(\"Gecko\")&&!(-1!=p.toLowerCase().indexOf(\"webkit\")&&!t(\"Edge\"))&&!(t(\"Trident\")||t(\"MSIE\"))&&!t(\"Edge\"),C=-1!=p.toLowerCase().indexOf(\"webkit\")&&!t(\"Edge\");function D(){var a=d.document;return a?a.documentMode:void 0}var E;\na:{var F=\"\",G=function(){var a=p;if(B)return/rv:([^\\);]+)(\\)|;)/.exec(a);if(A)return/Edge\\/([\\d\\.]+)/.exec(a);if(z)return/\\b(?:MSIE|rv)[: ]([^\\);]+)(\\)|;)/.exec(a);if(C)return/WebKit\\/(\\S+)/.exec(a);if(y)return/(?:Version)[ \\/]?(\\S+)/.exec(a)}();G&&(F=G?G[1]:\"\");if(z){var H=D();if(null!=H&&H>parseFloat(F)){E=String(H);break a}}E=F}var I;I=d.document&&z?D():void 0;var J=u(),K=w()||t(\"iPod\"),L=t(\"iPad\"),M=t(\"Android\")&&!(v()||u()||t(\"Opera\")||t(\"Silk\")),N=v(),aa=t(\"Safari\")&&!(v()||t(\"Coast\")||t(\"Opera\")||t(\"Edge\")||t(\"Edg/\")||t(\"OPR\")||u()||t(\"Silk\")||t(\"Android\"))&&!(w()||t(\"iPad\")||t(\"iPod\"));function O(a){return(a=a.exec(p))?a[1]:\"\"}(function(){if(J)return O(/Firefox\\/([0-9.]+)/);if(z||A||y)return E;if(N)return w()||t(\"iPad\")||t(\"iPod\")?O(/CriOS\\/([0-9.]+)/):O(/Chrome\\/([0-9.]+)/);if(aa&&!(w()||t(\"iPad\")||t(\"iPod\")))return O(/Version\\/([0-9.]+)/);if(K||L){var a=/Version\\/(\\S+).*Mobile\\/(\\S+)/.exec(p);if(a)return a[1]+\".\"+a[2]}else if(M)return(a=O(/Android\\s+([0-9.]+)/))?a:O(/Version\\/([0-9.]+)/);return\"\"})();var P=z&&!(8\u003C=Number(I)),ba=z&&!(9\u003C=Number(I));var ca={SCRIPT:1,STYLE:1,HEAD:1,IFRAME:1,OBJECT:1},Q={IMG:\" \",BR:\"\\n\"};function R(a,b,c){if(!(a.nodeName in ca))if(3==a.nodeType)c?b.push(String(a.nodeValue).replace(/(\\r\\n|\\r|\\n)/g,\"\")):b.push(a.nodeValue);else if(a.nodeName in Q)b.push(Q[a.nodeName]);else for(a=a.firstChild;a;)R(a,b,c),a=a.nextSibling};function S(a,b){b=b.toLowerCase();return\"style\"==b?da(a.style.cssText):P&&\"value\"==b&&T(a,\"INPUT\")?a.value:ba&&!0===a[b]?String(a.getAttribute(b)):(a=a.getAttributeNode(b))&&a.specified?a.value:null}var ea=/[;]+(?=(?:(?:[^\"]*\"){2})*[^\"]*$)(?=(?:(?:[^']*'){2})*[^']*$)(?=(?:[^()]*\\([^()]*\\))*[^()]*$)/;\nfunction da(a){var b=[];k(a.split(ea),function(c){var e=c.indexOf(\":\");0\u003Ce&&(c=[c.slice(0,e),c.slice(e+1)],2==c.length&&b.push(c[0].toLowerCase(),\":\",c[1],\";\"))});b=b.join(\"\");return b=\";\"==b.charAt(b.length-1)?b:b+\";\"}function U(a,b){P&&\"value\"==b&&T(a,\"OPTION\")&&null===S(a,\"value\")?(b=[],R(a,b,!1),a=b.join(\"\")):a=a[b];return a}\nfunction T(a,b){b&&\"string\"!==typeof b&&(b=b.toString());return a instanceof HTMLFormElement?!!a&&1==a.nodeType&&(!b||\"FORM\"==b):!!a&&1==a.nodeType&&(!b||a.tagName.toUpperCase()==b)}function V(a){return T(a,\"OPTION\")?!0:T(a,\"INPUT\")?(a=a.type.toLowerCase(),\"checkbox\"==a||\"radio\"==a):!1};var fa={\"class\":\"className\",readonly:\"readOnly\"},ha=\"allowfullscreen allowpaymentrequest allowusermedia async autofocus autoplay checked compact complete controls declare default defaultchecked defaultselected defer disabled ended formnovalidate hidden indeterminate iscontenteditable ismap itemscope loop multiple muted nohref nomodule noresize noshade novalidate nowrap open paused playsinline pubdate readonly required reversed scoped seamless seeking selected truespeed typemustmatch willvalidate\".split(\" \");function W(a,b){var c=null,e=b.toLowerCase();if(\"style\"==e)return(c=a.style)&&\"string\"!=typeof c&&(c=c.cssText),c;if((\"selected\"==e||\"checked\"==e)&&V(a)){if(!V(a))throw new l(15,\"Element is not selectable\");b=\"selected\";c=a.type&&a.type.toLowerCase();if(\"checkbox\"==c||\"radio\"==c)b=\"checked\";return U(a,b)?\"true\":null}var g=T(a,\"A\");if(T(a,\"IMG\")&&\"src\"==e||g&&\"href\"==e)return(c=S(a,e))&&(c=U(a,e)),c;if(\"spellcheck\"==e){c=S(a,e);if(null!==c){if(\"false\"==c.toLowerCase())return\"false\";if(\"true\"==c.toLowerCase())return\"true\"}return U(a,\ne)+\"\"}g=fa[b]||b;if(0\u003C=h(ha,e))return(c=null!==S(a,b)||U(a,g))?\"true\":null;try{var x=U(a,g)}catch(ia){}(e=null==x)||(e=typeof x,e=\"object\"==e&&null!=x||\"function\"==e);e?c=S(a,b):c=x;return null!=c?c.toString():null}var X=[\"se_exportedFunctionSymbol\"],Y=d;X[0]in Y||\"undefined\"==typeof Y.execScript||Y.execScript(\"var \"+X[0]);for(var Z;X.length&&(Z=X.shift());)X.length||void 0===W?Y[Z]&&Y[Z]!==Object.prototype[Z]?Y=Y[Z]:Y=Y[Z]={}:Y[Z]=W;; return this.se_exportedFunctionSymbol.apply(null,arguments);}).apply(window, arguments);}\n).apply(null, arguments);"
}
[1769669277.116][INFO]: Waiting for pending navigations...
[1769669277.117][INFO]: Done waiting for pending navigations. Status: ok
[1769669277.119][INFO]: Waiting for pending navigations...
[1769669277.120][INFO]: Done waiting for pending navigations. Status: ok
[1769669277.120][INFO]: [e9bdbd4df8cae9f7a7b05ef895e65b5c] RESPONSE ExecuteScript "https://gg.asuracomic.net/storage/media/405809/conversions/03-optimized.webp"
[1769669277.121][INFO]: [e9bdbd4df8cae9f7a7b05ef895e65b5c] COMMAND ExecuteScript {
   "args": [ {
      "element-6066-11e4-a52e-4f735466cecf": "f.CAA1FE4C08EC3FB8AD3888983C4001B7.d.728B49898D8128A16D8B333025A9BEAB.e.28"
   }, "alt" ],
   "script": "/* getAttribute */return (function(){return (function(){var d=this||self;function f(a,b){function c(){}c.prototype=b.prototype;a.prototype=new c;a.prototype.constructor=a};var h=Array.prototype.indexOf?function(a,b){return Array.prototype.indexOf.call(a,b,void 0)}:function(a,b){if(\"string\"===typeof a)return\"string\"!==typeof b||1!=b.length?-1:a.indexOf(b,0);for(var c=0;c\u003Ca.length;c++)if(c in a&&a[c]===b)return c;return-1},k=Array.prototype.forEach?function(a,b){Array.prototype.forEach.call(a,b,void 0)}:function(a,b){for(var c=a.length,e=\"string\"===typeof a?a.split(\"\"):a,g=0;g\u003Cc;g++)g in e&&b.call(void 0,e[g],g,a)};function l(a,b){this.code=a;this.a=m[a]||n;this.message=b||\"\";a=this.a.replace(/((?:^|\\s+)[a-z])/g,function(c){return c.toUpperCase().replace(/^[\\s\\xa0]+/g,\"\")});b=a.length-5;if(0>b||a.indexOf(\"Error\",b)!=b)a+=\"Error\";this.name=a;a=Error(this.message);a.name=this.name;this.stack=a.stack||\"\"}f(l,Error);var n=\"unknown error\",m={15:\"element not selectable\",11:\"element not visible\"};m[31]=n;m[30]=n;m[24]=\"invalid cookie domain\";m[29]=\"invalid element coordinates\";m[12]=\"invalid element state\";m[32]=\"invalid selector\";\nm[51]=\"invalid selector\";m[52]=\"invalid selector\";m[17]=\"javascript error\";m[405]=\"unsupported operation\";m[34]=\"move target out of bounds\";m[27]=\"no such alert\";m[7]=\"no such element\";m[8]=\"no such frame\";m[23]=\"no such window\";m[28]=\"script timeout\";m[33]=\"session not created\";m[10]=\"stale element reference\";m[21]=\"timeout\";m[25]=\"unable to set cookie\";m[26]=\"unexpected alert open\";m[13]=n;m[9]=\"unknown command\";var p;a:{var q=d.navigator;if(q){var r=q.userAgent;if(r){p=r;break a}}p=\"\"}function t(a){return-1!=p.indexOf(a)};function u(){return t(\"Firefox\")||t(\"FxiOS\")}function v(){return(t(\"Chrome\")||t(\"CriOS\"))&&!t(\"Edge\")};function w(){return t(\"iPhone\")&&!t(\"iPod\")&&!t(\"iPad\")};var y=t(\"Opera\"),z=t(\"Trident\")||t(\"MSIE\"),A=t(\"Edge\"),B=t(\"Gecko\")&&!(-1!=p.toLowerCase().indexOf(\"webkit\")&&!t(\"Edge\"))&&!(t(\"Trident\")||t(\"MSIE\"))&&!t(\"Edge\"),C=-1!=p.toLowerCase().indexOf(\"webkit\")&&!t(\"Edge\");function D(){var a=d.document;return a?a.documentMode:void 0}var E;\na:{var F=\"\",G=function(){var a=p;if(B)return/rv:([^\\);]+)(\\)|;)/.exec(a);if(A)return/Edge\\/([\\d\\.]+)/.exec(a);if(z)return/\\b(?:MSIE|rv)[: ]([^\\);]+)(\\)|;)/.exec(a);if(C)return/WebKit\\/(\\S+)/.exec(a);if(y)return/(?:Version)[ \\/]?(\\S+)/.exec(a)}();G&&(F=G?G[1]:\"\");if(z){var H=D();if(null!=H&&H>parseFloat(F)){E=String(H);break a}}E=F}var I;I=d.document&&z?D():void 0;var J=u(),K=w()||t(\"iPod\"),L=t(\"iPad\"),M=t(\"Android\")&&!(v()||u()||t(\"Opera\")||t(\"Silk\")),N=v(),aa=t(\"Safari\")&&!(v()||t(\"Coast\")||t(\"Opera\")||t(\"Edge\")||t(\"Edg/\")||t(\"OPR\")||u()||t(\"Silk\")||t(\"Android\"))&&!(w()||t(\"iPad\")||t(\"iPod\"));function O(a){return(a=a.exec(p))?a[1]:\"\"}(function(){if(J)return O(/Firefox\\/([0-9.]+)/);if(z||A||y)return E;if(N)return w()||t(\"iPad\")||t(\"iPod\")?O(/CriOS\\/([0-9.]+)/):O(/Chrome\\/([0-9.]+)/);if(aa&&!(w()||t(\"iPad\")||t(\"iPod\")))return O(/Version\\/([0-9.]+)/);if(K||L){var a=/Version\\/(\\S+).*Mobile\\/(\\S+)/.exec(p);if(a)return a[1]+\".\"+a[2]}else if(M)return(a=O(/Android\\s+([0-9.]+)/))?a:O(/Version\\/([0-9.]+)/);return\"\"})();var P=z&&!(8\u003C=Number(I)),ba=z&&!(9\u003C=Number(I));var ca={SCRIPT:1,STYLE:1,HEAD:1,IFRAME:1,OBJECT:1},Q={IMG:\" \",BR:\"\\n\"};function R(a,b,c){if(!(a.nodeName in ca))if(3==a.nodeType)c?b.push(String(a.nodeValue).replace(/(\\r\\n|\\r|\\n)/g,\"\")):b.push(a.nodeValue);else if(a.nodeName in Q)b.push(Q[a.nodeName]);else for(a=a.firstChild;a;)R(a,b,c),a=a.nextSibling};function S(a,b){b=b.toLowerCase();return\"style\"==b?da(a.style.cssText):P&&\"value\"==b&&T(a,\"INPUT\")?a.value:ba&&!0===a[b]?String(a.getAttribute(b)):(a=a.getAttributeNode(b))&&a.specified?a.value:null}var ea=/[;]+(?=(?:(?:[^\"]*\"){2})*[^\"]*$)(?=(?:(?:[^']*'){2})*[^']*$)(?=(?:[^()]*\\([^()]*\\))*[^()]*$)/;\nfunction da(a){var b=[];k(a.split(ea),function(c){var e=c.indexOf(\":\");0\u003Ce&&(c=[c.slice(0,e),c.slice(e+1)],2==c.length&&b.push(c[0].toLowerCase(),\":\",c[1],\";\"))});b=b.join(\"\");return b=\";\"==b.charAt(b.length-1)?b:b+\";\"}function U(a,b){P&&\"value\"==b&&T(a,\"OPTION\")&&null===S(a,\"value\")?(b=[],R(a,b,!1),a=b.join(\"\")):a=a[b];return a}\nfunction T(a,b){b&&\"string\"!==typeof b&&(b=b.toString());return a instanceof HTMLFormElement?!!a&&1==a.nodeType&&(!b||\"FORM\"==b):!!a&&1==a.nodeType&&(!b||a.tagName.toUpperCase()==b)}function V(a){return T(a,\"OPTION\")?!0:T(a,\"INPUT\")?(a=a.type.toLowerCase(),\"checkbox\"==a||\"radio\"==a):!1};var fa={\"class\":\"className\",readonly:\"readOnly\"},ha=\"allowfullscreen allowpaymentrequest allowusermedia async autofocus autoplay checked compact complete controls declare default defaultchecked defaultselected defer disabled ended formnovalidate hidden indeterminate iscontenteditable ismap itemscope loop multiple muted nohref nomodule noresize noshade novalidate nowrap open paused playsinline pubdate readonly required reversed scoped seamless seeking selected truespeed typemustmatch willvalidate\".split(\" \");function W(a,b){var c=null,e=b.toLowerCase();if(\"style\"==e)return(c=a.style)&&\"string\"!=typeof c&&(c=c.cssText),c;if((\"selected\"==e||\"checked\"==e)&&V(a)){if(!V(a))throw new l(15,\"Element is not selectable\");b=\"selected\";c=a.type&&a.type.toLowerCase();if(\"checkbox\"==c||\"radio\"==c)b=\"checked\";return U(a,b)?\"true\":null}var g=T(a,\"A\");if(T(a,\"IMG\")&&\"src\"==e||g&&\"href\"==e)return(c=S(a,e))&&(c=U(a,e)),c;if(\"spellcheck\"==e){c=S(a,e);if(null!==c){if(\"false\"==c.toLowerCase())return\"false\";if(\"true\"==c.toLowerCase())return\"true\"}return U(a,\ne)+\"\"}g=fa[b]||b;if(0\u003C=h(ha,e))return(c=null!==S(a,b)||U(a,g))?\"true\":null;try{var x=U(a,g)}catch(ia){}(e=null==x)||(e=typeof x,e=\"object\"==e&&null!=x||\"function\"==e);e?c=S(a,b):c=x;return null!=c?c.toString():null}var X=[\"se_exportedFunctionSymbol\"],Y=d;X[0]in Y||\"undefined\"==typeof Y.execScript||Y.execScript(\"var \"+X[0]);for(var Z;X.length&&(Z=X.shift());)X.length||void 0===W?Y[Z]&&Y[Z]!==Object.prototype[Z]?Y=Y[Z]:Y=Y[Z]={}:Y[Z]=W;; return this.se_exportedFunctionSymbol.apply(null,arguments);}).apply(window, arguments);}\n).apply(null, arguments);"
}
[1769669277.121][INFO]: Waiting for pending navigations...
[1769669277.123][INFO]: Done waiting for pending navigations. Status: ok
[1769669277.126][INFO]: Waiting for pending navigations...
[1769669277.126][INFO]: Done waiting for pending navigations. Status: ok
[1769669277.126][INFO]: [e9bdbd4df8cae9f7a7b05ef895e65b5c] RESPONSE ExecuteScript "chapter page 5"
[1769669277.127][INFO]: [e9bdbd4df8cae9f7a7b05ef895e65b5c] COMMAND ExecuteScript {
   "args": [ {
      "element-6066-11e4-a52e-4f735466cecf": "f.CAA1FE4C08EC3FB8AD3888983C4001B7.d.728B49898D8128A16D8B333025A9BEAB.e.28"
   }, "currentSrc" ],
   "script": "/* getAttribute */return (function(){return (function(){var d=this||self;function f(a,b){function c(){}c.prototype=b.prototype;a.prototype=new c;a.prototype.constructor=a};var h=Array.prototype.indexOf?function(a,b){return Array.prototype.indexOf.call(a,b,void 0)}:function(a,b){if(\"string\"===typeof a)return\"string\"!==typeof b||1!=b.length?-1:a.indexOf(b,0);for(var c=0;c\u003Ca.length;c++)if(c in a&&a[c]===b)return c;return-1},k=Array.prototype.forEach?function(a,b){Array.prototype.forEach.call(a,b,void 0)}:function(a,b){for(var c=a.length,e=\"string\"===typeof a?a.split(\"\"):a,g=0;g\u003Cc;g++)g in e&&b.call(void 0,e[g],g,a)};function l(a,b){this.code=a;this.a=m[a]||n;this.message=b||\"\";a=this.a.replace(/((?:^|\\s+)[a-z])/g,function(c){return c.toUpperCase().replace(/^[\\s\\xa0]+/g,\"\")});b=a.length-5;if(0>b||a.indexOf(\"Error\",b)!=b)a+=\"Error\";this.name=a;a=Error(this.message);a.name=this.name;this.stack=a.stack||\"\"}f(l,Error);var n=\"unknown error\",m={15:\"element not selectable\",11:\"element not visible\"};m[31]=n;m[30]=n;m[24]=\"invalid cookie domain\";m[29]=\"invalid element coordinates\";m[12]=\"invalid element state\";m[32]=\"invalid selector\";\nm[51]=\"invalid selector\";m[52]=\"invalid selector\";m[17]=\"javascript error\";m[405]=\"unsupported operation\";m[34]=\"move target out of bounds\";m[27]=\"no such alert\";m[7]=\"no such element\";m[8]=\"no such frame\";m[23]=\"no such window\";m[28]=\"script timeout\";m[33]=\"session not created\";m[10]=\"stale element reference\";m[21]=\"timeout\";m[25]=\"unable to set cookie\";m[26]=\"unexpected alert open\";m[13]=n;m[9]=\"unknown command\";var p;a:{var q=d.navigator;if(q){var r=q.userAgent;if(r){p=r;break a}}p=\"\"}function t(a){return-1!=p.indexOf(a)};function u(){return t(\"Firefox\")||t(\"FxiOS\")}function v(){return(t(\"Chrome\")||t(\"CriOS\"))&&!t(\"Edge\")};function w(){return t(\"iPhone\")&&!t(\"iPod\")&&!t(\"iPad\")};var y=t(\"Opera\"),z=t(\"Trident\")||t(\"MSIE\"),A=t(\"Edge\"),B=t(\"Gecko\")&&!(-1!=p.toLowerCase().indexOf(\"webkit\")&&!t(\"Edge\"))&&!(t(\"Trident\")||t(\"MSIE\"))&&!t(\"Edge\"),C=-1!=p.toLowerCase().indexOf(\"webkit\")&&!t(\"Edge\");function D(){var a=d.document;return a?a.documentMode:void 0}var E;\na:{var F=\"\",G=function(){var a=p;if(B)return/rv:([^\\);]+)(\\)|;)/.exec(a);if(A)return/Edge\\/([\\d\\.]+)/.exec(a);if(z)return/\\b(?:MSIE|rv)[: ]([^\\);]+)(\\)|;)/.exec(a);if(C)return/WebKit\\/(\\S+)/.exec(a);if(y)return/(?:Version)[ \\/]?(\\S+)/.exec(a)}();G&&(F=G?G[1]:\"\");if(z){var H=D();if(null!=H&&H>parseFloat(F)){E=String(H);break a}}E=F}var I;I=d.document&&z?D():void 0;var J=u(),K=w()||t(\"iPod\"),L=t(\"iPad\"),M=t(\"Android\")&&!(v()||u()||t(\"Opera\")||t(\"Silk\")),N=v(),aa=t(\"Safari\")&&!(v()||t(\"Coast\")||t(\"Opera\")||t(\"Edge\")||t(\"Edg/\")||t(\"OPR\")||u()||t(\"Silk\")||t(\"Android\"))&&!(w()||t(\"iPad\")||t(\"iPod\"));function O(a){return(a=a.exec(p))?a[1]:\"\"}(function(){if(J)return O(/Firefox\\/([0-9.]+)/);if(z||A||y)return E;if(N)return w()||t(\"iPad\")||t(\"iPod\")?O(/CriOS\\/([0-9.]+)/):O(/Chrome\\/([0-9.]+)/);if(aa&&!(w()||t(\"iPad\")||t(\"iPod\")))return O(/Version\\/([0-9.]+)/);if(K||L){var a=/Version\\/(\\S+).*Mobile\\/(\\S+)/.exec(p);if(a)return a[1]+\".\"+a[2]}else if(M)return(a=O(/Android\\s+([0-9.]+)/))?a:O(/Version\\/([0-9.]+)/);return\"\"})();var P=z&&!(8\u003C=Number(I)),ba=z&&!(9\u003C=Number(I));var ca={SCRIPT:1,STYLE:1,HEAD:1,IFRAME:1,OBJECT:1},Q={IMG:\" \",BR:\"\\n\"};function R(a,b,c){if(!(a.nodeName in ca))if(3==a.nodeType)c?b.push(String(a.nodeValue).replace(/(\\r\\n|\\r|\\n)/g,\"\")):b.push(a.nodeValue);else if(a.nodeName in Q)b.push(Q[a.nodeName]);else for(a=a.firstChild;a;)R(a,b,c),a=a.nextSibling};function S(a,b){b=b.toLowerCase();return\"style\"==b?da(a.style.cssText):P&&\"value\"==b&&T(a,\"INPUT\")?a.value:ba&&!0===a[b]?String(a.getAttribute(b)):(a=a.getAttributeNode(b))&&a.specified?a.value:null}var ea=/[;]+(?=(?:(?:[^\"]*\"){2})*[^\"]*$)(?=(?:(?:[^']*'){2})*[^']*$)(?=(?:[^()]*\\([^()]*\\))*[^()]*$)/;\nfunction da(a){var b=[];k(a.split(ea),function(c){var e=c.indexOf(\":\");0\u003Ce&&(c=[c.slice(0,e),c.slice(e+1)],2==c.length&&b.push(c[0].toLowerCase(),\":\",c[1],\";\"))});b=b.join(\"\");return b=\";\"==b.charAt(b.length-1)?b:b+\";\"}function U(a,b){P&&\"value\"==b&&T(a,\"OPTION\")&&null===S(a,\"value\")?(b=[],R(a,b,!1),a=b.join(\"\")):a=a[b];return a}\nfunction T(a,b){b&&\"string\"!==typeof b&&(b=b.toString());return a instanceof HTMLFormElement?!!a&&1==a.nodeType&&(!b||\"FORM\"==b):!!a&&1==a.nodeType&&(!b||a.tagName.toUpperCase()==b)}function V(a){return T(a,\"OPTION\")?!0:T(a,\"INPUT\")?(a=a.type.toLowerCase(),\"checkbox\"==a||\"radio\"==a):!1};var fa={\"class\":\"className\",readonly:\"readOnly\"},ha=\"allowfullscreen allowpaymentrequest allowusermedia async autofocus autoplay checked compact complete controls declare default defaultchecked defaultselected defer disabled ended formnovalidate hidden indeterminate iscontenteditable ismap itemscope loop multiple muted nohref nomodule noresize noshade novalidate nowrap open paused playsinline pubdate readonly required reversed scoped seamless seeking selected truespeed typemustmatch willvalidate\".split(\" \");function W(a,b){var c=null,e=b.toLowerCase();if(\"style\"==e)return(c=a.style)&&\"string\"!=typeof c&&(c=c.cssText),c;if((\"selected\"==e||\"checked\"==e)&&V(a)){if(!V(a))throw new l(15,\"Element is not selectable\");b=\"selected\";c=a.type&&a.type.toLowerCase();if(\"checkbox\"==c||\"radio\"==c)b=\"checked\";return U(a,b)?\"true\":null}var g=T(a,\"A\");if(T(a,\"IMG\")&&\"src\"==e||g&&\"href\"==e)return(c=S(a,e))&&(c=U(a,e)),c;if(\"spellcheck\"==e){c=S(a,e);if(null!==c){if(\"false\"==c.toLowerCase())return\"false\";if(\"true\"==c.toLowerCase())return\"true\"}return U(a,\ne)+\"\"}g=fa[b]||b;if(0\u003C=h(ha,e))return(c=null!==S(a,b)||U(a,g))?\"true\":null;try{var x=U(a,g)}catch(ia){}(e=null==x)||(e=typeof x,e=\"object\"==e&&null!=x||\"function\"==e);e?c=S(a,b):c=x;return null!=c?c.toString():null}var X=[\"se_exportedFunctionSymbol\"],Y=d;X[0]in Y||\"undefined\"==typeof Y.execScript||Y.execScript(\"var \"+X[0]);for(var Z;X.length&&(Z=X.shift());)X.length||void 0===W?Y[Z]&&Y[Z]!==Object.prototype[Z]?Y=Y[Z]:Y=Y[Z]={}:Y[Z]=W;; return this.se_exportedFunctionSymbol.apply(null,arguments);}).apply(window, arguments);}\n).apply(null, arguments);"
}
[1769669277.127][INFO]: Waiting for pending navigations...
[1769669277.127][INFO]: Done waiting for pending navigations. Status: ok
[1769669277.130][INFO]: Waiting for pending navigations...
[1769669277.130][INFO]: Done waiting for pending navigations. Status: ok
[1769669277.130][INFO]: [e9bdbd4df8cae9f7a7b05ef895e65b5c] RESPONSE ExecuteScript "https://gg.asuracomic.net/storage/media/405810/conversions/04-optimized.webp"
[1769669277.131][INFO]: [e9bdbd4df8cae9f7a7b05ef895e65b5c] COMMAND ExecuteScript {
   "args": [ {
      "element-6066-11e4-a52e-4f735466cecf": "f.CAA1FE4C08EC3FB8AD3888983C4001B7.d.728B49898D8128A16D8B333025A9BEAB.e.29"
   }, "alt" ],
   "script": "/* getAttribute */return (function(){return (function(){var d=this||self;function f(a,b){function c(){}c.prototype=b.prototype;a.prototype=new c;a.prototype.constructor=a};var h=Array.prototype.indexOf?function(a,b){return Array.prototype.indexOf.call(a,b,void 0)}:function(a,b){if(\"string\"===typeof a)return\"string\"!==typeof b||1!=b.length?-1:a.indexOf(b,0);for(var c=0;c\u003Ca.length;c++)if(c in a&&a[c]===b)return c;return-1},k=Array.prototype.forEach?function(a,b){Array.prototype.forEach.call(a,b,void 0)}:function(a,b){for(var c=a.length,e=\"string\"===typeof a?a.split(\"\"):a,g=0;g\u003Cc;g++)g in e&&b.call(void 0,e[g],g,a)};function l(a,b){this.code=a;this.a=m[a]||n;this.message=b||\"\";a=this.a.replace(/((?:^|\\s+)[a-z])/g,function(c){return c.toUpperCase().replace(/^[\\s\\xa0]+/g,\"\")});b=a.length-5;if(0>b||a.indexOf(\"Error\",b)!=b)a+=\"Error\";this.name=a;a=Error(this.message);a.name=this.name;this.stack=a.stack||\"\"}f(l,Error);var n=\"unknown error\",m={15:\"element not selectable\",11:\"element not visible\"};m[31]=n;m[30]=n;m[24]=\"invalid cookie domain\";m[29]=\"invalid element coordinates\";m[12]=\"invalid element state\";m[32]=\"invalid selector\";\nm[51]=\"invalid selector\";m[52]=\"invalid selector\";m[17]=\"javascript error\";m[405]=\"unsupported operation\";m[34]=\"move target out of bounds\";m[27]=\"no such alert\";m[7]=\"no such element\";m[8]=\"no such frame\";m[23]=\"no such window\";m[28]=\"script timeout\";m[33]=\"session not created\";m[10]=\"stale element reference\";m[21]=\"timeout\";m[25]=\"unable to set cookie\";m[26]=\"unexpected alert open\";m[13]=n;m[9]=\"unknown command\";var p;a:{var q=d.navigator;if(q){var r=q.userAgent;if(r){p=r;break a}}p=\"\"}function t(a){return-1!=p.indexOf(a)};function u(){return t(\"Firefox\")||t(\"FxiOS\")}function v(){return(t(\"Chrome\")||t(\"CriOS\"))&&!t(\"Edge\")};function w(){return t(\"iPhone\")&&!t(\"iPod\")&&!t(\"iPad\")};var y=t(\"Opera\"),z=t(\"Trident\")||t(\"MSIE\"),A=t(\"Edge\"),B=t(\"Gecko\")&&!(-1!=p.toLowerCase().indexOf(\"webkit\")&&!t(\"Edge\"))&&!(t(\"Trident\")||t(\"MSIE\"))&&!t(\"Edge\"),C=-1!=p.toLowerCase().indexOf(\"webkit\")&&!t(\"Edge\");function D(){var a=d.document;return a?a.documentMode:void 0}var E;\na:{var F=\"\",G=function(){var a=p;if(B)return/rv:([^\\);]+)(\\)|;)/.exec(a);if(A)return/Edge\\/([\\d\\.]+)/.exec(a);if(z)return/\\b(?:MSIE|rv)[: ]([^\\);]+)(\\)|;)/.exec(a);if(C)return/WebKit\\/(\\S+)/.exec(a);if(y)return/(?:Version)[ \\/]?(\\S+)/.exec(a)}();G&&(F=G?G[1]:\"\");if(z){var H=D();if(null!=H&&H>parseFloat(F)){E=String(H);break a}}E=F}var I;I=d.document&&z?D():void 0;var J=u(),K=w()||t(\"iPod\"),L=t(\"iPad\"),M=t(\"Android\")&&!(v()||u()||t(\"Opera\")||t(\"Silk\")),N=v(),aa=t(\"Safari\")&&!(v()||t(\"Coast\")||t(\"Opera\")||t(\"Edge\")||t(\"Edg/\")||t(\"OPR\")||u()||t(\"Silk\")||t(\"Android\"))&&!(w()||t(\"iPad\")||t(\"iPod\"));function O(a){return(a=a.exec(p))?a[1]:\"\"}(function(){if(J)return O(/Firefox\\/([0-9.]+)/);if(z||A||y)return E;if(N)return w()||t(\"iPad\")||t(\"iPod\")?O(/CriOS\\/([0-9.]+)/):O(/Chrome\\/([0-9.]+)/);if(aa&&!(w()||t(\"iPad\")||t(\"iPod\")))return O(/Version\\/([0-9.]+)/);if(K||L){var a=/Version\\/(\\S+).*Mobile\\/(\\S+)/.exec(p);if(a)return a[1]+\".\"+a[2]}else if(M)return(a=O(/Android\\s+([0-9.]+)/))?a:O(/Version\\/([0-9.]+)/);return\"\"})();var P=z&&!(8\u003C=Number(I)),ba=z&&!(9\u003C=Number(I));var ca={SCRIPT:1,STYLE:1,HEAD:1,IFRAME:1,OBJECT:1},Q={IMG:\" \",BR:\"\\n\"};function R(a,b,c){if(!(a.nodeName in ca))if(3==a.nodeType)c?b.push(String(a.nodeValue).replace(/(\\r\\n|\\r|\\n)/g,\"\")):b.push(a.nodeValue);else if(a.nodeName in Q)b.push(Q[a.nodeName]);else for(a=a.firstChild;a;)R(a,b,c),a=a.nextSibling};function S(a,b){b=b.toLowerCase();return\"style\"==b?da(a.style.cssText):P&&\"value\"==b&&T(a,\"INPUT\")?a.value:ba&&!0===a[b]?String(a.getAttribute(b)):(a=a.getAttributeNode(b))&&a.specified?a.value:null}var ea=/[;]+(?=(?:(?:[^\"]*\"){2})*[^\"]*$)(?=(?:(?:[^']*'){2})*[^']*$)(?=(?:[^()]*\\([^()]*\\))*[^()]*$)/;\nfunction da(a){var b=[];k(a.split(ea),function(c){var e=c.indexOf(\":\");0\u003Ce&&(c=[c.slice(0,e),c.slice(e+1)],2==c.length&&b.push(c[0].toLowerCase(),\":\",c[1],\";\"))});b=b.join(\"\");return b=\";\"==b.charAt(b.length-1)?b:b+\";\"}function U(a,b){P&&\"value\"==b&&T(a,\"OPTION\")&&null===S(a,\"value\")?(b=[],R(a,b,!1),a=b.join(\"\")):a=a[b];return a}\nfunction T(a,b){b&&\"string\"!==typeof b&&(b=b.toString());return a instanceof HTMLFormElement?!!a&&1==a.nodeType&&(!b||\"FORM\"==b):!!a&&1==a.nodeType&&(!b||a.tagName.toUpperCase()==b)}function V(a){return T(a,\"OPTION\")?!0:T(a,\"INPUT\")?(a=a.type.toLowerCase(),\"checkbox\"==a||\"radio\"==a):!1};var fa={\"class\":\"className\",readonly:\"readOnly\"},ha=\"allowfullscreen allowpaymentrequest allowusermedia async autofocus autoplay checked compact complete controls declare default defaultchecked defaultselected defer disabled ended formnovalidate hidden indeterminate iscontenteditable ismap itemscope loop multiple muted nohref nomodule noresize noshade novalidate nowrap open paused playsinline pubdate readonly required reversed scoped seamless seeking selected truespeed typemustmatch willvalidate\".split(\" \");function W(a,b){var c=null,e=b.toLowerCase();if(\"style\"==e)return(c=a.style)&&\"string\"!=typeof c&&(c=c.cssText),c;if((\"selected\"==e||\"checked\"==e)&&V(a)){if(!V(a))throw new l(15,\"Element is not selectable\");b=\"selected\";c=a.type&&a.type.toLowerCase();if(\"checkbox\"==c||\"radio\"==c)b=\"checked\";return U(a,b)?\"true\":null}var g=T(a,\"A\");if(T(a,\"IMG\")&&\"src\"==e||g&&\"href\"==e)return(c=S(a,e))&&(c=U(a,e)),c;if(\"spellcheck\"==e){c=S(a,e);if(null!==c){if(\"false\"==c.toLowerCase())return\"false\";if(\"true\"==c.toLowerCase())return\"true\"}return U(a,\ne)+\"\"}g=fa[b]||b;if(0\u003C=h(ha,e))return(c=null!==S(a,b)||U(a,g))?\"true\":null;try{var x=U(a,g)}catch(ia){}(e=null==x)||(e=typeof x,e=\"object\"==e&&null!=x||\"function\"==e);e?c=S(a,b):c=x;return null!=c?c.toString():null}var X=[\"se_exportedFunctionSymbol\"],Y=d;X[0]in Y||\"undefined\"==typeof Y.execScript||Y.execScript(\"var \"+X[0]);for(var Z;X.length&&(Z=X.shift());)X.length||void 0===W?Y[Z]&&Y[Z]!==Object.prototype[Z]?Y=Y[Z]:Y=Y[Z]={}:Y[Z]=W;; return this.se_exportedFunctionSymbol.apply(null,arguments);}).apply(window, arguments);}\n).apply(null, arguments);"
}
[1769669277.131][INFO]: Waiting for pending navigations...
[1769669277.131][INFO]: Done waiting for pending navigations. Status: ok
[1769669277.134][INFO]: Waiting for pending navigations...
[1769669277.134][INFO]: Done waiting for pending navigations. Status: ok
[1769669277.134][INFO]: [e9bdbd4df8cae9f7a7b05ef895e65b5c] RESPONSE ExecuteScript "chapter page 6"
[1769669277.135][INFO]: [e9bdbd4df8cae9f7a7b05ef895e65b5c] COMMAND ExecuteScript {
   "args": [ {
      "element-6066-11e4-a52e-4f735466cecf": "f.CAA1FE4C08EC3FB8AD3888983C4001B7.d.728B49898D8128A16D8B333025A9BEAB.e.29"
   }, "currentSrc" ],
   "script": "/* getAttribute */return (function(){return (function(){var d=this||self;function f(a,b){function c(){}c.prototype=b.prototype;a.prototype=new c;a.prototype.constructor=a};var h=Array.prototype.indexOf?function(a,b){return Array.prototype.indexOf.call(a,b,void 0)}:function(a,b){if(\"string\"===typeof a)return\"string\"!==typeof b||1!=b.length?-1:a.indexOf(b,0);for(var c=0;c\u003Ca.length;c++)if(c in a&&a[c]===b)return c;return-1},k=Array.prototype.forEach?function(a,b){Array.prototype.forEach.call(a,b,void 0)}:function(a,b){for(var c=a.length,e=\"string\"===typeof a?a.split(\"\"):a,g=0;g\u003Cc;g++)g in e&&b.call(void 0,e[g],g,a)};function l(a,b){this.code=a;this.a=m[a]||n;this.message=b||\"\";a=this.a.replace(/((?:^|\\s+)[a-z])/g,function(c){return c.toUpperCase().replace(/^[\\s\\xa0]+/g,\"\")});b=a.length-5;if(0>b||a.indexOf(\"Error\",b)!=b)a+=\"Error\";this.name=a;a=Error(this.message);a.name=this.name;this.stack=a.stack||\"\"}f(l,Error);var n=\"unknown error\",m={15:\"element not selectable\",11:\"element not visible\"};m[31]=n;m[30]=n;m[24]=\"invalid cookie domain\";m[29]=\"invalid element coordinates\";m[12]=\"invalid element state\";m[32]=\"invalid selector\";\nm[51]=\"invalid selector\";m[52]=\"invalid selector\";m[17]=\"javascript error\";m[405]=\"unsupported operation\";m[34]=\"move target out of bounds\";m[27]=\"no such alert\";m[7]=\"no such element\";m[8]=\"no such frame\";m[23]=\"no such window\";m[28]=\"script timeout\";m[33]=\"session not created\";m[10]=\"stale element reference\";m[21]=\"timeout\";m[25]=\"unable to set cookie\";m[26]=\"unexpected alert open\";m[13]=n;m[9]=\"unknown command\";var p;a:{var q=d.navigator;if(q){var r=q.userAgent;if(r){p=r;break a}}p=\"\"}function t(a){return-1!=p.indexOf(a)};function u(){return t(\"Firefox\")||t(\"FxiOS\")}function v(){return(t(\"Chrome\")||t(\"CriOS\"))&&!t(\"Edge\")};function w(){return t(\"iPhone\")&&!t(\"iPod\")&&!t(\"iPad\")};var y=t(\"Opera\"),z=t(\"Trident\")||t(\"MSIE\"),A=t(\"Edge\"),B=t(\"Gecko\")&&!(-1!=p.toLowerCase().indexOf(\"webkit\")&&!t(\"Edge\"))&&!(t(\"Trident\")||t(\"MSIE\"))&&!t(\"Edge\"),C=-1!=p.toLowerCase().indexOf(\"webkit\")&&!t(\"Edge\");function D(){var a=d.document;return a?a.documentMode:void 0}var E;\na:{var F=\"\",G=function(){var a=p;if(B)return/rv:([^\\);]+)(\\)|;)/.exec(a);if(A)return/Edge\\/([\\d\\.]+)/.exec(a);if(z)return/\\b(?:MSIE|rv)[: ]([^\\);]+)(\\)|;)/.exec(a);if(C)return/WebKit\\/(\\S+)/.exec(a);if(y)return/(?:Version)[ \\/]?(\\S+)/.exec(a)}();G&&(F=G?G[1]:\"\");if(z){var H=D();if(null!=H&&H>parseFloat(F)){E=String(H);break a}}E=F}var I;I=d.document&&z?D():void 0;var J=u(),K=w()||t(\"iPod\"),L=t(\"iPad\"),M=t(\"Android\")&&!(v()||u()||t(\"Opera\")||t(\"Silk\")),N=v(),aa=t(\"Safari\")&&!(v()||t(\"Coast\")||t(\"Opera\")||t(\"Edge\")||t(\"Edg/\")||t(\"OPR\")||u()||t(\"Silk\")||t(\"Android\"))&&!(w()||t(\"iPad\")||t(\"iPod\"));function O(a){return(a=a.exec(p))?a[1]:\"\"}(function(){if(J)return O(/Firefox\\/([0-9.]+)/);if(z||A||y)return E;if(N)return w()||t(\"iPad\")||t(\"iPod\")?O(/CriOS\\/([0-9.]+)/):O(/Chrome\\/([0-9.]+)/);if(aa&&!(w()||t(\"iPad\")||t(\"iPod\")))return O(/Version\\/([0-9.]+)/);if(K||L){var a=/Version\\/(\\S+).*Mobile\\/(\\S+)/.exec(p);if(a)return a[1]+\".\"+a[2]}else if(M)return(a=O(/Android\\s+([0-9.]+)/))?a:O(/Version\\/([0-9.]+)/);return\"\"})();var P=z&&!(8\u003C=Number(I)),ba=z&&!(9\u003C=Number(I));var ca={SCRIPT:1,STYLE:1,HEAD:1,IFRAME:1,OBJECT:1},Q={IMG:\" \",BR:\"\\n\"};function R(a,b,c){if(!(a.nodeName in ca))if(3==a.nodeType)c?b.push(String(a.nodeValue).replace(/(\\r\\n|\\r|\\n)/g,\"\")):b.push(a.nodeValue);else if(a.nodeName in Q)b.push(Q[a.nodeName]);else for(a=a.firstChild;a;)R(a,b,c),a=a.nextSibling};function S(a,b){b=b.toLowerCase();return\"style\"==b?da(a.style.cssText):P&&\"value\"==b&&T(a,\"INPUT\")?a.value:ba&&!0===a[b]?String(a.getAttribute(b)):(a=a.getAttributeNode(b))&&a.specified?a.value:null}var ea=/[;]+(?=(?:(?:[^\"]*\"){2})*[^\"]*$)(?=(?:(?:[^']*'){2})*[^']*$)(?=(?:[^()]*\\([^()]*\\))*[^()]*$)/;\nfunction da(a){var b=[];k(a.split(ea),function(c){var e=c.indexOf(\":\");0\u003Ce&&(c=[c.slice(0,e),c.slice(e+1)],2==c.length&&b.push(c[0].toLowerCase(),\":\",c[1],\";\"))});b=b.join(\"\");return b=\";\"==b.charAt(b.length-1)?b:b+\";\"}function U(a,b){P&&\"value\"==b&&T(a,\"OPTION\")&&null===S(a,\"value\")?(b=[],R(a,b,!1),a=b.join(\"\")):a=a[b];return a}\nfunction T(a,b){b&&\"string\"!==typeof b&&(b=b.toString());return a instanceof HTMLFormElement?!!a&&1==a.nodeType&&(!b||\"FORM\"==b):!!a&&1==a.nodeType&&(!b||a.tagName.toUpperCase()==b)}function V(a){return T(a,\"OPTION\")?!0:T(a,\"INPUT\")?(a=a.type.toLowerCase(),\"checkbox\"==a||\"radio\"==a):!1};var fa={\"class\":\"className\",readonly:\"readOnly\"},ha=\"allowfullscreen allowpaymentrequest allowusermedia async autofocus autoplay checked compact complete controls declare default defaultchecked defaultselected defer disabled ended formnovalidate hidden indeterminate iscontenteditable ismap itemscope loop multiple muted nohref nomodule noresize noshade novalidate nowrap open paused playsinline pubdate readonly required reversed scoped seamless seeking selected truespeed typemustmatch willvalidate\".split(\" \");function W(a,b){var c=null,e=b.toLowerCase();if(\"style\"==e)return(c=a.style)&&\"string\"!=typeof c&&(c=c.cssText),c;if((\"selected\"==e||\"checked\"==e)&&V(a)){if(!V(a))throw new l(15,\"Element is not selectable\");b=\"selected\";c=a.type&&a.type.toLowerCase();if(\"checkbox\"==c||\"radio\"==c)b=\"checked\";return U(a,b)?\"true\":null}var g=T(a,\"A\");if(T(a,\"IMG\")&&\"src\"==e||g&&\"href\"==e)return(c=S(a,e))&&(c=U(a,e)),c;if(\"spellcheck\"==e){c=S(a,e);if(null!==c){if(\"false\"==c.toLowerCase())return\"false\";if(\"true\"==c.toLowerCase())return\"true\"}return U(a,\ne)+\"\"}g=fa[b]||b;if(0\u003C=h(ha,e))return(c=null!==S(a,b)||U(a,g))?\"true\":null;try{var x=U(a,g)}catch(ia){}(e=null==x)||(e=typeof x,e=\"object\"==e&&null!=x||\"function\"==e);e?c=S(a,b):c=x;return null!=c?c.toString():null}var X=[\"se_exportedFunctionSymbol\"],Y=d;X[0]in Y||\"undefined\"==typeof Y.execScript||Y.execScript(\"var \"+X[0]);for(var Z;X.length&&(Z=X.shift());)X.length||void 0===W?Y[Z]&&Y[Z]!==Object.prototype[Z]?Y=Y[Z]:Y=Y[Z]={}:Y[Z]=W;; return this.se_exportedFunctionSymbol.apply(null,arguments);}).apply(window, arguments);}\n).apply(null, arguments);"
}
[1769669277.135][INFO]: Waiting for pending navigations...
[1769669277.135][INFO]: Done waiting for pending navigations. Status: ok
[1769669277.138][INFO]: Waiting for pending navigations...
[1769669277.140][INFO]: Done waiting for pending navigations. Status: ok
[1769669277.140][INFO]: [e9bdbd4df8cae9f7a7b05ef895e65b5c] RESPONSE ExecuteScript "https://gg.asuracomic.net/storage/media/405811/conversions/05-optimized.webp"
[1769669277.141][INFO]: [e9bdbd4df8cae9f7a7b05ef895e65b5c] COMMAND ExecuteScript {
   "args": [ {
      "element-6066-11e4-a52e-4f735466cecf": "f.CAA1FE4C08EC3FB8AD3888983C4001B7.d.728B49898D8128A16D8B333025A9BEAB.e.30"
   }, "alt" ],
   "script": "/* getAttribute */return (function(){return (function(){var d=this||self;function f(a,b){function c(){}c.prototype=b.prototype;a.prototype=new c;a.prototype.constructor=a};var h=Array.prototype.indexOf?function(a,b){return Array.prototype.indexOf.call(a,b,void 0)}:function(a,b){if(\"string\"===typeof a)return\"string\"!==typeof b||1!=b.length?-1:a.indexOf(b,0);for(var c=0;c\u003Ca.length;c++)if(c in a&&a[c]===b)return c;return-1},k=Array.prototype.forEach?function(a,b){Array.prototype.forEach.call(a,b,void 0)}:function(a,b){for(var c=a.length,e=\"string\"===typeof a?a.split(\"\"):a,g=0;g\u003Cc;g++)g in e&&b.call(void 0,e[g],g,a)};function l(a,b){this.code=a;this.a=m[a]||n;this.message=b||\"\";a=this.a.replace(/((?:^|\\s+)[a-z])/g,function(c){return c.toUpperCase().replace(/^[\\s\\xa0]+/g,\"\")});b=a.length-5;if(0>b||a.indexOf(\"Error\",b)!=b)a+=\"Error\";this.name=a;a=Error(this.message);a.name=this.name;this.stack=a.stack||\"\"}f(l,Error);var n=\"unknown error\",m={15:\"element not selectable\",11:\"element not visible\"};m[31]=n;m[30]=n;m[24]=\"invalid cookie domain\";m[29]=\"invalid element coordinates\";m[12]=\"invalid element state\";m[32]=\"invalid selector\";\nm[51]=\"invalid selector\";m[52]=\"invalid selector\";m[17]=\"javascript error\";m[405]=\"unsupported operation\";m[34]=\"move target out of bounds\";m[27]=\"no such alert\";m[7]=\"no such element\";m[8]=\"no such frame\";m[23]=\"no such window\";m[28]=\"script timeout\";m[33]=\"session not created\";m[10]=\"stale element reference\";m[21]=\"timeout\";m[25]=\"unable to set cookie\";m[26]=\"unexpected alert open\";m[13]=n;m[9]=\"unknown command\";var p;a:{var q=d.navigator;if(q){var r=q.userAgent;if(r){p=r;break a}}p=\"\"}function t(a){return-1!=p.indexOf(a)};function u(){return t(\"Firefox\")||t(\"FxiOS\")}function v(){return(t(\"Chrome\")||t(\"CriOS\"))&&!t(\"Edge\")};function w(){return t(\"iPhone\")&&!t(\"iPod\")&&!t(\"iPad\")};var y=t(\"Opera\"),z=t(\"Trident\")||t(\"MSIE\"),A=t(\"Edge\"),B=t(\"Gecko\")&&!(-1!=p.toLowerCase().indexOf(\"webkit\")&&!t(\"Edge\"))&&!(t(\"Trident\")||t(\"MSIE\"))&&!t(\"Edge\"),C=-1!=p.toLowerCase().indexOf(\"webkit\")&&!t(\"Edge\");function D(){var a=d.document;return a?a.documentMode:void 0}var E;\na:{var F=\"\",G=function(){var a=p;if(B)return/rv:([^\\);]+)(\\)|;)/.exec(a);if(A)return/Edge\\/([\\d\\.]+)/.exec(a);if(z)return/\\b(?:MSIE|rv)[: ]([^\\);]+)(\\)|;)/.exec(a);if(C)return/WebKit\\/(\\S+)/.exec(a);if(y)return/(?:Version)[ \\/]?(\\S+)/.exec(a)}();G&&(F=G?G[1]:\"\");if(z){var H=D();if(null!=H&&H>parseFloat(F)){E=String(H);break a}}E=F}var I;I=d.document&&z?D():void 0;var J=u(),K=w()||t(\"iPod\"),L=t(\"iPad\"),M=t(\"Android\")&&!(v()||u()||t(\"Opera\")||t(\"Silk\")),N=v(),aa=t(\"Safari\")&&!(v()||t(\"Coast\")||t(\"Opera\")||t(\"Edge\")||t(\"Edg/\")||t(\"OPR\")||u()||t(\"Silk\")||t(\"Android\"))&&!(w()||t(\"iPad\")||t(\"iPod\"));function O(a){return(a=a.exec(p))?a[1]:\"\"}(function(){if(J)return O(/Firefox\\/([0-9.]+)/);if(z||A||y)return E;if(N)return w()||t(\"iPad\")||t(\"iPod\")?O(/CriOS\\/([0-9.]+)/):O(/Chrome\\/([0-9.]+)/);if(aa&&!(w()||t(\"iPad\")||t(\"iPod\")))return O(/Version\\/([0-9.]+)/);if(K||L){var a=/Version\\/(\\S+).*Mobile\\/(\\S+)/.exec(p);if(a)return a[1]+\".\"+a[2]}else if(M)return(a=O(/Android\\s+([0-9.]+)/))?a:O(/Version\\/([0-9.]+)/);return\"\"})();var P=z&&!(8\u003C=Number(I)),ba=z&&!(9\u003C=Number(I));var ca={SCRIPT:1,STYLE:1,HEAD:1,IFRAME:1,OBJECT:1},Q={IMG:\" \",BR:\"\\n\"};function R(a,b,c){if(!(a.nodeName in ca))if(3==a.nodeType)c?b.push(String(a.nodeValue).replace(/(\\r\\n|\\r|\\n)/g,\"\")):b.push(a.nodeValue);else if(a.nodeName in Q)b.push(Q[a.nodeName]);else for(a=a.firstChild;a;)R(a,b,c),a=a.nextSibling};function S(a,b){b=b.toLowerCase();return\"style\"==b?da(a.style.cssText):P&&\"value\"==b&&T(a,\"INPUT\")?a.value:ba&&!0===a[b]?String(a.getAttribute(b)):(a=a.getAttributeNode(b))&&a.specified?a.value:null}var ea=/[;]+(?=(?:(?:[^\"]*\"){2})*[^\"]*$)(?=(?:(?:[^']*'){2})*[^']*$)(?=(?:[^()]*\\([^()]*\\))*[^()]*$)/;\nfunction da(a){var b=[];k(a.split(ea),function(c){var e=c.indexOf(\":\");0\u003Ce&&(c=[c.slice(0,e),c.slice(e+1)],2==c.length&&b.push(c[0].toLowerCase(),\":\",c[1],\";\"))});b=b.join(\"\");return b=\";\"==b.charAt(b.length-1)?b:b+\";\"}function U(a,b){P&&\"value\"==b&&T(a,\"OPTION\")&&null===S(a,\"value\")?(b=[],R(a,b,!1),a=b.join(\"\")):a=a[b];return a}\nfunction T(a,b){b&&\"string\"!==typeof b&&(b=b.toString());return a instanceof HTMLFormElement?!!a&&1==a.nodeType&&(!b||\"FORM\"==b):!!a&&1==a.nodeType&&(!b||a.tagName.toUpperCase()==b)}function V(a){return T(a,\"OPTION\")?!0:T(a,\"INPUT\")?(a=a.type.toLowerCase(),\"checkbox\"==a||\"radio\"==a):!1};var fa={\"class\":\"className\",readonly:\"readOnly\"},ha=\"allowfullscreen allowpaymentrequest allowusermedia async autofocus autoplay checked compact complete controls declare default defaultchecked defaultselected defer disabled ended formnovalidate hidden indeterminate iscontenteditable ismap itemscope loop multiple muted nohref nomodule noresize noshade novalidate nowrap open paused playsinline pubdate readonly required reversed scoped seamless seeking selected truespeed typemustmatch willvalidate\".split(\" \");function W(a,b){var c=null,e=b.toLowerCase();if(\"style\"==e)return(c=a.style)&&\"string\"!=typeof c&&(c=c.cssText),c;if((\"selected\"==e||\"checked\"==e)&&V(a)){if(!V(a))throw new l(15,\"Element is not selectable\");b=\"selected\";c=a.type&&a.type.toLowerCase();if(\"checkbox\"==c||\"radio\"==c)b=\"checked\";return U(a,b)?\"true\":null}var g=T(a,\"A\");if(T(a,\"IMG\")&&\"src\"==e||g&&\"href\"==e)return(c=S(a,e))&&(c=U(a,e)),c;if(\"spellcheck\"==e){c=S(a,e);if(null!==c){if(\"false\"==c.toLowerCase())return\"false\";if(\"true\"==c.toLowerCase())return\"true\"}return U(a,\ne)+\"\"}g=fa[b]||b;if(0\u003C=h(ha,e))return(c=null!==S(a,b)||U(a,g))?\"true\":null;try{var x=U(a,g)}catch(ia){}(e=null==x)||(e=typeof x,e=\"object\"==e&&null!=x||\"function\"==e);e?c=S(a,b):c=x;return null!=c?c.toString():null}var X=[\"se_exportedFunctionSymbol\"],Y=d;X[0]in Y||\"undefined\"==typeof Y.execScript||Y.execScript(\"var \"+X[0]);for(var Z;X.length&&(Z=X.shift());)X.length||void 0===W?Y[Z]&&Y[Z]!==Object.prototype[Z]?Y=Y[Z]:Y=Y[Z]={}:Y[Z]=W;; return this.se_exportedFunctionSymbol.apply(null,arguments);}).apply(window, arguments);}\n).apply(null, arguments);"
}
[1769669277.141][INFO]: Waiting for pending navigations...
[1769669277.141][INFO]: Done waiting for pending navigations. Status: ok
[1769669277.144][INFO]: Waiting for pending navigations...
[1769669277.144][INFO]: Done waiting for pending navigations. Status: ok
[1769669277.144][INFO]: [e9bdbd4df8cae9f7a7b05ef895e65b5c] RESPONSE ExecuteScript "chapter page 7"
[1769669277.145][INFO]: [e9bdbd4df8cae9f7a7b05ef895e65b5c] COMMAND ExecuteScript {
   "args": [ {
      "element-6066-11e4-a52e-4f735466cecf": "f.CAA1FE4C08EC3FB8AD3888983C4001B7.d.728B49898D8128A16D8B333025A9BEAB.e.30"
   }, "currentSrc" ],
   "script": "/* getAttribute */return (function(){return (function(){var d=this||self;function f(a,b){function c(){}c.prototype=b.prototype;a.prototype=new c;a.prototype.constructor=a};var h=Array.prototype.indexOf?function(a,b){return Array.prototype.indexOf.call(a,b,void 0)}:function(a,b){if(\"string\"===typeof a)return\"string\"!==typeof b||1!=b.length?-1:a.indexOf(b,0);for(var c=0;c\u003Ca.length;c++)if(c in a&&a[c]===b)return c;return-1},k=Array.prototype.forEach?function(a,b){Array.prototype.forEach.call(a,b,void 0)}:function(a,b){for(var c=a.length,e=\"string\"===typeof a?a.split(\"\"):a,g=0;g\u003Cc;g++)g in e&&b.call(void 0,e[g],g,a)};function l(a,b){this.code=a;this.a=m[a]||n;this.message=b||\"\";a=this.a.replace(/((?:^|\\s+)[a-z])/g,function(c){return c.toUpperCase().replace(/^[\\s\\xa0]+/g,\"\")});b=a.length-5;if(0>b||a.indexOf(\"Error\",b)!=b)a+=\"Error\";this.name=a;a=Error(this.message);a.name=this.name;this.stack=a.stack||\"\"}f(l,Error);var n=\"unknown error\",m={15:\"element not selectable\",11:\"element not visible\"};m[31]=n;m[30]=n;m[24]=\"invalid cookie domain\";m[29]=\"invalid element coordinates\";m[12]=\"invalid element state\";m[32]=\"invalid selector\";\nm[51]=\"invalid selector\";m[52]=\"invalid selector\";m[17]=\"javascript error\";m[405]=\"unsupported operation\";m[34]=\"move target out of bounds\";m[27]=\"no such alert\";m[7]=\"no such element\";m[8]=\"no such frame\";m[23]=\"no such window\";m[28]=\"script timeout\";m[33]=\"session not created\";m[10]=\"stale element reference\";m[21]=\"timeout\";m[25]=\"unable to set cookie\";m[26]=\"unexpected alert open\";m[13]=n;m[9]=\"unknown command\";var p;a:{var q=d.navigator;if(q){var r=q.userAgent;if(r){p=r;break a}}p=\"\"}function t(a){return-1!=p.indexOf(a)};function u(){return t(\"Firefox\")||t(\"FxiOS\")}function v(){return(t(\"Chrome\")||t(\"CriOS\"))&&!t(\"Edge\")};function w(){return t(\"iPhone\")&&!t(\"iPod\")&&!t(\"iPad\")};var y=t(\"Opera\"),z=t(\"Trident\")||t(\"MSIE\"),A=t(\"Edge\"),B=t(\"Gecko\")&&!(-1!=p.toLowerCase().indexOf(\"webkit\")&&!t(\"Edge\"))&&!(t(\"Trident\")||t(\"MSIE\"))&&!t(\"Edge\"),C=-1!=p.toLowerCase().indexOf(\"webkit\")&&!t(\"Edge\");function D(){var a=d.document;return a?a.documentMode:void 0}var E;\na:{var F=\"\",G=function(){var a=p;if(B)return/rv:([^\\);]+)(\\)|;)/.exec(a);if(A)return/Edge\\/([\\d\\.]+)/.exec(a);if(z)return/\\b(?:MSIE|rv)[: ]([^\\);]+)(\\)|;)/.exec(a);if(C)return/WebKit\\/(\\S+)/.exec(a);if(y)return/(?:Version)[ \\/]?(\\S+)/.exec(a)}();G&&(F=G?G[1]:\"\");if(z){var H=D();if(null!=H&&H>parseFloat(F)){E=String(H);break a}}E=F}var I;I=d.document&&z?D():void 0;var J=u(),K=w()||t(\"iPod\"),L=t(\"iPad\"),M=t(\"Android\")&&!(v()||u()||t(\"Opera\")||t(\"Silk\")),N=v(),aa=t(\"Safari\")&&!(v()||t(\"Coast\")||t(\"Opera\")||t(\"Edge\")||t(\"Edg/\")||t(\"OPR\")||u()||t(\"Silk\")||t(\"Android\"))&&!(w()||t(\"iPad\")||t(\"iPod\"));function O(a){return(a=a.exec(p))?a[1]:\"\"}(function(){if(J)return O(/Firefox\\/([0-9.]+)/);if(z||A||y)return E;if(N)return w()||t(\"iPad\")||t(\"iPod\")?O(/CriOS\\/([0-9.]+)/):O(/Chrome\\/([0-9.]+)/);if(aa&&!(w()||t(\"iPad\")||t(\"iPod\")))return O(/Version\\/([0-9.]+)/);if(K||L){var a=/Version\\/(\\S+).*Mobile\\/(\\S+)/.exec(p);if(a)return a[1]+\".\"+a[2]}else if(M)return(a=O(/Android\\s+([0-9.]+)/))?a:O(/Version\\/([0-9.]+)/);return\"\"})();var P=z&&!(8\u003C=Number(I)),ba=z&&!(9\u003C=Number(I));var ca={SCRIPT:1,STYLE:1,HEAD:1,IFRAME:1,OBJECT:1},Q={IMG:\" \",BR:\"\\n\"};function R(a,b,c){if(!(a.nodeName in ca))if(3==a.nodeType)c?b.push(String(a.nodeValue).replace(/(\\r\\n|\\r|\\n)/g,\"\")):b.push(a.nodeValue);else if(a.nodeName in Q)b.push(Q[a.nodeName]);else for(a=a.firstChild;a;)R(a,b,c),a=a.nextSibling};function S(a,b){b=b.toLowerCase();return\"style\"==b?da(a.style.cssText):P&&\"value\"==b&&T(a,\"INPUT\")?a.value:ba&&!0===a[b]?String(a.getAttribute(b)):(a=a.getAttributeNode(b))&&a.specified?a.value:null}var ea=/[;]+(?=(?:(?:[^\"]*\"){2})*[^\"]*$)(?=(?:(?:[^']*'){2})*[^']*$)(?=(?:[^()]*\\([^()]*\\))*[^()]*$)/;\nfunction da(a){var b=[];k(a.split(ea),function(c){var e=c.indexOf(\":\");0\u003Ce&&(c=[c.slice(0,e),c.slice(e+1)],2==c.length&&b.push(c[0].toLowerCase(),\":\",c[1],\";\"))});b=b.join(\"\");return b=\";\"==b.charAt(b.length-1)?b:b+\";\"}function U(a,b){P&&\"value\"==b&&T(a,\"OPTION\")&&null===S(a,\"value\")?(b=[],R(a,b,!1),a=b.join(\"\")):a=a[b];return a}\nfunction T(a,b){b&&\"string\"!==typeof b&&(b=b.toString());return a instanceof HTMLFormElement?!!a&&1==a.nodeType&&(!b||\"FORM\"==b):!!a&&1==a.nodeType&&(!b||a.tagName.toUpperCase()==b)}function V(a){return T(a,\"OPTION\")?!0:T(a,\"INPUT\")?(a=a.type.toLowerCase(),\"checkbox\"==a||\"radio\"==a):!1};var fa={\"class\":\"className\",readonly:\"readOnly\"},ha=\"allowfullscreen allowpaymentrequest allowusermedia async autofocus autoplay checked compact complete controls declare default defaultchecked defaultselected defer disabled ended formnovalidate hidden indeterminate iscontenteditable ismap itemscope loop multiple muted nohref nomodule noresize noshade novalidate nowrap open paused playsinline pubdate readonly required reversed scoped seamless seeking selected truespeed typemustmatch willvalidate\".split(\" \");function W(a,b){var c=null,e=b.toLowerCase();if(\"style\"==e)return(c=a.style)&&\"string\"!=typeof c&&(c=c.cssText),c;if((\"selected\"==e||\"checked\"==e)&&V(a)){if(!V(a))throw new l(15,\"Element is not selectable\");b=\"selected\";c=a.type&&a.type.toLowerCase();if(\"checkbox\"==c||\"radio\"==c)b=\"checked\";return U(a,b)?\"true\":null}var g=T(a,\"A\");if(T(a,\"IMG\")&&\"src\"==e||g&&\"href\"==e)return(c=S(a,e))&&(c=U(a,e)),c;if(\"spellcheck\"==e){c=S(a,e);if(null!==c){if(\"false\"==c.toLowerCase())return\"false\";if(\"true\"==c.toLowerCase())return\"true\"}return U(a,\ne)+\"\"}g=fa[b]||b;if(0\u003C=h(ha,e))return(c=null!==S(a,b)||U(a,g))?\"true\":null;try{var x=U(a,g)}catch(ia){}(e=null==x)||(e=typeof x,e=\"object\"==e&&null!=x||\"function\"==e);e?c=S(a,b):c=x;return null!=c?c.toString():null}var X=[\"se_exportedFunctionSymbol\"],Y=d;X[0]in Y||\"undefined\"==typeof Y.execScript||Y.execScript(\"var \"+X[0]);for(var Z;X.length&&(Z=X.shift());)X.length||void 0===W?Y[Z]&&Y[Z]!==Object.prototype[Z]?Y=Y[Z]:Y=Y[Z]={}:Y[Z]=W;; return this.se_exportedFunctionSymbol.apply(null,arguments);}).apply(window, arguments);}\n).apply(null, arguments);"
}
[1769669277.145][INFO]: Waiting for pending navigations...
[1769669277.145][INFO]: Done waiting for pending navigations. Status: ok
[1769669277.148][INFO]: Waiting for pending navigations...
[1769669277.148][INFO]: Done waiting for pending navigations. Status: ok
[1769669277.148][INFO]: [e9bdbd4df8cae9f7a7b05ef895e65b5c] RESPONSE ExecuteScript "https://gg.asuracomic.net/storage/media/405812/conversions/06-optimized.webp"
[1769669277.149][INFO]: [e9bdbd4df8cae9f7a7b05ef895e65b5c] COMMAND ExecuteScript {
   "args": [ {
      "element-6066-11e4-a52e-4f735466cecf": "f.CAA1FE4C08EC3FB8AD3888983C4001B7.d.728B49898D8128A16D8B333025A9BEAB.e.31"
   }, "alt" ],
   "script": "/* getAttribute */return (function(){return (function(){var d=this||self;function f(a,b){function c(){}c.prototype=b.prototype;a.prototype=new c;a.prototype.constructor=a};var h=Array.prototype.indexOf?function(a,b){return Array.prototype.indexOf.call(a,b,void 0)}:function(a,b){if(\"string\"===typeof a)return\"string\"!==typeof b||1!=b.length?-1:a.indexOf(b,0);for(var c=0;c\u003Ca.length;c++)if(c in a&&a[c]===b)return c;return-1},k=Array.prototype.forEach?function(a,b){Array.prototype.forEach.call(a,b,void 0)}:function(a,b){for(var c=a.length,e=\"string\"===typeof a?a.split(\"\"):a,g=0;g\u003Cc;g++)g in e&&b.call(void 0,e[g],g,a)};function l(a,b){this.code=a;this.a=m[a]||n;this.message=b||\"\";a=this.a.replace(/((?:^|\\s+)[a-z])/g,function(c){return c.toUpperCase().replace(/^[\\s\\xa0]+/g,\"\")});b=a.length-5;if(0>b||a.indexOf(\"Error\",b)!=b)a+=\"Error\";this.name=a;a=Error(this.message);a.name=this.name;this.stack=a.stack||\"\"}f(l,Error);var n=\"unknown error\",m={15:\"element not selectable\",11:\"element not visible\"};m[31]=n;m[30]=n;m[24]=\"invalid cookie domain\";m[29]=\"invalid element coordinates\";m[12]=\"invalid element state\";m[32]=\"invalid selector\";\nm[51]=\"invalid selector\";m[52]=\"invalid selector\";m[17]=\"javascript error\";m[405]=\"unsupported operation\";m[34]=\"move target out of bounds\";m[27]=\"no such alert\";m[7]=\"no such element\";m[8]=\"no such frame\";m[23]=\"no such window\";m[28]=\"script timeout\";m[33]=\"session not created\";m[10]=\"stale element reference\";m[21]=\"timeout\";m[25]=\"unable to set cookie\";m[26]=\"unexpected alert open\";m[13]=n;m[9]=\"unknown command\";var p;a:{var q=d.navigator;if(q){var r=q.userAgent;if(r){p=r;break a}}p=\"\"}function t(a){return-1!=p.indexOf(a)};function u(){return t(\"Firefox\")||t(\"FxiOS\")}function v(){return(t(\"Chrome\")||t(\"CriOS\"))&&!t(\"Edge\")};function w(){return t(\"iPhone\")&&!t(\"iPod\")&&!t(\"iPad\")};var y=t(\"Opera\"),z=t(\"Trident\")||t(\"MSIE\"),A=t(\"Edge\"),B=t(\"Gecko\")&&!(-1!=p.toLowerCase().indexOf(\"webkit\")&&!t(\"Edge\"))&&!(t(\"Trident\")||t(\"MSIE\"))&&!t(\"Edge\"),C=-1!=p.toLowerCase().indexOf(\"webkit\")&&!t(\"Edge\");function D(){var a=d.document;return a?a.documentMode:void 0}var E;\na:{var F=\"\",G=function(){var a=p;if(B)return/rv:([^\\);]+)(\\)|;)/.exec(a);if(A)return/Edge\\/([\\d\\.]+)/.exec(a);if(z)return/\\b(?:MSIE|rv)[: ]([^\\);]+)(\\)|;)/.exec(a);if(C)return/WebKit\\/(\\S+)/.exec(a);if(y)return/(?:Version)[ \\/]?(\\S+)/.exec(a)}();G&&(F=G?G[1]:\"\");if(z){var H=D();if(null!=H&&H>parseFloat(F)){E=String(H);break a}}E=F}var I;I=d.document&&z?D():void 0;var J=u(),K=w()||t(\"iPod\"),L=t(\"iPad\"),M=t(\"Android\")&&!(v()||u()||t(\"Opera\")||t(\"Silk\")),N=v(),aa=t(\"Safari\")&&!(v()||t(\"Coast\")||t(\"Opera\")||t(\"Edge\")||t(\"Edg/\")||t(\"OPR\")||u()||t(\"Silk\")||t(\"Android\"))&&!(w()||t(\"iPad\")||t(\"iPod\"));function O(a){return(a=a.exec(p))?a[1]:\"\"}(function(){if(J)return O(/Firefox\\/([0-9.]+)/);if(z||A||y)return E;if(N)return w()||t(\"iPad\")||t(\"iPod\")?O(/CriOS\\/([0-9.]+)/):O(/Chrome\\/([0-9.]+)/);if(aa&&!(w()||t(\"iPad\")||t(\"iPod\")))return O(/Version\\/([0-9.]+)/);if(K||L){var a=/Version\\/(\\S+).*Mobile\\/(\\S+)/.exec(p);if(a)return a[1]+\".\"+a[2]}else if(M)return(a=O(/Android\\s+([0-9.]+)/))?a:O(/Version\\/([0-9.]+)/);return\"\"})();var P=z&&!(8\u003C=Number(I)),ba=z&&!(9\u003C=Number(I));var ca={SCRIPT:1,STYLE:1,HEAD:1,IFRAME:1,OBJECT:1},Q={IMG:\" \",BR:\"\\n\"};function R(a,b,c){if(!(a.nodeName in ca))if(3==a.nodeType)c?b.push(String(a.nodeValue).replace(/(\\r\\n|\\r|\\n)/g,\"\")):b.push(a.nodeValue);else if(a.nodeName in Q)b.push(Q[a.nodeName]);else for(a=a.firstChild;a;)R(a,b,c),a=a.nextSibling};function S(a,b){b=b.toLowerCase();return\"style\"==b?da(a.style.cssText):P&&\"value\"==b&&T(a,\"INPUT\")?a.value:ba&&!0===a[b]?String(a.getAttribute(b)):(a=a.getAttributeNode(b))&&a.specified?a.value:null}var ea=/[;]+(?=(?:(?:[^\"]*\"){2})*[^\"]*$)(?=(?:(?:[^']*'){2})*[^']*$)(?=(?:[^()]*\\([^()]*\\))*[^()]*$)/;\nfunction da(a){var b=[];k(a.split(ea),function(c){var e=c.indexOf(\":\");0\u003Ce&&(c=[c.slice(0,e),c.slice(e+1)],2==c.length&&b.push(c[0].toLowerCase(),\":\",c[1],\";\"))});b=b.join(\"\");return b=\";\"==b.charAt(b.length-1)?b:b+\";\"}function U(a,b){P&&\"value\"==b&&T(a,\"OPTION\")&&null===S(a,\"value\")?(b=[],R(a,b,!1),a=b.join(\"\")):a=a[b];return a}\nfunction T(a,b){b&&\"string\"!==typeof b&&(b=b.toString());return a instanceof HTMLFormElement?!!a&&1==a.nodeType&&(!b||\"FORM\"==b):!!a&&1==a.nodeType&&(!b||a.tagName.toUpperCase()==b)}function V(a){return T(a,\"OPTION\")?!0:T(a,\"INPUT\")?(a=a.type.toLowerCase(),\"checkbox\"==a||\"radio\"==a):!1};var fa={\"class\":\"className\",readonly:\"readOnly\"},ha=\"allowfullscreen allowpaymentrequest allowusermedia async autofocus autoplay checked compact complete controls declare default defaultchecked defaultselected defer disabled ended formnovalidate hidden indeterminate iscontenteditable ismap itemscope loop multiple muted nohref nomodule noresize noshade novalidate nowrap open paused playsinline pubdate readonly required reversed scoped seamless seeking selected truespeed typemustmatch willvalidate\".split(\" \");function W(a,b){var c=null,e=b.toLowerCase();if(\"style\"==e)return(c=a.style)&&\"string\"!=typeof c&&(c=c.cssText),c;if((\"selected\"==e||\"checked\"==e)&&V(a)){if(!V(a))throw new l(15,\"Element is not selectable\");b=\"selected\";c=a.type&&a.type.toLowerCase();if(\"checkbox\"==c||\"radio\"==c)b=\"checked\";return U(a,b)?\"true\":null}var g=T(a,\"A\");if(T(a,\"IMG\")&&\"src\"==e||g&&\"href\"==e)return(c=S(a,e))&&(c=U(a,e)),c;if(\"spellcheck\"==e){c=S(a,e);if(null!==c){if(\"false\"==c.toLowerCase())return\"false\";if(\"true\"==c.toLowerCase())return\"true\"}return U(a,\ne)+\"\"}g=fa[b]||b;if(0\u003C=h(ha,e))return(c=null!==S(a,b)||U(a,g))?\"true\":null;try{var x=U(a,g)}catch(ia){}(e=null==x)||(e=typeof x,e=\"object\"==e&&null!=x||\"function\"==e);e?c=S(a,b):c=x;return null!=c?c.toString():null}var X=[\"se_exportedFunctionSymbol\"],Y=d;X[0]in Y||\"undefined\"==typeof Y.execScript||Y.execScript(\"var \"+X[0]);for(var Z;X.length&&(Z=X.shift());)X.length||void 0===W?Y[Z]&&Y[Z]!==Object.prototype[Z]?Y=Y[Z]:Y=Y[Z]={}:Y[Z]=W;; return this.se_exportedFunctionSymbol.apply(null,arguments);}).apply(window, arguments);}\n).apply(null, arguments);"
}
[1769669277.149][INFO]: Waiting for pending navigations...
[1769669277.150][INFO]: Done waiting for pending navigations. Status: ok
[1769669277.152][INFO]: Waiting for pending navigations...
[1769669277.153][INFO]: Done waiting for pending navigations. Status: ok
[1769669277.153][INFO]: [e9bdbd4df8cae9f7a7b05ef895e65b5c] RESPONSE ExecuteScript "chapter page 8"
[1769669277.154][INFO]: [e9bdbd4df8cae9f7a7b05ef895e65b5c] COMMAND ExecuteScript {
   "args": [ {
      "element-6066-11e4-a52e-4f735466cecf": "f.CAA1FE4C08EC3FB8AD3888983C4001B7.d.728B49898D8128A16D8B333025A9BEAB.e.31"
   }, "currentSrc" ],
   "script": "/* getAttribute */return (function(){return (function(){var d=this||self;function f(a,b){function c(){}c.prototype=b.prototype;a.prototype=new c;a.prototype.constructor=a};var h=Array.prototype.indexOf?function(a,b){return Array.prototype.indexOf.call(a,b,void 0)}:function(a,b){if(\"string\"===typeof a)return\"string\"!==typeof b||1!=b.length?-1:a.indexOf(b,0);for(var c=0;c\u003Ca.length;c++)if(c in a&&a[c]===b)return c;return-1},k=Array.prototype.forEach?function(a,b){Array.prototype.forEach.call(a,b,void 0)}:function(a,b){for(var c=a.length,e=\"string\"===typeof a?a.split(\"\"):a,g=0;g\u003Cc;g++)g in e&&b.call(void 0,e[g],g,a)};function l(a,b){this.code=a;this.a=m[a]||n;this.message=b||\"\";a=this.a.replace(/((?:^|\\s+)[a-z])/g,function(c){return c.toUpperCase().replace(/^[\\s\\xa0]+/g,\"\")});b=a.length-5;if(0>b||a.indexOf(\"Error\",b)!=b)a+=\"Error\";this.name=a;a=Error(this.message);a.name=this.name;this.stack=a.stack||\"\"}f(l,Error);var n=\"unknown error\",m={15:\"element not selectable\",11:\"element not visible\"};m[31]=n;m[30]=n;m[24]=\"invalid cookie domain\";m[29]=\"invalid element coordinates\";m[12]=\"invalid element state\";m[32]=\"invalid selector\";\nm[51]=\"invalid selector\";m[52]=\"invalid selector\";m[17]=\"javascript error\";m[405]=\"unsupported operation\";m[34]=\"move target out of bounds\";m[27]=\"no such alert\";m[7]=\"no such element\";m[8]=\"no such frame\";m[23]=\"no such window\";m[28]=\"script timeout\";m[33]=\"session not created\";m[10]=\"stale element reference\";m[21]=\"timeout\";m[25]=\"unable to set cookie\";m[26]=\"unexpected alert open\";m[13]=n;m[9]=\"unknown command\";var p;a:{var q=d.navigator;if(q){var r=q.userAgent;if(r){p=r;break a}}p=\"\"}function t(a){return-1!=p.indexOf(a)};function u(){return t(\"Firefox\")||t(\"FxiOS\")}function v(){return(t(\"Chrome\")||t(\"CriOS\"))&&!t(\"Edge\")};function w(){return t(\"iPhone\")&&!t(\"iPod\")&&!t(\"iPad\")};var y=t(\"Opera\"),z=t(\"Trident\")||t(\"MSIE\"),A=t(\"Edge\"),B=t(\"Gecko\")&&!(-1!=p.toLowerCase().indexOf(\"webkit\")&&!t(\"Edge\"))&&!(t(\"Trident\")||t(\"MSIE\"))&&!t(\"Edge\"),C=-1!=p.toLowerCase().indexOf(\"webkit\")&&!t(\"Edge\");function D(){var a=d.document;return a?a.documentMode:void 0}var E;\na:{var F=\"\",G=function(){var a=p;if(B)return/rv:([^\\);]+)(\\)|;)/.exec(a);if(A)return/Edge\\/([\\d\\.]+)/.exec(a);if(z)return/\\b(?:MSIE|rv)[: ]([^\\);]+)(\\)|;)/.exec(a);if(C)return/WebKit\\/(\\S+)/.exec(a);if(y)return/(?:Version)[ \\/]?(\\S+)/.exec(a)}();G&&(F=G?G[1]:\"\");if(z){var H=D();if(null!=H&&H>parseFloat(F)){E=String(H);break a}}E=F}var I;I=d.document&&z?D():void 0;var J=u(),K=w()||t(\"iPod\"),L=t(\"iPad\"),M=t(\"Android\")&&!(v()||u()||t(\"Opera\")||t(\"Silk\")),N=v(),aa=t(\"Safari\")&&!(v()||t(\"Coast\")||t(\"Opera\")||t(\"Edge\")||t(\"Edg/\")||t(\"OPR\")||u()||t(\"Silk\")||t(\"Android\"))&&!(w()||t(\"iPad\")||t(\"iPod\"));function O(a){return(a=a.exec(p))?a[1]:\"\"}(function(){if(J)return O(/Firefox\\/([0-9.]+)/);if(z||A||y)return E;if(N)return w()||t(\"iPad\")||t(\"iPod\")?O(/CriOS\\/([0-9.]+)/):O(/Chrome\\/([0-9.]+)/);if(aa&&!(w()||t(\"iPad\")||t(\"iPod\")))return O(/Version\\/([0-9.]+)/);if(K||L){var a=/Version\\/(\\S+).*Mobile\\/(\\S+)/.exec(p);if(a)return a[1]+\".\"+a[2]}else if(M)return(a=O(/Android\\s+([0-9.]+)/))?a:O(/Version\\/([0-9.]+)/);return\"\"})();var P=z&&!(8\u003C=Number(I)),ba=z&&!(9\u003C=Number(I));var ca={SCRIPT:1,STYLE:1,HEAD:1,IFRAME:1,OBJECT:1},Q={IMG:\" \",BR:\"\\n\"};function R(a,b,c){if(!(a.nodeName in ca))if(3==a.nodeType)c?b.push(String(a.nodeValue).replace(/(\\r\\n|\\r|\\n)/g,\"\")):b.push(a.nodeValue);else if(a.nodeName in Q)b.push(Q[a.nodeName]);else for(a=a.firstChild;a;)R(a,b,c),a=a.nextSibling};function S(a,b){b=b.toLowerCase();return\"style\"==b?da(a.style.cssText):P&&\"value\"==b&&T(a,\"INPUT\")?a.value:ba&&!0===a[b]?String(a.getAttribute(b)):(a=a.getAttributeNode(b))&&a.specified?a.value:null}var ea=/[;]+(?=(?:(?:[^\"]*\"){2})*[^\"]*$)(?=(?:(?:[^']*'){2})*[^']*$)(?=(?:[^()]*\\([^()]*\\))*[^()]*$)/;\nfunction da(a){var b=[];k(a.split(ea),function(c){var e=c.indexOf(\":\");0\u003Ce&&(c=[c.slice(0,e),c.slice(e+1)],2==c.length&&b.push(c[0].toLowerCase(),\":\",c[1],\";\"))});b=b.join(\"\");return b=\";\"==b.charAt(b.length-1)?b:b+\";\"}function U(a,b){P&&\"value\"==b&&T(a,\"OPTION\")&&null===S(a,\"value\")?(b=[],R(a,b,!1),a=b.join(\"\")):a=a[b];return a}\nfunction T(a,b){b&&\"string\"!==typeof b&&(b=b.toString());return a instanceof HTMLFormElement?!!a&&1==a.nodeType&&(!b||\"FORM\"==b):!!a&&1==a.nodeType&&(!b||a.tagName.toUpperCase()==b)}function V(a){return T(a,\"OPTION\")?!0:T(a,\"INPUT\")?(a=a.type.toLowerCase(),\"checkbox\"==a||\"radio\"==a):!1};var fa={\"class\":\"className\",readonly:\"readOnly\"},ha=\"allowfullscreen allowpaymentrequest allowusermedia async autofocus autoplay checked compact complete controls declare default defaultchecked defaultselected defer disabled ended formnovalidate hidden indeterminate iscontenteditable ismap itemscope loop multiple muted nohref nomodule noresize noshade novalidate nowrap open paused playsinline pubdate readonly required reversed scoped seamless seeking selected truespeed typemustmatch willvalidate\".split(\" \");function W(a,b){var c=null,e=b.toLowerCase();if(\"style\"==e)return(c=a.style)&&\"string\"!=typeof c&&(c=c.cssText),c;if((\"selected\"==e||\"checked\"==e)&&V(a)){if(!V(a))throw new l(15,\"Element is not selectable\");b=\"selected\";c=a.type&&a.type.toLowerCase();if(\"checkbox\"==c||\"radio\"==c)b=\"checked\";return U(a,b)?\"true\":null}var g=T(a,\"A\");if(T(a,\"IMG\")&&\"src\"==e||g&&\"href\"==e)return(c=S(a,e))&&(c=U(a,e)),c;if(\"spellcheck\"==e){c=S(a,e);if(null!==c){if(\"false\"==c.toLowerCase())return\"false\";if(\"true\"==c.toLowerCase())return\"true\"}return U(a,\ne)+\"\"}g=fa[b]||b;if(0\u003C=h(ha,e))return(c=null!==S(a,b)||U(a,g))?\"true\":null;try{var x=U(a,g)}catch(ia){}(e=null==x)||(e=typeof x,e=\"object\"==e&&null!=x||\"function\"==e);e?c=S(a,b):c=x;return null!=c?c.toString():null}var X=[\"se_exportedFunctionSymbol\"],Y=d;X[0]in Y||\"undefined\"==typeof Y.execScript||Y.execScript(\"var \"+X[0]);for(var Z;X.length&&(Z=X.shift());)X.length||void 0===W?Y[Z]&&Y[Z]!==Object.prototype[Z]?Y=Y[Z]:Y=Y[Z]={}:Y[Z]=W;; return this.se_exportedFunctionSymbol.apply(null,arguments);}).apply(window, arguments);}\n).apply(null, arguments);"
}
[1769669277.154][INFO]: Waiting for pending navigations...
[1769669277.156][INFO]: Done waiting for pending navigations. Status: ok
[1769669277.159][INFO]: Waiting for pending navigations...
[1769669277.159][INFO]: Done waiting for pending navigations. Status: ok
[1769669277.159][INFO]: [e9bdbd4df8cae9f7a7b05ef895e65b5c] RESPONSE ExecuteScript "https://gg.asuracomic.net/storage/media/405813/conversions/07-optimized.webp"
[1769669277.160][INFO]: [e9bdbd4df8cae9f7a7b05ef895e65b5c] COMMAND ExecuteScript {
   "args": [ {
      "element-6066-11e4-a52e-4f735466cecf": "f.CAA1FE4C08EC3FB8AD3888983C4001B7.d.728B49898D8128A16D8B333025A9BEAB.e.32"
   }, "alt" ],
   "script": "/* getAttribute */return (function(){return (function(){var d=this||self;function f(a,b){function c(){}c.prototype=b.prototype;a.prototype=new c;a.prototype.constructor=a};var h=Array.prototype.indexOf?function(a,b){return Array.prototype.indexOf.call(a,b,void 0)}:function(a,b){if(\"string\"===typeof a)return\"string\"!==typeof b||1!=b.length?-1:a.indexOf(b,0);for(var c=0;c\u003Ca.length;c++)if(c in a&&a[c]===b)return c;return-1},k=Array.prototype.forEach?function(a,b){Array.prototype.forEach.call(a,b,void 0)}:function(a,b){for(var c=a.length,e=\"string\"===typeof a?a.split(\"\"):a,g=0;g\u003Cc;g++)g in e&&b.call(void 0,e[g],g,a)};function l(a,b){this.code=a;this.a=m[a]||n;this.message=b||\"\";a=this.a.replace(/((?:^|\\s+)[a-z])/g,function(c){return c.toUpperCase().replace(/^[\\s\\xa0]+/g,\"\")});b=a.length-5;if(0>b||a.indexOf(\"Error\",b)!=b)a+=\"Error\";this.name=a;a=Error(this.message);a.name=this.name;this.stack=a.stack||\"\"}f(l,Error);var n=\"unknown error\",m={15:\"element not selectable\",11:\"element not visible\"};m[31]=n;m[30]=n;m[24]=\"invalid cookie domain\";m[29]=\"invalid element coordinates\";m[12]=\"invalid element state\";m[32]=\"invalid selector\";\nm[51]=\"invalid selector\";m[52]=\"invalid selector\";m[17]=\"javascript error\";m[405]=\"unsupported operation\";m[34]=\"move target out of bounds\";m[27]=\"no such alert\";m[7]=\"no such element\";m[8]=\"no such frame\";m[23]=\"no such window\";m[28]=\"script timeout\";m[33]=\"session not created\";m[10]=\"stale element reference\";m[21]=\"timeout\";m[25]=\"unable to set cookie\";m[26]=\"unexpected alert open\";m[13]=n;m[9]=\"unknown command\";var p;a:{var q=d.navigator;if(q){var r=q.userAgent;if(r){p=r;break a}}p=\"\"}function t(a){return-1!=p.indexOf(a)};function u(){return t(\"Firefox\")||t(\"FxiOS\")}function v(){return(t(\"Chrome\")||t(\"CriOS\"))&&!t(\"Edge\")};function w(){return t(\"iPhone\")&&!t(\"iPod\")&&!t(\"iPad\")};var y=t(\"Opera\"),z=t(\"Trident\")||t(\"MSIE\"),A=t(\"Edge\"),B=t(\"Gecko\")&&!(-1!=p.toLowerCase().indexOf(\"webkit\")&&!t(\"Edge\"))&&!(t(\"Trident\")||t(\"MSIE\"))&&!t(\"Edge\"),C=-1!=p.toLowerCase().indexOf(\"webkit\")&&!t(\"Edge\");function D(){var a=d.document;return a?a.documentMode:void 0}var E;\na:{var F=\"\",G=function(){var a=p;if(B)return/rv:([^\\);]+)(\\)|;)/.exec(a);if(A)return/Edge\\/([\\d\\.]+)/.exec(a);if(z)return/\\b(?:MSIE|rv)[: ]([^\\);]+)(\\)|;)/.exec(a);if(C)return/WebKit\\/(\\S+)/.exec(a);if(y)return/(?:Version)[ \\/]?(\\S+)/.exec(a)}();G&&(F=G?G[1]:\"\");if(z){var H=D();if(null!=H&&H>parseFloat(F)){E=String(H);break a}}E=F}var I;I=d.document&&z?D():void 0;var J=u(),K=w()||t(\"iPod\"),L=t(\"iPad\"),M=t(\"Android\")&&!(v()||u()||t(\"Opera\")||t(\"Silk\")),N=v(),aa=t(\"Safari\")&&!(v()||t(\"Coast\")||t(\"Opera\")||t(\"Edge\")||t(\"Edg/\")||t(\"OPR\")||u()||t(\"Silk\")||t(\"Android\"))&&!(w()||t(\"iPad\")||t(\"iPod\"));function O(a){return(a=a.exec(p))?a[1]:\"\"}(function(){if(J)return O(/Firefox\\/([0-9.]+)/);if(z||A||y)return E;if(N)return w()||t(\"iPad\")||t(\"iPod\")?O(/CriOS\\/([0-9.]+)/):O(/Chrome\\/([0-9.]+)/);if(aa&&!(w()||t(\"iPad\")||t(\"iPod\")))return O(/Version\\/([0-9.]+)/);if(K||L){var a=/Version\\/(\\S+).*Mobile\\/(\\S+)/.exec(p);if(a)return a[1]+\".\"+a[2]}else if(M)return(a=O(/Android\\s+([0-9.]+)/))?a:O(/Version\\/([0-9.]+)/);return\"\"})();var P=z&&!(8\u003C=Number(I)),ba=z&&!(9\u003C=Number(I));var ca={SCRIPT:1,STYLE:1,HEAD:1,IFRAME:1,OBJECT:1},Q={IMG:\" \",BR:\"\\n\"};function R(a,b,c){if(!(a.nodeName in ca))if(3==a.nodeType)c?b.push(String(a.nodeValue).replace(/(\\r\\n|\\r|\\n)/g,\"\")):b.push(a.nodeValue);else if(a.nodeName in Q)b.push(Q[a.nodeName]);else for(a=a.firstChild;a;)R(a,b,c),a=a.nextSibling};function S(a,b){b=b.toLowerCase();return\"style\"==b?da(a.style.cssText):P&&\"value\"==b&&T(a,\"INPUT\")?a.value:ba&&!0===a[b]?String(a.getAttribute(b)):(a=a.getAttributeNode(b))&&a.specified?a.value:null}var ea=/[;]+(?=(?:(?:[^\"]*\"){2})*[^\"]*$)(?=(?:(?:[^']*'){2})*[^']*$)(?=(?:[^()]*\\([^()]*\\))*[^()]*$)/;\nfunction da(a){var b=[];k(a.split(ea),function(c){var e=c.indexOf(\":\");0\u003Ce&&(c=[c.slice(0,e),c.slice(e+1)],2==c.length&&b.push(c[0].toLowerCase(),\":\",c[1],\";\"))});b=b.join(\"\");return b=\";\"==b.charAt(b.length-1)?b:b+\";\"}function U(a,b){P&&\"value\"==b&&T(a,\"OPTION\")&&null===S(a,\"value\")?(b=[],R(a,b,!1),a=b.join(\"\")):a=a[b];return a}\nfunction T(a,b){b&&\"string\"!==typeof b&&(b=b.toString());return a instanceof HTMLFormElement?!!a&&1==a.nodeType&&(!b||\"FORM\"==b):!!a&&1==a.nodeType&&(!b||a.tagName.toUpperCase()==b)}function V(a){return T(a,\"OPTION\")?!0:T(a,\"INPUT\")?(a=a.type.toLowerCase(),\"checkbox\"==a||\"radio\"==a):!1};var fa={\"class\":\"className\",readonly:\"readOnly\"},ha=\"allowfullscreen allowpaymentrequest allowusermedia async autofocus autoplay checked compact complete controls declare default defaultchecked defaultselected defer disabled ended formnovalidate hidden indeterminate iscontenteditable ismap itemscope loop multiple muted nohref nomodule noresize noshade novalidate nowrap open paused playsinline pubdate readonly required reversed scoped seamless seeking selected truespeed typemustmatch willvalidate\".split(\" \");function W(a,b){var c=null,e=b.toLowerCase();if(\"style\"==e)return(c=a.style)&&\"string\"!=typeof c&&(c=c.cssText),c;if((\"selected\"==e||\"checked\"==e)&&V(a)){if(!V(a))throw new l(15,\"Element is not selectable\");b=\"selected\";c=a.type&&a.type.toLowerCase();if(\"checkbox\"==c||\"radio\"==c)b=\"checked\";return U(a,b)?\"true\":null}var g=T(a,\"A\");if(T(a,\"IMG\")&&\"src\"==e||g&&\"href\"==e)return(c=S(a,e))&&(c=U(a,e)),c;if(\"spellcheck\"==e){c=S(a,e);if(null!==c){if(\"false\"==c.toLowerCase())return\"false\";if(\"true\"==c.toLowerCase())return\"true\"}return U(a,\ne)+\"\"}g=fa[b]||b;if(0\u003C=h(ha,e))return(c=null!==S(a,b)||U(a,g))?\"true\":null;try{var x=U(a,g)}catch(ia){}(e=null==x)||(e=typeof x,e=\"object\"==e&&null!=x||\"function\"==e);e?c=S(a,b):c=x;return null!=c?c.toString():null}var X=[\"se_exportedFunctionSymbol\"],Y=d;X[0]in Y||\"undefined\"==typeof Y.execScript||Y.execScript(\"var \"+X[0]);for(var Z;X.length&&(Z=X.shift());)X.length||void 0===W?Y[Z]&&Y[Z]!==Object.prototype[Z]?Y=Y[Z]:Y=Y[Z]={}:Y[Z]=W;; return this.se_exportedFunctionSymbol.apply(null,arguments);}).apply(window, arguments);}\n).apply(null, arguments);"
}
[1769669277.160][INFO]: Waiting for pending navigations...
[1769669277.160][INFO]: Done waiting for pending navigations. Status: ok
[1769669277.163][INFO]: Waiting for pending navigations...
[1769669277.163][INFO]: Done waiting for pending navigations. Status: ok
[1769669277.163][INFO]: [e9bdbd4df8cae9f7a7b05ef895e65b5c] RESPONSE ExecuteScript "chapter page 9"
[1769669277.164][INFO]: [e9bdbd4df8cae9f7a7b05ef895e65b5c] COMMAND ExecuteScript {
   "args": [ {
      "element-6066-11e4-a52e-4f735466cecf": "f.CAA1FE4C08EC3FB8AD3888983C4001B7.d.728B49898D8128A16D8B333025A9BEAB.e.32"
   }, "currentSrc" ],
   "script": "/* getAttribute */return (function(){return (function(){var d=this||self;function f(a,b){function c(){}c.prototype=b.prototype;a.prototype=new c;a.prototype.constructor=a};var h=Array.prototype.indexOf?function(a,b){return Array.prototype.indexOf.call(a,b,void 0)}:function(a,b){if(\"string\"===typeof a)return\"string\"!==typeof b||1!=b.length?-1:a.indexOf(b,0);for(var c=0;c\u003Ca.length;c++)if(c in a&&a[c]===b)return c;return-1},k=Array.prototype.forEach?function(a,b){Array.prototype.forEach.call(a,b,void 0)}:function(a,b){for(var c=a.length,e=\"string\"===typeof a?a.split(\"\"):a,g=0;g\u003Cc;g++)g in e&&b.call(void 0,e[g],g,a)};function l(a,b){this.code=a;this.a=m[a]||n;this.message=b||\"\";a=this.a.replace(/((?:^|\\s+)[a-z])/g,function(c){return c.toUpperCase().replace(/^[\\s\\xa0]+/g,\"\")});b=a.length-5;if(0>b||a.indexOf(\"Error\",b)!=b)a+=\"Error\";this.name=a;a=Error(this.message);a.name=this.name;this.stack=a.stack||\"\"}f(l,Error);var n=\"unknown error\",m={15:\"element not selectable\",11:\"element not visible\"};m[31]=n;m[30]=n;m[24]=\"invalid cookie domain\";m[29]=\"invalid element coordinates\";m[12]=\"invalid element state\";m[32]=\"invalid selector\";\nm[51]=\"invalid selector\";m[52]=\"invalid selector\";m[17]=\"javascript error\";m[405]=\"unsupported operation\";m[34]=\"move target out of bounds\";m[27]=\"no such alert\";m[7]=\"no such element\";m[8]=\"no such frame\";m[23]=\"no such window\";m[28]=\"script timeout\";m[33]=\"session not created\";m[10]=\"stale element reference\";m[21]=\"timeout\";m[25]=\"unable to set cookie\";m[26]=\"unexpected alert open\";m[13]=n;m[9]=\"unknown command\";var p;a:{var q=d.navigator;if(q){var r=q.userAgent;if(r){p=r;break a}}p=\"\"}function t(a){return-1!=p.indexOf(a)};function u(){return t(\"Firefox\")||t(\"FxiOS\")}function v(){return(t(\"Chrome\")||t(\"CriOS\"))&&!t(\"Edge\")};function w(){return t(\"iPhone\")&&!t(\"iPod\")&&!t(\"iPad\")};var y=t(\"Opera\"),z=t(\"Trident\")||t(\"MSIE\"),A=t(\"Edge\"),B=t(\"Gecko\")&&!(-1!=p.toLowerCase().indexOf(\"webkit\")&&!t(\"Edge\"))&&!(t(\"Trident\")||t(\"MSIE\"))&&!t(\"Edge\"),C=-1!=p.toLowerCase().indexOf(\"webkit\")&&!t(\"Edge\");function D(){var a=d.document;return a?a.documentMode:void 0}var E;\na:{var F=\"\",G=function(){var a=p;if(B)return/rv:([^\\);]+)(\\)|;)/.exec(a);if(A)return/Edge\\/([\\d\\.]+)/.exec(a);if(z)return/\\b(?:MSIE|rv)[: ]([^\\);]+)(\\)|;)/.exec(a);if(C)return/WebKit\\/(\\S+)/.exec(a);if(y)return/(?:Version)[ \\/]?(\\S+)/.exec(a)}();G&&(F=G?G[1]:\"\");if(z){var H=D();if(null!=H&&H>parseFloat(F)){E=String(H);break a}}E=F}var I;I=d.document&&z?D():void 0;var J=u(),K=w()||t(\"iPod\"),L=t(\"iPad\"),M=t(\"Android\")&&!(v()||u()||t(\"Opera\")||t(\"Silk\")),N=v(),aa=t(\"Safari\")&&!(v()||t(\"Coast\")||t(\"Opera\")||t(\"Edge\")||t(\"Edg/\")||t(\"OPR\")||u()||t(\"Silk\")||t(\"Android\"))&&!(w()||t(\"iPad\")||t(\"iPod\"));function O(a){return(a=a.exec(p))?a[1]:\"\"}(function(){if(J)return O(/Firefox\\/([0-9.]+)/);if(z||A||y)return E;if(N)return w()||t(\"iPad\")||t(\"iPod\")?O(/CriOS\\/([0-9.]+)/):O(/Chrome\\/([0-9.]+)/);if(aa&&!(w()||t(\"iPad\")||t(\"iPod\")))return O(/Version\\/([0-9.]+)/);if(K||L){var a=/Version\\/(\\S+).*Mobile\\/(\\S+)/.exec(p);if(a)return a[1]+\".\"+a[2]}else if(M)return(a=O(/Android\\s+([0-9.]+)/))?a:O(/Version\\/([0-9.]+)/);return\"\"})();var P=z&&!(8\u003C=Number(I)),ba=z&&!(9\u003C=Number(I));var ca={SCRIPT:1,STYLE:1,HEAD:1,IFRAME:1,OBJECT:1},Q={IMG:\" \",BR:\"\\n\"};function R(a,b,c){if(!(a.nodeName in ca))if(3==a.nodeType)c?b.push(String(a.nodeValue).replace(/(\\r\\n|\\r|\\n)/g,\"\")):b.push(a.nodeValue);else if(a.nodeName in Q)b.push(Q[a.nodeName]);else for(a=a.firstChild;a;)R(a,b,c),a=a.nextSibling};function S(a,b){b=b.toLowerCase();return\"style\"==b?da(a.style.cssText):P&&\"value\"==b&&T(a,\"INPUT\")?a.value:ba&&!0===a[b]?String(a.getAttribute(b)):(a=a.getAttributeNode(b))&&a.specified?a.value:null}var ea=/[;]+(?=(?:(?:[^\"]*\"){2})*[^\"]*$)(?=(?:(?:[^']*'){2})*[^']*$)(?=(?:[^()]*\\([^()]*\\))*[^()]*$)/;\nfunction da(a){var b=[];k(a.split(ea),function(c){var e=c.indexOf(\":\");0\u003Ce&&(c=[c.slice(0,e),c.slice(e+1)],2==c.length&&b.push(c[0].toLowerCase(),\":\",c[1],\";\"))});b=b.join(\"\");return b=\";\"==b.charAt(b.length-1)?b:b+\";\"}function U(a,b){P&&\"value\"==b&&T(a,\"OPTION\")&&null===S(a,\"value\")?(b=[],R(a,b,!1),a=b.join(\"\")):a=a[b];return a}\nfunction T(a,b){b&&\"string\"!==typeof b&&(b=b.toString());return a instanceof HTMLFormElement?!!a&&1==a.nodeType&&(!b||\"FORM\"==b):!!a&&1==a.nodeType&&(!b||a.tagName.toUpperCase()==b)}function V(a){return T(a,\"OPTION\")?!0:T(a,\"INPUT\")?(a=a.type.toLowerCase(),\"checkbox\"==a||\"radio\"==a):!1};var fa={\"class\":\"className\",readonly:\"readOnly\"},ha=\"allowfullscreen allowpaymentrequest allowusermedia async autofocus autoplay checked compact complete controls declare default defaultchecked defaultselected defer disabled ended formnovalidate hidden indeterminate iscontenteditable ismap itemscope loop multiple muted nohref nomodule noresize noshade novalidate nowrap open paused playsinline pubdate readonly required reversed scoped seamless seeking selected truespeed typemustmatch willvalidate\".split(\" \");function W(a,b){var c=null,e=b.toLowerCase();if(\"style\"==e)return(c=a.style)&&\"string\"!=typeof c&&(c=c.cssText),c;if((\"selected\"==e||\"checked\"==e)&&V(a)){if(!V(a))throw new l(15,\"Element is not selectable\");b=\"selected\";c=a.type&&a.type.toLowerCase();if(\"checkbox\"==c||\"radio\"==c)b=\"checked\";return U(a,b)?\"true\":null}var g=T(a,\"A\");if(T(a,\"IMG\")&&\"src\"==e||g&&\"href\"==e)return(c=S(a,e))&&(c=U(a,e)),c;if(\"spellcheck\"==e){c=S(a,e);if(null!==c){if(\"false\"==c.toLowerCase())return\"false\";if(\"true\"==c.toLowerCase())return\"true\"}return U(a,\ne)+\"\"}g=fa[b]||b;if(0\u003C=h(ha,e))return(c=null!==S(a,b)||U(a,g))?\"true\":null;try{var x=U(a,g)}catch(ia){}(e=null==x)||(e=typeof x,e=\"object\"==e&&null!=x||\"function\"==e);e?c=S(a,b):c=x;return null!=c?c.toString():null}var X=[\"se_exportedFunctionSymbol\"],Y=d;X[0]in Y||\"undefined\"==typeof Y.execScript||Y.execScript(\"var \"+X[0]);for(var Z;X.length&&(Z=X.shift());)X.length||void 0===W?Y[Z]&&Y[Z]!==Object.prototype[Z]?Y=Y[Z]:Y=Y[Z]={}:Y[Z]=W;; return this.se_exportedFunctionSymbol.apply(null,arguments);}).apply(window, arguments);}\n).apply(null, arguments);"
}
[1769669277.164][INFO]: Waiting for pending navigations...
[1769669277.165][INFO]: Done waiting for pending navigations. Status: ok
[1769669277.167][INFO]: Waiting for pending navigations...
[1769669277.167][INFO]: Done waiting for pending navigations. Status: ok
[1769669277.167][INFO]: [e9bdbd4df8cae9f7a7b05ef895e65b5c] RESPONSE ExecuteScript "https://gg.asuracomic.net/storage/media/405814/conversions/08-optimized.webp"
[1769669277.168][INFO]: [e9bdbd4df8cae9f7a7b05ef895e65b5c] COMMAND ExecuteScript {
   "args": [ {
      "element-6066-11e4-a52e-4f735466cecf": "f.CAA1FE4C08EC3FB8AD3888983C4001B7.d.728B49898D8128A16D8B333025A9BEAB.e.33"
   }, "alt" ],
   "script": "/* getAttribute */return (function(){return (function(){var d=this||self;function f(a,b){function c(){}c.prototype=b.prototype;a.prototype=new c;a.prototype.constructor=a};var h=Array.prototype.indexOf?function(a,b){return Array.prototype.indexOf.call(a,b,void 0)}:function(a,b){if(\"string\"===typeof a)return\"string\"!==typeof b||1!=b.length?-1:a.indexOf(b,0);for(var c=0;c\u003Ca.length;c++)if(c in a&&a[c]===b)return c;return-1},k=Array.prototype.forEach?function(a,b){Array.prototype.forEach.call(a,b,void 0)}:function(a,b){for(var c=a.length,e=\"string\"===typeof a?a.split(\"\"):a,g=0;g\u003Cc;g++)g in e&&b.call(void 0,e[g],g,a)};function l(a,b){this.code=a;this.a=m[a]||n;this.message=b||\"\";a=this.a.replace(/((?:^|\\s+)[a-z])/g,function(c){return c.toUpperCase().replace(/^[\\s\\xa0]+/g,\"\")});b=a.length-5;if(0>b||a.indexOf(\"Error\",b)!=b)a+=\"Error\";this.name=a;a=Error(this.message);a.name=this.name;this.stack=a.stack||\"\"}f(l,Error);var n=\"unknown error\",m={15:\"element not selectable\",11:\"element not visible\"};m[31]=n;m[30]=n;m[24]=\"invalid cookie domain\";m[29]=\"invalid element coordinates\";m[12]=\"invalid element state\";m[32]=\"invalid selector\";\nm[51]=\"invalid selector\";m[52]=\"invalid selector\";m[17]=\"javascript error\";m[405]=\"unsupported operation\";m[34]=\"move target out of bounds\";m[27]=\"no such alert\";m[7]=\"no such element\";m[8]=\"no such frame\";m[23]=\"no such window\";m[28]=\"script timeout\";m[33]=\"session not created\";m[10]=\"stale element reference\";m[21]=\"timeout\";m[25]=\"unable to set cookie\";m[26]=\"unexpected alert open\";m[13]=n;m[9]=\"unknown command\";var p;a:{var q=d.navigator;if(q){var r=q.userAgent;if(r){p=r;break a}}p=\"\"}function t(a){return-1!=p.indexOf(a)};function u(){return t(\"Firefox\")||t(\"FxiOS\")}function v(){return(t(\"Chrome\")||t(\"CriOS\"))&&!t(\"Edge\")};function w(){return t(\"iPhone\")&&!t(\"iPod\")&&!t(\"iPad\")};var y=t(\"Opera\"),z=t(\"Trident\")||t(\"MSIE\"),A=t(\"Edge\"),B=t(\"Gecko\")&&!(-1!=p.toLowerCase().indexOf(\"webkit\")&&!t(\"Edge\"))&&!(t(\"Trident\")||t(\"MSIE\"))&&!t(\"Edge\"),C=-1!=p.toLowerCase().indexOf(\"webkit\")&&!t(\"Edge\");function D(){var a=d.document;return a?a.documentMode:void 0}var E;\na:{var F=\"\",G=function(){var a=p;if(B)return/rv:([^\\);]+)(\\)|;)/.exec(a);if(A)return/Edge\\/([\\d\\.]+)/.exec(a);if(z)return/\\b(?:MSIE|rv)[: ]([^\\);]+)(\\)|;)/.exec(a);if(C)return/WebKit\\/(\\S+)/.exec(a);if(y)return/(?:Version)[ \\/]?(\\S+)/.exec(a)}();G&&(F=G?G[1]:\"\");if(z){var H=D();if(null!=H&&H>parseFloat(F)){E=String(H);break a}}E=F}var I;I=d.document&&z?D():void 0;var J=u(),K=w()||t(\"iPod\"),L=t(\"iPad\"),M=t(\"Android\")&&!(v()||u()||t(\"Opera\")||t(\"Silk\")),N=v(),aa=t(\"Safari\")&&!(v()||t(\"Coast\")||t(\"Opera\")||t(\"Edge\")||t(\"Edg/\")||t(\"OPR\")||u()||t(\"Silk\")||t(\"Android\"))&&!(w()||t(\"iPad\")||t(\"iPod\"));function O(a){return(a=a.exec(p))?a[1]:\"\"}(function(){if(J)return O(/Firefox\\/([0-9.]+)/);if(z||A||y)return E;if(N)return w()||t(\"iPad\")||t(\"iPod\")?O(/CriOS\\/([0-9.]+)/):O(/Chrome\\/([0-9.]+)/);if(aa&&!(w()||t(\"iPad\")||t(\"iPod\")))return O(/Version\\/([0-9.]+)/);if(K||L){var a=/Version\\/(\\S+).*Mobile\\/(\\S+)/.exec(p);if(a)return a[1]+\".\"+a[2]}else if(M)return(a=O(/Android\\s+([0-9.]+)/))?a:O(/Version\\/([0-9.]+)/);return\"\"})();var P=z&&!(8\u003C=Number(I)),ba=z&&!(9\u003C=Number(I));var ca={SCRIPT:1,STYLE:1,HEAD:1,IFRAME:1,OBJECT:1},Q={IMG:\" \",BR:\"\\n\"};function R(a,b,c){if(!(a.nodeName in ca))if(3==a.nodeType)c?b.push(String(a.nodeValue).replace(/(\\r\\n|\\r|\\n)/g,\"\")):b.push(a.nodeValue);else if(a.nodeName in Q)b.push(Q[a.nodeName]);else for(a=a.firstChild;a;)R(a,b,c),a=a.nextSibling};function S(a,b){b=b.toLowerCase();return\"style\"==b?da(a.style.cssText):P&&\"value\"==b&&T(a,\"INPUT\")?a.value:ba&&!0===a[b]?String(a.getAttribute(b)):(a=a.getAttributeNode(b))&&a.specified?a.value:null}var ea=/[;]+(?=(?:(?:[^\"]*\"){2})*[^\"]*$)(?=(?:(?:[^']*'){2})*[^']*$)(?=(?:[^()]*\\([^()]*\\))*[^()]*$)/;\nfunction da(a){var b=[];k(a.split(ea),function(c){var e=c.indexOf(\":\");0\u003Ce&&(c=[c.slice(0,e),c.slice(e+1)],2==c.length&&b.push(c[0].toLowerCase(),\":\",c[1],\";\"))});b=b.join(\"\");return b=\";\"==b.charAt(b.length-1)?b:b+\";\"}function U(a,b){P&&\"value\"==b&&T(a,\"OPTION\")&&null===S(a,\"value\")?(b=[],R(a,b,!1),a=b.join(\"\")):a=a[b];return a}\nfunction T(a,b){b&&\"string\"!==typeof b&&(b=b.toString());return a instanceof HTMLFormElement?!!a&&1==a.nodeType&&(!b||\"FORM\"==b):!!a&&1==a.nodeType&&(!b||a.tagName.toUpperCase()==b)}function V(a){return T(a,\"OPTION\")?!0:T(a,\"INPUT\")?(a=a.type.toLowerCase(),\"checkbox\"==a||\"radio\"==a):!1};var fa={\"class\":\"className\",readonly:\"readOnly\"},ha=\"allowfullscreen allowpaymentrequest allowusermedia async autofocus autoplay checked compact complete controls declare default defaultchecked defaultselected defer disabled ended formnovalidate hidden indeterminate iscontenteditable ismap itemscope loop multiple muted nohref nomodule noresize noshade novalidate nowrap open paused playsinline pubdate readonly required reversed scoped seamless seeking selected truespeed typemustmatch willvalidate\".split(\" \");function W(a,b){var c=null,e=b.toLowerCase();if(\"style\"==e)return(c=a.style)&&\"string\"!=typeof c&&(c=c.cssText),c;if((\"selected\"==e||\"checked\"==e)&&V(a)){if(!V(a))throw new l(15,\"Element is not selectable\");b=\"selected\";c=a.type&&a.type.toLowerCase();if(\"checkbox\"==c||\"radio\"==c)b=\"checked\";return U(a,b)?\"true\":null}var g=T(a,\"A\");if(T(a,\"IMG\")&&\"src\"==e||g&&\"href\"==e)return(c=S(a,e))&&(c=U(a,e)),c;if(\"spellcheck\"==e){c=S(a,e);if(null!==c){if(\"false\"==c.toLowerCase())return\"false\";if(\"true\"==c.toLowerCase())return\"true\"}return U(a,\ne)+\"\"}g=fa[b]||b;if(0\u003C=h(ha,e))return(c=null!==S(a,b)||U(a,g))?\"true\":null;try{var x=U(a,g)}catch(ia){}(e=null==x)||(e=typeof x,e=\"object\"==e&&null!=x||\"function\"==e);e?c=S(a,b):c=x;return null!=c?c.toString():null}var X=[\"se_exportedFunctionSymbol\"],Y=d;X[0]in Y||\"undefined\"==typeof Y.execScript||Y.execScript(\"var \"+X[0]);for(var Z;X.length&&(Z=X.shift());)X.length||void 0===W?Y[Z]&&Y[Z]!==Object.prototype[Z]?Y=Y[Z]:Y=Y[Z]={}:Y[Z]=W;; return this.se_exportedFunctionSymbol.apply(null,arguments);}).apply(window, arguments);}\n).apply(null, arguments);"
}
[1769669277.169][INFO]: Waiting for pending navigations...
[1769669277.169][INFO]: Done waiting for pending navigations. Status: ok
[1769669277.173][INFO]: Waiting for pending navigations...
[1769669277.173][INFO]: Done waiting for pending navigations. Status: ok
[1769669277.173][INFO]: [e9bdbd4df8cae9f7a7b05ef895e65b5c] RESPONSE ExecuteScript "chapter page 10"
[1769669277.174][INFO]: [e9bdbd4df8cae9f7a7b05ef895e65b5c] COMMAND ExecuteScript {
   "args": [ {
      "element-6066-11e4-a52e-4f735466cecf": "f.CAA1FE4C08EC3FB8AD3888983C4001B7.d.728B49898D8128A16D8B333025A9BEAB.e.33"
   }, "currentSrc" ],
   "script": "/* getAttribute */return (function(){return (function(){var d=this||self;function f(a,b){function c(){}c.prototype=b.prototype;a.prototype=new c;a.prototype.constructor=a};var h=Array.prototype.indexOf?function(a,b){return Array.prototype.indexOf.call(a,b,void 0)}:function(a,b){if(\"string\"===typeof a)return\"string\"!==typeof b||1!=b.length?-1:a.indexOf(b,0);for(var c=0;c\u003Ca.length;c++)if(c in a&&a[c]===b)return c;return-1},k=Array.prototype.forEach?function(a,b){Array.prototype.forEach.call(a,b,void 0)}:function(a,b){for(var c=a.length,e=\"string\"===typeof a?a.split(\"\"):a,g=0;g\u003Cc;g++)g in e&&b.call(void 0,e[g],g,a)};function l(a,b){this.code=a;this.a=m[a]||n;this.message=b||\"\";a=this.a.replace(/((?:^|\\s+)[a-z])/g,function(c){return c.toUpperCase().replace(/^[\\s\\xa0]+/g,\"\")});b=a.length-5;if(0>b||a.indexOf(\"Error\",b)!=b)a+=\"Error\";this.name=a;a=Error(this.message);a.name=this.name;this.stack=a.stack||\"\"}f(l,Error);var n=\"unknown error\",m={15:\"element not selectable\",11:\"element not visible\"};m[31]=n;m[30]=n;m[24]=\"invalid cookie domain\";m[29]=\"invalid element coordinates\";m[12]=\"invalid element state\";m[32]=\"invalid selector\";\nm[51]=\"invalid selector\";m[52]=\"invalid selector\";m[17]=\"javascript error\";m[405]=\"unsupported operation\";m[34]=\"move target out of bounds\";m[27]=\"no such alert\";m[7]=\"no such element\";m[8]=\"no such frame\";m[23]=\"no such window\";m[28]=\"script timeout\";m[33]=\"session not created\";m[10]=\"stale element reference\";m[21]=\"timeout\";m[25]=\"unable to set cookie\";m[26]=\"unexpected alert open\";m[13]=n;m[9]=\"unknown command\";var p;a:{var q=d.navigator;if(q){var r=q.userAgent;if(r){p=r;break a}}p=\"\"}function t(a){return-1!=p.indexOf(a)};function u(){return t(\"Firefox\")||t(\"FxiOS\")}function v(){return(t(\"Chrome\")||t(\"CriOS\"))&&!t(\"Edge\")};function w(){return t(\"iPhone\")&&!t(\"iPod\")&&!t(\"iPad\")};var y=t(\"Opera\"),z=t(\"Trident\")||t(\"MSIE\"),A=t(\"Edge\"),B=t(\"Gecko\")&&!(-1!=p.toLowerCase().indexOf(\"webkit\")&&!t(\"Edge\"))&&!(t(\"Trident\")||t(\"MSIE\"))&&!t(\"Edge\"),C=-1!=p.toLowerCase().indexOf(\"webkit\")&&!t(\"Edge\");function D(){var a=d.document;return a?a.documentMode:void 0}var E;\na:{var F=\"\",G=function(){var a=p;if(B)return/rv:([^\\);]+)(\\)|;)/.exec(a);if(A)return/Edge\\/([\\d\\.]+)/.exec(a);if(z)return/\\b(?:MSIE|rv)[: ]([^\\);]+)(\\)|;)/.exec(a);if(C)return/WebKit\\/(\\S+)/.exec(a);if(y)return/(?:Version)[ \\/]?(\\S+)/.exec(a)}();G&&(F=G?G[1]:\"\");if(z){var H=D();if(null!=H&&H>parseFloat(F)){E=String(H);break a}}E=F}var I;I=d.document&&z?D():void 0;var J=u(),K=w()||t(\"iPod\"),L=t(\"iPad\"),M=t(\"Android\")&&!(v()||u()||t(\"Opera\")||t(\"Silk\")),N=v(),aa=t(\"Safari\")&&!(v()||t(\"Coast\")||t(\"Opera\")||t(\"Edge\")||t(\"Edg/\")||t(\"OPR\")||u()||t(\"Silk\")||t(\"Android\"))&&!(w()||t(\"iPad\")||t(\"iPod\"));function O(a){return(a=a.exec(p))?a[1]:\"\"}(function(){if(J)return O(/Firefox\\/([0-9.]+)/);if(z||A||y)return E;if(N)return w()||t(\"iPad\")||t(\"iPod\")?O(/CriOS\\/([0-9.]+)/):O(/Chrome\\/([0-9.]+)/);if(aa&&!(w()||t(\"iPad\")||t(\"iPod\")))return O(/Version\\/([0-9.]+)/);if(K||L){var a=/Version\\/(\\S+).*Mobile\\/(\\S+)/.exec(p);if(a)return a[1]+\".\"+a[2]}else if(M)return(a=O(/Android\\s+([0-9.]+)/))?a:O(/Version\\/([0-9.]+)/);return\"\"})();var P=z&&!(8\u003C=Number(I)),ba=z&&!(9\u003C=Number(I));var ca={SCRIPT:1,STYLE:1,HEAD:1,IFRAME:1,OBJECT:1},Q={IMG:\" \",BR:\"\\n\"};function R(a,b,c){if(!(a.nodeName in ca))if(3==a.nodeType)c?b.push(String(a.nodeValue).replace(/(\\r\\n|\\r|\\n)/g,\"\")):b.push(a.nodeValue);else if(a.nodeName in Q)b.push(Q[a.nodeName]);else for(a=a.firstChild;a;)R(a,b,c),a=a.nextSibling};function S(a,b){b=b.toLowerCase();return\"style\"==b?da(a.style.cssText):P&&\"value\"==b&&T(a,\"INPUT\")?a.value:ba&&!0===a[b]?String(a.getAttribute(b)):(a=a.getAttributeNode(b))&&a.specified?a.value:null}var ea=/[;]+(?=(?:(?:[^\"]*\"){2})*[^\"]*$)(?=(?:(?:[^']*'){2})*[^']*$)(?=(?:[^()]*\\([^()]*\\))*[^()]*$)/;\nfunction da(a){var b=[];k(a.split(ea),function(c){var e=c.indexOf(\":\");0\u003Ce&&(c=[c.slice(0,e),c.slice(e+1)],2==c.length&&b.push(c[0].toLowerCase(),\":\",c[1],\";\"))});b=b.join(\"\");return b=\";\"==b.charAt(b.length-1)?b:b+\";\"}function U(a,b){P&&\"value\"==b&&T(a,\"OPTION\")&&null===S(a,\"value\")?(b=[],R(a,b,!1),a=b.join(\"\")):a=a[b];return a}\nfunction T(a,b){b&&\"string\"!==typeof b&&(b=b.toString());return a instanceof HTMLFormElement?!!a&&1==a.nodeType&&(!b||\"FORM\"==b):!!a&&1==a.nodeType&&(!b||a.tagName.toUpperCase()==b)}function V(a){return T(a,\"OPTION\")?!0:T(a,\"INPUT\")?(a=a.type.toLowerCase(),\"checkbox\"==a||\"radio\"==a):!1};var fa={\"class\":\"className\",readonly:\"readOnly\"},ha=\"allowfullscreen allowpaymentrequest allowusermedia async autofocus autoplay checked compact complete controls declare default defaultchecked defaultselected defer disabled ended formnovalidate hidden indeterminate iscontenteditable ismap itemscope loop multiple muted nohref nomodule noresize noshade novalidate nowrap open paused playsinline pubdate readonly required reversed scoped seamless seeking selected truespeed typemustmatch willvalidate\".split(\" \");function W(a,b){var c=null,e=b.toLowerCase();if(\"style\"==e)return(c=a.style)&&\"string\"!=typeof c&&(c=c.cssText),c;if((\"selected\"==e||\"checked\"==e)&&V(a)){if(!V(a))throw new l(15,\"Element is not selectable\");b=\"selected\";c=a.type&&a.type.toLowerCase();if(\"checkbox\"==c||\"radio\"==c)b=\"checked\";return U(a,b)?\"true\":null}var g=T(a,\"A\");if(T(a,\"IMG\")&&\"src\"==e||g&&\"href\"==e)return(c=S(a,e))&&(c=U(a,e)),c;if(\"spellcheck\"==e){c=S(a,e);if(null!==c){if(\"false\"==c.toLowerCase())return\"false\";if(\"true\"==c.toLowerCase())return\"true\"}return U(a,\ne)+\"\"}g=fa[b]||b;if(0\u003C=h(ha,e))return(c=null!==S(a,b)||U(a,g))?\"true\":null;try{var x=U(a,g)}catch(ia){}(e=null==x)||(e=typeof x,e=\"object\"==e&&null!=x||\"function\"==e);e?c=S(a,b):c=x;return null!=c?c.toString():null}var X=[\"se_exportedFunctionSymbol\"],Y=d;X[0]in Y||\"undefined\"==typeof Y.execScript||Y.execScript(\"var \"+X[0]);for(var Z;X.length&&(Z=X.shift());)X.length||void 0===W?Y[Z]&&Y[Z]!==Object.prototype[Z]?Y=Y[Z]:Y=Y[Z]={}:Y[Z]=W;; return this.se_exportedFunctionSymbol.apply(null,arguments);}).apply(window, arguments);}\n).apply(null, arguments);"
}
[1769669277.174][INFO]: Waiting for pending navigations...
[1769669277.175][INFO]: Done waiting for pending navigations. Status: ok
[1769669277.177][INFO]: Waiting for pending navigations...
[1769669277.178][INFO]: Done waiting for pending navigations. Status: ok
[1769669277.178][INFO]: [e9bdbd4df8cae9f7a7b05ef895e65b5c] RESPONSE ExecuteScript "https://gg.asuracomic.net/storage/media/405815/conversions/09-optimized.webp"
[1769669277.179][INFO]: [e9bdbd4df8cae9f7a7b05ef895e65b5c] COMMAND ExecuteScript {
   "args": [ {
      "element-6066-11e4-a52e-4f735466cecf": "f.CAA1FE4C08EC3FB8AD3888983C4001B7.d.728B49898D8128A16D8B333025A9BEAB.e.34"
   }, "alt" ],
   "script": "/* getAttribute */return (function(){return (function(){var d=this||self;function f(a,b){function c(){}c.prototype=b.prototype;a.prototype=new c;a.prototype.constructor=a};var h=Array.prototype.indexOf?function(a,b){return Array.prototype.indexOf.call(a,b,void 0)}:function(a,b){if(\"string\"===typeof a)return\"string\"!==typeof b||1!=b.length?-1:a.indexOf(b,0);for(var c=0;c\u003Ca.length;c++)if(c in a&&a[c]===b)return c;return-1},k=Array.prototype.forEach?function(a,b){Array.prototype.forEach.call(a,b,void 0)}:function(a,b){for(var c=a.length,e=\"string\"===typeof a?a.split(\"\"):a,g=0;g\u003Cc;g++)g in e&&b.call(void 0,e[g],g,a)};function l(a,b){this.code=a;this.a=m[a]||n;this.message=b||\"\";a=this.a.replace(/((?:^|\\s+)[a-z])/g,function(c){return c.toUpperCase().replace(/^[\\s\\xa0]+/g,\"\")});b=a.length-5;if(0>b||a.indexOf(\"Error\",b)!=b)a+=\"Error\";this.name=a;a=Error(this.message);a.name=this.name;this.stack=a.stack||\"\"}f(l,Error);var n=\"unknown error\",m={15:\"element not selectable\",11:\"element not visible\"};m[31]=n;m[30]=n;m[24]=\"invalid cookie domain\";m[29]=\"invalid element coordinates\";m[12]=\"invalid element state\";m[32]=\"invalid selector\";\nm[51]=\"invalid selector\";m[52]=\"invalid selector\";m[17]=\"javascript error\";m[405]=\"unsupported operation\";m[34]=\"move target out of bounds\";m[27]=\"no such alert\";m[7]=\"no such element\";m[8]=\"no such frame\";m[23]=\"no such window\";m[28]=\"script timeout\";m[33]=\"session not created\";m[10]=\"stale element reference\";m[21]=\"timeout\";m[25]=\"unable to set cookie\";m[26]=\"unexpected alert open\";m[13]=n;m[9]=\"unknown command\";var p;a:{var q=d.navigator;if(q){var r=q.userAgent;if(r){p=r;break a}}p=\"\"}function t(a){return-1!=p.indexOf(a)};function u(){return t(\"Firefox\")||t(\"FxiOS\")}function v(){return(t(\"Chrome\")||t(\"CriOS\"))&&!t(\"Edge\")};function w(){return t(\"iPhone\")&&!t(\"iPod\")&&!t(\"iPad\")};var y=t(\"Opera\"),z=t(\"Trident\")||t(\"MSIE\"),A=t(\"Edge\"),B=t(\"Gecko\")&&!(-1!=p.toLowerCase().indexOf(\"webkit\")&&!t(\"Edge\"))&&!(t(\"Trident\")||t(\"MSIE\"))&&!t(\"Edge\"),C=-1!=p.toLowerCase().indexOf(\"webkit\")&&!t(\"Edge\");function D(){var a=d.document;return a?a.documentMode:void 0}var E;\na:{var F=\"\",G=function(){var a=p;if(B)return/rv:([^\\);]+)(\\)|;)/.exec(a);if(A)return/Edge\\/([\\d\\.]+)/.exec(a);if(z)return/\\b(?:MSIE|rv)[: ]([^\\);]+)(\\)|;)/.exec(a);if(C)return/WebKit\\/(\\S+)/.exec(a);if(y)return/(?:Version)[ \\/]?(\\S+)/.exec(a)}();G&&(F=G?G[1]:\"\");if(z){var H=D();if(null!=H&&H>parseFloat(F)){E=String(H);break a}}E=F}var I;I=d.document&&z?D():void 0;var J=u(),K=w()||t(\"iPod\"),L=t(\"iPad\"),M=t(\"Android\")&&!(v()||u()||t(\"Opera\")||t(\"Silk\")),N=v(),aa=t(\"Safari\")&&!(v()||t(\"Coast\")||t(\"Opera\")||t(\"Edge\")||t(\"Edg/\")||t(\"OPR\")||u()||t(\"Silk\")||t(\"Android\"))&&!(w()||t(\"iPad\")||t(\"iPod\"));function O(a){return(a=a.exec(p))?a[1]:\"\"}(function(){if(J)return O(/Firefox\\/([0-9.]+)/);if(z||A||y)return E;if(N)return w()||t(\"iPad\")||t(\"iPod\")?O(/CriOS\\/([0-9.]+)/):O(/Chrome\\/([0-9.]+)/);if(aa&&!(w()||t(\"iPad\")||t(\"iPod\")))return O(/Version\\/([0-9.]+)/);if(K||L){var a=/Version\\/(\\S+).*Mobile\\/(\\S+)/.exec(p);if(a)return a[1]+\".\"+a[2]}else if(M)return(a=O(/Android\\s+([0-9.]+)/))?a:O(/Version\\/([0-9.]+)/);return\"\"})();var P=z&&!(8\u003C=Number(I)),ba=z&&!(9\u003C=Number(I));var ca={SCRIPT:1,STYLE:1,HEAD:1,IFRAME:1,OBJECT:1},Q={IMG:\" \",BR:\"\\n\"};function R(a,b,c){if(!(a.nodeName in ca))if(3==a.nodeType)c?b.push(String(a.nodeValue).replace(/(\\r\\n|\\r|\\n)/g,\"\")):b.push(a.nodeValue);else if(a.nodeName in Q)b.push(Q[a.nodeName]);else for(a=a.firstChild;a;)R(a,b,c),a=a.nextSibling};function S(a,b){b=b.toLowerCase();return\"style\"==b?da(a.style.cssText):P&&\"value\"==b&&T(a,\"INPUT\")?a.value:ba&&!0===a[b]?String(a.getAttribute(b)):(a=a.getAttributeNode(b))&&a.specified?a.value:null}var ea=/[;]+(?=(?:(?:[^\"]*\"){2})*[^\"]*$)(?=(?:(?:[^']*'){2})*[^']*$)(?=(?:[^()]*\\([^()]*\\))*[^()]*$)/;\nfunction da(a){var b=[];k(a.split(ea),function(c){var e=c.indexOf(\":\");0\u003Ce&&(c=[c.slice(0,e),c.slice(e+1)],2==c.length&&b.push(c[0].toLowerCase(),\":\",c[1],\";\"))});b=b.join(\"\");return b=\";\"==b.charAt(b.length-1)?b:b+\";\"}function U(a,b){P&&\"value\"==b&&T(a,\"OPTION\")&&null===S(a,\"value\")?(b=[],R(a,b,!1),a=b.join(\"\")):a=a[b];return a}\nfunction T(a,b){b&&\"string\"!==typeof b&&(b=b.toString());return a instanceof HTMLFormElement?!!a&&1==a.nodeType&&(!b||\"FORM\"==b):!!a&&1==a.nodeType&&(!b||a.tagName.toUpperCase()==b)}function V(a){return T(a,\"OPTION\")?!0:T(a,\"INPUT\")?(a=a.type.toLowerCase(),\"checkbox\"==a||\"radio\"==a):!1};var fa={\"class\":\"className\",readonly:\"readOnly\"},ha=\"allowfullscreen allowpaymentrequest allowusermedia async autofocus autoplay checked compact complete controls declare default defaultchecked defaultselected defer disabled ended formnovalidate hidden indeterminate iscontenteditable ismap itemscope loop multiple muted nohref nomodule noresize noshade novalidate nowrap open paused playsinline pubdate readonly required reversed scoped seamless seeking selected truespeed typemustmatch willvalidate\".split(\" \");function W(a,b){var c=null,e=b.toLowerCase();if(\"style\"==e)return(c=a.style)&&\"string\"!=typeof c&&(c=c.cssText),c;if((\"selected\"==e||\"checked\"==e)&&V(a)){if(!V(a))throw new l(15,\"Element is not selectable\");b=\"selected\";c=a.type&&a.type.toLowerCase();if(\"checkbox\"==c||\"radio\"==c)b=\"checked\";return U(a,b)?\"true\":null}var g=T(a,\"A\");if(T(a,\"IMG\")&&\"src\"==e||g&&\"href\"==e)return(c=S(a,e))&&(c=U(a,e)),c;if(\"spellcheck\"==e){c=S(a,e);if(null!==c){if(\"false\"==c.toLowerCase())return\"false\";if(\"true\"==c.toLowerCase())return\"true\"}return U(a,\ne)+\"\"}g=fa[b]||b;if(0\u003C=h(ha,e))return(c=null!==S(a,b)||U(a,g))?\"true\":null;try{var x=U(a,g)}catch(ia){}(e=null==x)||(e=typeof x,e=\"object\"==e&&null!=x||\"function\"==e);e?c=S(a,b):c=x;return null!=c?c.toString():null}var X=[\"se_exportedFunctionSymbol\"],Y=d;X[0]in Y||\"undefined\"==typeof Y.execScript||Y.execScript(\"var \"+X[0]);for(var Z;X.length&&(Z=X.shift());)X.length||void 0===W?Y[Z]&&Y[Z]!==Object.prototype[Z]?Y=Y[Z]:Y=Y[Z]={}:Y[Z]=W;; return this.se_exportedFunctionSymbol.apply(null,arguments);}).apply(window, arguments);}\n).apply(null, arguments);"
}
[1769669277.179][INFO]: Waiting for pending navigations...
[1769669277.179][INFO]: Done waiting for pending navigations. Status: ok
[1769669277.181][INFO]: Waiting for pending navigations...
[1769669277.181][INFO]: Done waiting for pending navigations. Status: ok
[1769669277.181][INFO]: [e9bdbd4df8cae9f7a7b05ef895e65b5c] RESPONSE ExecuteScript "chapter page 11"
[1769669277.182][INFO]: [e9bdbd4df8cae9f7a7b05ef895e65b5c] COMMAND ExecuteScript {
   "args": [ {
      "element-6066-11e4-a52e-4f735466cecf": "f.CAA1FE4C08EC3FB8AD3888983C4001B7.d.728B49898D8128A16D8B333025A9BEAB.e.34"
   }, "currentSrc" ],
   "script": "/* getAttribute */return (function(){return (function(){var d=this||self;function f(a,b){function c(){}c.prototype=b.prototype;a.prototype=new c;a.prototype.constructor=a};var h=Array.prototype.indexOf?function(a,b){return Array.prototype.indexOf.call(a,b,void 0)}:function(a,b){if(\"string\"===typeof a)return\"string\"!==typeof b||1!=b.length?-1:a.indexOf(b,0);for(var c=0;c\u003Ca.length;c++)if(c in a&&a[c]===b)return c;return-1},k=Array.prototype.forEach?function(a,b){Array.prototype.forEach.call(a,b,void 0)}:function(a,b){for(var c=a.length,e=\"string\"===typeof a?a.split(\"\"):a,g=0;g\u003Cc;g++)g in e&&b.call(void 0,e[g],g,a)};function l(a,b){this.code=a;this.a=m[a]||n;this.message=b||\"\";a=this.a.replace(/((?:^|\\s+)[a-z])/g,function(c){return c.toUpperCase().replace(/^[\\s\\xa0]+/g,\"\")});b=a.length-5;if(0>b||a.indexOf(\"Error\",b)!=b)a+=\"Error\";this.name=a;a=Error(this.message);a.name=this.name;this.stack=a.stack||\"\"}f(l,Error);var n=\"unknown error\",m={15:\"element not selectable\",11:\"element not visible\"};m[31]=n;m[30]=n;m[24]=\"invalid cookie domain\";m[29]=\"invalid element coordinates\";m[12]=\"invalid element state\";m[32]=\"invalid selector\";\nm[51]=\"invalid selector\";m[52]=\"invalid selector\";m[17]=\"javascript error\";m[405]=\"unsupported operation\";m[34]=\"move target out of bounds\";m[27]=\"no such alert\";m[7]=\"no such element\";m[8]=\"no such frame\";m[23]=\"no such window\";m[28]=\"script timeout\";m[33]=\"session not created\";m[10]=\"stale element reference\";m[21]=\"timeout\";m[25]=\"unable to set cookie\";m[26]=\"unexpected alert open\";m[13]=n;m[9]=\"unknown command\";var p;a:{var q=d.navigator;if(q){var r=q.userAgent;if(r){p=r;break a}}p=\"\"}function t(a){return-1!=p.indexOf(a)};function u(){return t(\"Firefox\")||t(\"FxiOS\")}function v(){return(t(\"Chrome\")||t(\"CriOS\"))&&!t(\"Edge\")};function w(){return t(\"iPhone\")&&!t(\"iPod\")&&!t(\"iPad\")};var y=t(\"Opera\"),z=t(\"Trident\")||t(\"MSIE\"),A=t(\"Edge\"),B=t(\"Gecko\")&&!(-1!=p.toLowerCase().indexOf(\"webkit\")&&!t(\"Edge\"))&&!(t(\"Trident\")||t(\"MSIE\"))&&!t(\"Edge\"),C=-1!=p.toLowerCase().indexOf(\"webkit\")&&!t(\"Edge\");function D(){var a=d.document;return a?a.documentMode:void 0}var E;\na:{var F=\"\",G=function(){var a=p;if(B)return/rv:([^\\);]+)(\\)|;)/.exec(a);if(A)return/Edge\\/([\\d\\.]+)/.exec(a);if(z)return/\\b(?:MSIE|rv)[: ]([^\\);]+)(\\)|;)/.exec(a);if(C)return/WebKit\\/(\\S+)/.exec(a);if(y)return/(?:Version)[ \\/]?(\\S+)/.exec(a)}();G&&(F=G?G[1]:\"\");if(z){var H=D();if(null!=H&&H>parseFloat(F)){E=String(H);break a}}E=F}var I;I=d.document&&z?D():void 0;var J=u(),K=w()||t(\"iPod\"),L=t(\"iPad\"),M=t(\"Android\")&&!(v()||u()||t(\"Opera\")||t(\"Silk\")),N=v(),aa=t(\"Safari\")&&!(v()||t(\"Coast\")||t(\"Opera\")||t(\"Edge\")||t(\"Edg/\")||t(\"OPR\")||u()||t(\"Silk\")||t(\"Android\"))&&!(w()||t(\"iPad\")||t(\"iPod\"));function O(a){return(a=a.exec(p))?a[1]:\"\"}(function(){if(J)return O(/Firefox\\/([0-9.]+)/);if(z||A||y)return E;if(N)return w()||t(\"iPad\")||t(\"iPod\")?O(/CriOS\\/([0-9.]+)/):O(/Chrome\\/([0-9.]+)/);if(aa&&!(w()||t(\"iPad\")||t(\"iPod\")))return O(/Version\\/([0-9.]+)/);if(K||L){var a=/Version\\/(\\S+).*Mobile\\/(\\S+)/.exec(p);if(a)return a[1]+\".\"+a[2]}else if(M)return(a=O(/Android\\s+([0-9.]+)/))?a:O(/Version\\/([0-9.]+)/);return\"\"})();var P=z&&!(8\u003C=Number(I)),ba=z&&!(9\u003C=Number(I));var ca={SCRIPT:1,STYLE:1,HEAD:1,IFRAME:1,OBJECT:1},Q={IMG:\" \",BR:\"\\n\"};function R(a,b,c){if(!(a.nodeName in ca))if(3==a.nodeType)c?b.push(String(a.nodeValue).replace(/(\\r\\n|\\r|\\n)/g,\"\")):b.push(a.nodeValue);else if(a.nodeName in Q)b.push(Q[a.nodeName]);else for(a=a.firstChild;a;)R(a,b,c),a=a.nextSibling};function S(a,b){b=b.toLowerCase();return\"style\"==b?da(a.style.cssText):P&&\"value\"==b&&T(a,\"INPUT\")?a.value:ba&&!0===a[b]?String(a.getAttribute(b)):(a=a.getAttributeNode(b))&&a.specified?a.value:null}var ea=/[;]+(?=(?:(?:[^\"]*\"){2})*[^\"]*$)(?=(?:(?:[^']*'){2})*[^']*$)(?=(?:[^()]*\\([^()]*\\))*[^()]*$)/;\nfunction da(a){var b=[];k(a.split(ea),function(c){var e=c.indexOf(\":\");0\u003Ce&&(c=[c.slice(0,e),c.slice(e+1)],2==c.length&&b.push(c[0].toLowerCase(),\":\",c[1],\";\"))});b=b.join(\"\");return b=\";\"==b.charAt(b.length-1)?b:b+\";\"}function U(a,b){P&&\"value\"==b&&T(a,\"OPTION\")&&null===S(a,\"value\")?(b=[],R(a,b,!1),a=b.join(\"\")):a=a[b];return a}\nfunction T(a,b){b&&\"string\"!==typeof b&&(b=b.toString());return a instanceof HTMLFormElement?!!a&&1==a.nodeType&&(!b||\"FORM\"==b):!!a&&1==a.nodeType&&(!b||a.tagName.toUpperCase()==b)}function V(a){return T(a,\"OPTION\")?!0:T(a,\"INPUT\")?(a=a.type.toLowerCase(),\"checkbox\"==a||\"radio\"==a):!1};var fa={\"class\":\"className\",readonly:\"readOnly\"},ha=\"allowfullscreen allowpaymentrequest allowusermedia async autofocus autoplay checked compact complete controls declare default defaultchecked defaultselected defer disabled ended formnovalidate hidden indeterminate iscontenteditable ismap itemscope loop multiple muted nohref nomodule noresize noshade novalidate nowrap open paused playsinline pubdate readonly required reversed scoped seamless seeking selected truespeed typemustmatch willvalidate\".split(\" \");function W(a,b){var c=null,e=b.toLowerCase();if(\"style\"==e)return(c=a.style)&&\"string\"!=typeof c&&(c=c.cssText),c;if((\"selected\"==e||\"checked\"==e)&&V(a)){if(!V(a))throw new l(15,\"Element is not selectable\");b=\"selected\";c=a.type&&a.type.toLowerCase();if(\"checkbox\"==c||\"radio\"==c)b=\"checked\";return U(a,b)?\"true\":null}var g=T(a,\"A\");if(T(a,\"IMG\")&&\"src\"==e||g&&\"href\"==e)return(c=S(a,e))&&(c=U(a,e)),c;if(\"spellcheck\"==e){c=S(a,e);if(null!==c){if(\"false\"==c.toLowerCase())return\"false\";if(\"true\"==c.toLowerCase())return\"true\"}return U(a,\ne)+\"\"}g=fa[b]||b;if(0\u003C=h(ha,e))return(c=null!==S(a,b)||U(a,g))?\"true\":null;try{var x=U(a,g)}catch(ia){}(e=null==x)||(e=typeof x,e=\"object\"==e&&null!=x||\"function\"==e);e?c=S(a,b):c=x;return null!=c?c.toString():null}var X=[\"se_exportedFunctionSymbol\"],Y=d;X[0]in Y||\"undefined\"==typeof Y.execScript||Y.execScript(\"var \"+X[0]);for(var Z;X.length&&(Z=X.shift());)X.length||void 0===W?Y[Z]&&Y[Z]!==Object.prototype[Z]?Y=Y[Z]:Y=Y[Z]={}:Y[Z]=W;; return this.se_exportedFunctionSymbol.apply(null,arguments);}).apply(window, arguments);}\n).apply(null, arguments);"
}
[1769669277.182][INFO]: Waiting for pending navigations...
[1769669277.183][INFO]: Done waiting for pending navigations. Status: ok
[1769669277.185][INFO]: Waiting for pending navigations...
[1769669277.185][INFO]: Done waiting for pending navigations. Status: ok
[1769669277.185][INFO]: [e9bdbd4df8cae9f7a7b05ef895e65b5c] RESPONSE ExecuteScript "https://gg.asuracomic.net/storage/media/405816/conversions/10-optimized.webp"
[1769669277.186][INFO]: [e9bdbd4df8cae9f7a7b05ef895e65b5c] COMMAND ExecuteScript {
   "args": [ {
      "element-6066-11e4-a52e-4f735466cecf": "f.CAA1FE4C08EC3FB8AD3888983C4001B7.d.728B49898D8128A16D8B333025A9BEAB.e.35"
   }, "alt" ],
   "script": "/* getAttribute */return (function(){return (function(){var d=this||self;function f(a,b){function c(){}c.prototype=b.prototype;a.prototype=new c;a.prototype.constructor=a};var h=Array.prototype.indexOf?function(a,b){return Array.prototype.indexOf.call(a,b,void 0)}:function(a,b){if(\"string\"===typeof a)return\"string\"!==typeof b||1!=b.length?-1:a.indexOf(b,0);for(var c=0;c\u003Ca.length;c++)if(c in a&&a[c]===b)return c;return-1},k=Array.prototype.forEach?function(a,b){Array.prototype.forEach.call(a,b,void 0)}:function(a,b){for(var c=a.length,e=\"string\"===typeof a?a.split(\"\"):a,g=0;g\u003Cc;g++)g in e&&b.call(void 0,e[g],g,a)};function l(a,b){this.code=a;this.a=m[a]||n;this.message=b||\"\";a=this.a.replace(/((?:^|\\s+)[a-z])/g,function(c){return c.toUpperCase().replace(/^[\\s\\xa0]+/g,\"\")});b=a.length-5;if(0>b||a.indexOf(\"Error\",b)!=b)a+=\"Error\";this.name=a;a=Error(this.message);a.name=this.name;this.stack=a.stack||\"\"}f(l,Error);var n=\"unknown error\",m={15:\"element not selectable\",11:\"element not visible\"};m[31]=n;m[30]=n;m[24]=\"invalid cookie domain\";m[29]=\"invalid element coordinates\";m[12]=\"invalid element state\";m[32]=\"invalid selector\";\nm[51]=\"invalid selector\";m[52]=\"invalid selector\";m[17]=\"javascript error\";m[405]=\"unsupported operation\";m[34]=\"move target out of bounds\";m[27]=\"no such alert\";m[7]=\"no such element\";m[8]=\"no such frame\";m[23]=\"no such window\";m[28]=\"script timeout\";m[33]=\"session not created\";m[10]=\"stale element reference\";m[21]=\"timeout\";m[25]=\"unable to set cookie\";m[26]=\"unexpected alert open\";m[13]=n;m[9]=\"unknown command\";var p;a:{var q=d.navigator;if(q){var r=q.userAgent;if(r){p=r;break a}}p=\"\"}function t(a){return-1!=p.indexOf(a)};function u(){return t(\"Firefox\")||t(\"FxiOS\")}function v(){return(t(\"Chrome\")||t(\"CriOS\"))&&!t(\"Edge\")};function w(){return t(\"iPhone\")&&!t(\"iPod\")&&!t(\"iPad\")};var y=t(\"Opera\"),z=t(\"Trident\")||t(\"MSIE\"),A=t(\"Edge\"),B=t(\"Gecko\")&&!(-1!=p.toLowerCase().indexOf(\"webkit\")&&!t(\"Edge\"))&&!(t(\"Trident\")||t(\"MSIE\"))&&!t(\"Edge\"),C=-1!=p.toLowerCase().indexOf(\"webkit\")&&!t(\"Edge\");function D(){var a=d.document;return a?a.documentMode:void 0}var E;\na:{var F=\"\",G=function(){var a=p;if(B)return/rv:([^\\);]+)(\\)|;)/.exec(a);if(A)return/Edge\\/([\\d\\.]+)/.exec(a);if(z)return/\\b(?:MSIE|rv)[: ]([^\\);]+)(\\)|;)/.exec(a);if(C)return/WebKit\\/(\\S+)/.exec(a);if(y)return/(?:Version)[ \\/]?(\\S+)/.exec(a)}();G&&(F=G?G[1]:\"\");if(z){var H=D();if(null!=H&&H>parseFloat(F)){E=String(H);break a}}E=F}var I;I=d.document&&z?D():void 0;var J=u(),K=w()||t(\"iPod\"),L=t(\"iPad\"),M=t(\"Android\")&&!(v()||u()||t(\"Opera\")||t(\"Silk\")),N=v(),aa=t(\"Safari\")&&!(v()||t(\"Coast\")||t(\"Opera\")||t(\"Edge\")||t(\"Edg/\")||t(\"OPR\")||u()||t(\"Silk\")||t(\"Android\"))&&!(w()||t(\"iPad\")||t(\"iPod\"));function O(a){return(a=a.exec(p))?a[1]:\"\"}(function(){if(J)return O(/Firefox\\/([0-9.]+)/);if(z||A||y)return E;if(N)return w()||t(\"iPad\")||t(\"iPod\")?O(/CriOS\\/([0-9.]+)/):O(/Chrome\\/([0-9.]+)/);if(aa&&!(w()||t(\"iPad\")||t(\"iPod\")))return O(/Version\\/([0-9.]+)/);if(K||L){var a=/Version\\/(\\S+).*Mobile\\/(\\S+)/.exec(p);if(a)return a[1]+\".\"+a[2]}else if(M)return(a=O(/Android\\s+([0-9.]+)/))?a:O(/Version\\/([0-9.]+)/);return\"\"})();var P=z&&!(8\u003C=Number(I)),ba=z&&!(9\u003C=Number(I));var ca={SCRIPT:1,STYLE:1,HEAD:1,IFRAME:1,OBJECT:1},Q={IMG:\" \",BR:\"\\n\"};function R(a,b,c){if(!(a.nodeName in ca))if(3==a.nodeType)c?b.push(String(a.nodeValue).replace(/(\\r\\n|\\r|\\n)/g,\"\")):b.push(a.nodeValue);else if(a.nodeName in Q)b.push(Q[a.nodeName]);else for(a=a.firstChild;a;)R(a,b,c),a=a.nextSibling};function S(a,b){b=b.toLowerCase();return\"style\"==b?da(a.style.cssText):P&&\"value\"==b&&T(a,\"INPUT\")?a.value:ba&&!0===a[b]?String(a.getAttribute(b)):(a=a.getAttributeNode(b))&&a.specified?a.value:null}var ea=/[;]+(?=(?:(?:[^\"]*\"){2})*[^\"]*$)(?=(?:(?:[^']*'){2})*[^']*$)(?=(?:[^()]*\\([^()]*\\))*[^()]*$)/;\nfunction da(a){var b=[];k(a.split(ea),function(c){var e=c.indexOf(\":\");0\u003Ce&&(c=[c.slice(0,e),c.slice(e+1)],2==c.length&&b.push(c[0].toLowerCase(),\":\",c[1],\";\"))});b=b.join(\"\");return b=\";\"==b.charAt(b.length-1)?b:b+\";\"}function U(a,b){P&&\"value\"==b&&T(a,\"OPTION\")&&null===S(a,\"value\")?(b=[],R(a,b,!1),a=b.join(\"\")):a=a[b];return a}\nfunction T(a,b){b&&\"string\"!==typeof b&&(b=b.toString());return a instanceof HTMLFormElement?!!a&&1==a.nodeType&&(!b||\"FORM\"==b):!!a&&1==a.nodeType&&(!b||a.tagName.toUpperCase()==b)}function V(a){return T(a,\"OPTION\")?!0:T(a,\"INPUT\")?(a=a.type.toLowerCase(),\"checkbox\"==a||\"radio\"==a):!1};var fa={\"class\":\"className\",readonly:\"readOnly\"},ha=\"allowfullscreen allowpaymentrequest allowusermedia async autofocus autoplay checked compact complete controls declare default defaultchecked defaultselected defer disabled ended formnovalidate hidden indeterminate iscontenteditable ismap itemscope loop multiple muted nohref nomodule noresize noshade novalidate nowrap open paused playsinline pubdate readonly required reversed scoped seamless seeking selected truespeed typemustmatch willvalidate\".split(\" \");function W(a,b){var c=null,e=b.toLowerCase();if(\"style\"==e)return(c=a.style)&&\"string\"!=typeof c&&(c=c.cssText),c;if((\"selected\"==e||\"checked\"==e)&&V(a)){if(!V(a))throw new l(15,\"Element is not selectable\");b=\"selected\";c=a.type&&a.type.toLowerCase();if(\"checkbox\"==c||\"radio\"==c)b=\"checked\";return U(a,b)?\"true\":null}var g=T(a,\"A\");if(T(a,\"IMG\")&&\"src\"==e||g&&\"href\"==e)return(c=S(a,e))&&(c=U(a,e)),c;if(\"spellcheck\"==e){c=S(a,e);if(null!==c){if(\"false\"==c.toLowerCase())return\"false\";if(\"true\"==c.toLowerCase())return\"true\"}return U(a,\ne)+\"\"}g=fa[b]||b;if(0\u003C=h(ha,e))return(c=null!==S(a,b)||U(a,g))?\"true\":null;try{var x=U(a,g)}catch(ia){}(e=null==x)||(e=typeof x,e=\"object\"==e&&null!=x||\"function\"==e);e?c=S(a,b):c=x;return null!=c?c.toString():null}var X=[\"se_exportedFunctionSymbol\"],Y=d;X[0]in Y||\"undefined\"==typeof Y.execScript||Y.execScript(\"var \"+X[0]);for(var Z;X.length&&(Z=X.shift());)X.length||void 0===W?Y[Z]&&Y[Z]!==Object.prototype[Z]?Y=Y[Z]:Y=Y[Z]={}:Y[Z]=W;; return this.se_exportedFunctionSymbol.apply(null,arguments);}).apply(window, arguments);}\n).apply(null, arguments);"
}
[1769669277.186][INFO]: Waiting for pending navigations...
[1769669277.187][INFO]: Done waiting for pending navigations. Status: ok
[1769669277.191][INFO]: Waiting for pending navigations...
[1769669277.191][INFO]: Done waiting for pending navigations. Status: ok
[1769669277.191][INFO]: [e9bdbd4df8cae9f7a7b05ef895e65b5c] RESPONSE ExecuteScript "chapter page 12"
[1769669277.192][INFO]: [e9bdbd4df8cae9f7a7b05ef895e65b5c] COMMAND ExecuteScript {
   "args": [ {
      "element-6066-11e4-a52e-4f735466cecf": "f.CAA1FE4C08EC3FB8AD3888983C4001B7.d.728B49898D8128A16D8B333025A9BEAB.e.35"
   }, "currentSrc" ],
   "script": "/* getAttribute */return (function(){return (function(){var d=this||self;function f(a,b){function c(){}c.prototype=b.prototype;a.prototype=new c;a.prototype.constructor=a};var h=Array.prototype.indexOf?function(a,b){return Array.prototype.indexOf.call(a,b,void 0)}:function(a,b){if(\"string\"===typeof a)return\"string\"!==typeof b||1!=b.length?-1:a.indexOf(b,0);for(var c=0;c\u003Ca.length;c++)if(c in a&&a[c]===b)return c;return-1},k=Array.prototype.forEach?function(a,b){Array.prototype.forEach.call(a,b,void 0)}:function(a,b){for(var c=a.length,e=\"string\"===typeof a?a.split(\"\"):a,g=0;g\u003Cc;g++)g in e&&b.call(void 0,e[g],g,a)};function l(a,b){this.code=a;this.a=m[a]||n;this.message=b||\"\";a=this.a.replace(/((?:^|\\s+)[a-z])/g,function(c){return c.toUpperCase().replace(/^[\\s\\xa0]+/g,\"\")});b=a.length-5;if(0>b||a.indexOf(\"Error\",b)!=b)a+=\"Error\";this.name=a;a=Error(this.message);a.name=this.name;this.stack=a.stack||\"\"}f(l,Error);var n=\"unknown error\",m={15:\"element not selectable\",11:\"element not visible\"};m[31]=n;m[30]=n;m[24]=\"invalid cookie domain\";m[29]=\"invalid element coordinates\";m[12]=\"invalid element state\";m[32]=\"invalid selector\";\nm[51]=\"invalid selector\";m[52]=\"invalid selector\";m[17]=\"javascript error\";m[405]=\"unsupported operation\";m[34]=\"move target out of bounds\";m[27]=\"no such alert\";m[7]=\"no such element\";m[8]=\"no such frame\";m[23]=\"no such window\";m[28]=\"script timeout\";m[33]=\"session not created\";m[10]=\"stale element reference\";m[21]=\"timeout\";m[25]=\"unable to set cookie\";m[26]=\"unexpected alert open\";m[13]=n;m[9]=\"unknown command\";var p;a:{var q=d.navigator;if(q){var r=q.userAgent;if(r){p=r;break a}}p=\"\"}function t(a){return-1!=p.indexOf(a)};function u(){return t(\"Firefox\")||t(\"FxiOS\")}function v(){return(t(\"Chrome\")||t(\"CriOS\"))&&!t(\"Edge\")};function w(){return t(\"iPhone\")&&!t(\"iPod\")&&!t(\"iPad\")};var y=t(\"Opera\"),z=t(\"Trident\")||t(\"MSIE\"),A=t(\"Edge\"),B=t(\"Gecko\")&&!(-1!=p.toLowerCase().indexOf(\"webkit\")&&!t(\"Edge\"))&&!(t(\"Trident\")||t(\"MSIE\"))&&!t(\"Edge\"),C=-1!=p.toLowerCase().indexOf(\"webkit\")&&!t(\"Edge\");function D(){var a=d.document;return a?a.documentMode:void 0}var E;\na:{var F=\"\",G=function(){var a=p;if(B)return/rv:([^\\);]+)(\\)|;)/.exec(a);if(A)return/Edge\\/([\\d\\.]+)/.exec(a);if(z)return/\\b(?:MSIE|rv)[: ]([^\\);]+)(\\)|;)/.exec(a);if(C)return/WebKit\\/(\\S+)/.exec(a);if(y)return/(?:Version)[ \\/]?(\\S+)/.exec(a)}();G&&(F=G?G[1]:\"\");if(z){var H=D();if(null!=H&&H>parseFloat(F)){E=String(H);break a}}E=F}var I;I=d.document&&z?D():void 0;var J=u(),K=w()||t(\"iPod\"),L=t(\"iPad\"),M=t(\"Android\")&&!(v()||u()||t(\"Opera\")||t(\"Silk\")),N=v(),aa=t(\"Safari\")&&!(v()||t(\"Coast\")||t(\"Opera\")||t(\"Edge\")||t(\"Edg/\")||t(\"OPR\")||u()||t(\"Silk\")||t(\"Android\"))&&!(w()||t(\"iPad\")||t(\"iPod\"));function O(a){return(a=a.exec(p))?a[1]:\"\"}(function(){if(J)return O(/Firefox\\/([0-9.]+)/);if(z||A||y)return E;if(N)return w()||t(\"iPad\")||t(\"iPod\")?O(/CriOS\\/([0-9.]+)/):O(/Chrome\\/([0-9.]+)/);if(aa&&!(w()||t(\"iPad\")||t(\"iPod\")))return O(/Version\\/([0-9.]+)/);if(K||L){var a=/Version\\/(\\S+).*Mobile\\/(\\S+)/.exec(p);if(a)return a[1]+\".\"+a[2]}else if(M)return(a=O(/Android\\s+([0-9.]+)/))?a:O(/Version\\/([0-9.]+)/);return\"\"})();var P=z&&!(8\u003C=Number(I)),ba=z&&!(9\u003C=Number(I));var ca={SCRIPT:1,STYLE:1,HEAD:1,IFRAME:1,OBJECT:1},Q={IMG:\" \",BR:\"\\n\"};function R(a,b,c){if(!(a.nodeName in ca))if(3==a.nodeType)c?b.push(String(a.nodeValue).replace(/(\\r\\n|\\r|\\n)/g,\"\")):b.push(a.nodeValue);else if(a.nodeName in Q)b.push(Q[a.nodeName]);else for(a=a.firstChild;a;)R(a,b,c),a=a.nextSibling};function S(a,b){b=b.toLowerCase();return\"style\"==b?da(a.style.cssText):P&&\"value\"==b&&T(a,\"INPUT\")?a.value:ba&&!0===a[b]?String(a.getAttribute(b)):(a=a.getAttributeNode(b))&&a.specified?a.value:null}var ea=/[;]+(?=(?:(?:[^\"]*\"){2})*[^\"]*$)(?=(?:(?:[^']*'){2})*[^']*$)(?=(?:[^()]*\\([^()]*\\))*[^()]*$)/;\nfunction da(a){var b=[];k(a.split(ea),function(c){var e=c.indexOf(\":\");0\u003Ce&&(c=[c.slice(0,e),c.slice(e+1)],2==c.length&&b.push(c[0].toLowerCase(),\":\",c[1],\";\"))});b=b.join(\"\");return b=\";\"==b.charAt(b.length-1)?b:b+\";\"}function U(a,b){P&&\"value\"==b&&T(a,\"OPTION\")&&null===S(a,\"value\")?(b=[],R(a,b,!1),a=b.join(\"\")):a=a[b];return a}\nfunction T(a,b){b&&\"string\"!==typeof b&&(b=b.toString());return a instanceof HTMLFormElement?!!a&&1==a.nodeType&&(!b||\"FORM\"==b):!!a&&1==a.nodeType&&(!b||a.tagName.toUpperCase()==b)}function V(a){return T(a,\"OPTION\")?!0:T(a,\"INPUT\")?(a=a.type.toLowerCase(),\"checkbox\"==a||\"radio\"==a):!1};var fa={\"class\":\"className\",readonly:\"readOnly\"},ha=\"allowfullscreen allowpaymentrequest allowusermedia async autofocus autoplay checked compact complete controls declare default defaultchecked defaultselected defer disabled ended formnovalidate hidden indeterminate iscontenteditable ismap itemscope loop multiple muted nohref nomodule noresize noshade novalidate nowrap open paused playsinline pubdate readonly required reversed scoped seamless seeking selected truespeed typemustmatch willvalidate\".split(\" \");function W(a,b){var c=null,e=b.toLowerCase();if(\"style\"==e)return(c=a.style)&&\"string\"!=typeof c&&(c=c.cssText),c;if((\"selected\"==e||\"checked\"==e)&&V(a)){if(!V(a))throw new l(15,\"Element is not selectable\");b=\"selected\";c=a.type&&a.type.toLowerCase();if(\"checkbox\"==c||\"radio\"==c)b=\"checked\";return U(a,b)?\"true\":null}var g=T(a,\"A\");if(T(a,\"IMG\")&&\"src\"==e||g&&\"href\"==e)return(c=S(a,e))&&(c=U(a,e)),c;if(\"spellcheck\"==e){c=S(a,e);if(null!==c){if(\"false\"==c.toLowerCase())return\"false\";if(\"true\"==c.toLowerCase())return\"true\"}return U(a,\ne)+\"\"}g=fa[b]||b;if(0\u003C=h(ha,e))return(c=null!==S(a,b)||U(a,g))?\"true\":null;try{var x=U(a,g)}catch(ia){}(e=null==x)||(e=typeof x,e=\"object\"==e&&null!=x||\"function\"==e);e?c=S(a,b):c=x;return null!=c?c.toString():null}var X=[\"se_exportedFunctionSymbol\"],Y=d;X[0]in Y||\"undefined\"==typeof Y.execScript||Y.execScript(\"var \"+X[0]);for(var Z;X.length&&(Z=X.shift());)X.length||void 0===W?Y[Z]&&Y[Z]!==Object.prototype[Z]?Y=Y[Z]:Y=Y[Z]={}:Y[Z]=W;; return this.se_exportedFunctionSymbol.apply(null,arguments);}).apply(window, arguments);}\n).apply(null, arguments);"
}
[1769669277.192][INFO]: Waiting for pending navigations...
[1769669277.192][INFO]: Done waiting for pending navigations. Status: ok
[1769669277.195][INFO]: Waiting for pending navigations...
[1769669277.195][INFO]: Done waiting for pending navigations. Status: ok
[1769669277.195][INFO]: [e9bdbd4df8cae9f7a7b05ef895e65b5c] RESPONSE ExecuteScript "https://gg.asuracomic.net/storage/media/405817/conversions/11-optimized.webp"
[1769669277.196][INFO]: [e9bdbd4df8cae9f7a7b05ef895e65b5c] COMMAND ExecuteScript {
   "args": [  ],
   "script": "window.scrollBy(0, Math.floor(window.innerHeight * 0.9));"
}
[1769669277.196][INFO]: Waiting for pending navigations...
[1769669277.196][INFO]: Done waiting for pending navigations. Status: ok
[1769669277.197][INFO]: Waiting for pending navigations...
[1769669277.198][INFO]: Done waiting for pending navigations. Status: ok
[1769669277.198][INFO]: [e9bdbd4df8cae9f7a7b05ef895e65b5c] RESPONSE ExecuteScript null
[1769669277.604][INFO]: [e9bdbd4df8cae9f7a7b05ef895e65b5c] COMMAND FindElements {
   "using": "css selector",
   "value": "div.w-full.mx-auto.center img"
}
[1769669277.604][INFO]: Waiting for pending navigations...
[1769669277.605][INFO]: Done waiting for pending navigations. Status: ok
[1769669277.611][INFO]: Waiting for pending navigations...
[1769669277.611][INFO]: Done waiting for pending navigations. Status: ok
[1769669277.612][INFO]: [e9bdbd4df8cae9f7a7b05ef895e65b5c] RESPONSE FindElements [ {
   "element-6066-11e4-a52e-4f735466cecf": "f.CAA1FE4C08EC3FB8AD3888983C4001B7.d.728B49898D8128A16D8B333025A9BEAB.e.24"
}, {
   "element-6066-11e4-a52e-4f735466cecf": "f.CAA1FE4C08EC3FB8AD3888983C4001B7.d.728B49898D8128A16D8B333025A9BEAB.e.25"
}, {
   "element-6066-11e4-a52e-4f735466cecf": "f.CAA1FE4C08EC3FB8AD3888983C4001B7.d.728B49898D8128A16D8B333025A9BEAB.e.26"
}, {
   "element-6066-11e4-a52e-4f735466cecf": "f.CAA1FE4C08EC3FB8AD3888983C4001B7.d.728B49898D8128A16D8B333025A9BEAB.e.27"
}, {
   "element-6066-11e4-a52e-4f735466cecf": "f.CAA1FE4C08EC3FB8AD3888983C4001B7.d.728B49898D8128A16D8B333025A9BEAB.e.28"
}, {
   "element-6066-11e4-a52e-4f735466cecf": "f.CAA1FE4C08EC3FB8AD3888983C4001B7.d.728B49898D8128A16D8B333025A9BEAB.e.29"
}, {
   "element-6066-11e4-a52e-4f735466cecf": "f.CAA1FE4C08EC3FB8AD3888983C4001B7.d.728B49898D8128A16D8B333025A9BEAB.e.30"
}, {
   "element-6066-11e4-a52e-4f735466cecf": "f.CAA1FE4C08EC3FB8AD3888983C4001B7.d.728B49898D8128A16D8B333025A9BEAB.e.31"
}, {
   "element-6066-11e4-a52e-4f735466cecf": "f.CAA1FE4C08EC3FB8AD3888983C4001B7.d.728B49898D8128A16D8B333025A9BEAB.e.32"
}, {
   "element-6066-11e4-a52e-4f735466cecf": "f.CAA1FE4C08EC3FB8AD3888983C4001B7.d.728B49898D8128A16D8B333025A9BEAB.e.33"
}, {
   "element-6066-11e4-a52e-4f735466cecf": "f.CAA1FE4C08EC3FB8AD3888983C4001B7.d.728B49898D8128A16D8B333025A9BEAB.e.34"
}, {
   "element-6066-11e4-a52e-4f735466cecf": "f.CAA1FE4C08EC3FB8AD3888983C4001B7.d.728B49898D8128A16D8B333025A9BEAB.e.35"
} ]
[1769669277.613][INFO]: [e9bdbd4df8cae9f7a7b05ef895e65b5c] COMMAND ExecuteScript {
   "args": [ {
      "element-6066-11e4-a52e-4f735466cecf": "f.CAA1FE4C08EC3FB8AD3888983C4001B7.d.728B49898D8128A16D8B333025A9BEAB.e.24"
   }, "alt" ],
   "script": "/* getAttribute */return (function(){return (function(){var d=this||self;function f(a,b){function c(){}c.prototype=b.prototype;a.prototype=new c;a.prototype.constructor=a};var h=Array.prototype.indexOf?function(a,b){return Array.prototype.indexOf.call(a,b,void 0)}:function(a,b){if(\"string\"===typeof a)return\"string\"!==typeof b||1!=b.length?-1:a.indexOf(b,0);for(var c=0;c\u003Ca.length;c++)if(c in a&&a[c]===b)return c;return-1},k=Array.prototype.forEach?function(a,b){Array.prototype.forEach.call(a,b,void 0)}:function(a,b){for(var c=a.length,e=\"string\"===typeof a?a.split(\"\"):a,g=0;g\u003Cc;g++)g in e&&b.call(void 0,e[g],g,a)};function l(a,b){this.code=a;this.a=m[a]||n;this.message=b||\"\";a=this.a.replace(/((?:^|\\s+)[a-z])/g,function(c){return c.toUpperCase().replace(/^[\\s\\xa0]+/g,\"\")});b=a.length-5;if(0>b||a.indexOf(\"Error\",b)!=b)a+=\"Error\";this.name=a;a=Error(this.message);a.name=this.name;this.stack=a.stack||\"\"}f(l,Error);var n=\"unknown error\",m={15:\"element not selectable\",11:\"element not visible\"};m[31]=n;m[30]=n;m[24]=\"invalid cookie domain\";m[29]=\"invalid element coordinates\";m[12]=\"invalid element state\";m[32]=\"invalid selector\";\nm[51]=\"invalid selector\";m[52]=\"invalid selector\";m[17]=\"javascript error\";m[405]=\"unsupported operation\";m[34]=\"move target out of bounds\";m[27]=\"no such alert\";m[7]=\"no such element\";m[8]=\"no such frame\";m[23]=\"no such window\";m[28]=\"script timeout\";m[33]=\"session not created\";m[10]=\"stale element reference\";m[21]=\"timeout\";m[25]=\"unable to set cookie\";m[26]=\"unexpected alert open\";m[13]=n;m[9]=\"unknown command\";var p;a:{var q=d.navigator;if(q){var r=q.userAgent;if(r){p=r;break a}}p=\"\"}function t(a){return-1!=p.indexOf(a)};function u(){return t(\"Firefox\")||t(\"FxiOS\")}function v(){return(t(\"Chrome\")||t(\"CriOS\"))&&!t(\"Edge\")};function w(){return t(\"iPhone\")&&!t(\"iPod\")&&!t(\"iPad\")};var y=t(\"Opera\"),z=t(\"Trident\")||t(\"MSIE\"),A=t(\"Edge\"),B=t(\"Gecko\")&&!(-1!=p.toLowerCase().indexOf(\"webkit\")&&!t(\"Edge\"))&&!(t(\"Trident\")||t(\"MSIE\"))&&!t(\"Edge\"),C=-1!=p.toLowerCase().indexOf(\"webkit\")&&!t(\"Edge\");function D(){var a=d.document;return a?a.documentMode:void 0}var E;\na:{var F=\"\",G=function(){var a=p;if(B)return/rv:([^\\);]+)(\\)|;)/.exec(a);if(A)return/Edge\\/([\\d\\.]+)/.exec(a);if(z)return/\\b(?:MSIE|rv)[: ]([^\\);]+)(\\)|;)/.exec(a);if(C)return/WebKit\\/(\\S+)/.exec(a);if(y)return/(?:Version)[ \\/]?(\\S+)/.exec(a)}();G&&(F=G?G[1]:\"\");if(z){var H=D();if(null!=H&&H>parseFloat(F)){E=String(H);break a}}E=F}var I;I=d.document&&z?D():void 0;var J=u(),K=w()||t(\"iPod\"),L=t(\"iPad\"),M=t(\"Android\")&&!(v()||u()||t(\"Opera\")||t(\"Silk\")),N=v(),aa=t(\"Safari\")&&!(v()||t(\"Coast\")||t(\"Opera\")||t(\"Edge\")||t(\"Edg/\")||t(\"OPR\")||u()||t(\"Silk\")||t(\"Android\"))&&!(w()||t(\"iPad\")||t(\"iPod\"));function O(a){return(a=a.exec(p))?a[1]:\"\"}(function(){if(J)return O(/Firefox\\/([0-9.]+)/);if(z||A||y)return E;if(N)return w()||t(\"iPad\")||t(\"iPod\")?O(/CriOS\\/([0-9.]+)/):O(/Chrome\\/([0-9.]+)/);if(aa&&!(w()||t(\"iPad\")||t(\"iPod\")))return O(/Version\\/([0-9.]+)/);if(K||L){var a=/Version\\/(\\S+).*Mobile\\/(\\S+)/.exec(p);if(a)return a[1]+\".\"+a[2]}else if(M)return(a=O(/Android\\s+([0-9.]+)/))?a:O(/Version\\/([0-9.]+)/);return\"\"})();var P=z&&!(8\u003C=Number(I)),ba=z&&!(9\u003C=Number(I));var ca={SCRIPT:1,STYLE:1,HEAD:1,IFRAME:1,OBJECT:1},Q={IMG:\" \",BR:\"\\n\"};function R(a,b,c){if(!(a.nodeName in ca))if(3==a.nodeType)c?b.push(String(a.nodeValue).replace(/(\\r\\n|\\r|\\n)/g,\"\")):b.push(a.nodeValue);else if(a.nodeName in Q)b.push(Q[a.nodeName]);else for(a=a.firstChild;a;)R(a,b,c),a=a.nextSibling};function S(a,b){b=b.toLowerCase();return\"style\"==b?da(a.style.cssText):P&&\"value\"==b&&T(a,\"INPUT\")?a.value:ba&&!0===a[b]?String(a.getAttribute(b)):(a=a.getAttributeNode(b))&&a.specified?a.value:null}var ea=/[;]+(?=(?:(?:[^\"]*\"){2})*[^\"]*$)(?=(?:(?:[^']*'){2})*[^']*$)(?=(?:[^()]*\\([^()]*\\))*[^()]*$)/;\nfunction da(a){var b=[];k(a.split(ea),function(c){var e=c.indexOf(\":\");0\u003Ce&&(c=[c.slice(0,e),c.slice(e+1)],2==c.length&&b.push(c[0].toLowerCase(),\":\",c[1],\";\"))});b=b.join(\"\");return b=\";\"==b.charAt(b.length-1)?b:b+\";\"}function U(a,b){P&&\"value\"==b&&T(a,\"OPTION\")&&null===S(a,\"value\")?(b=[],R(a,b,!1),a=b.join(\"\")):a=a[b];return a}\nfunction T(a,b){b&&\"string\"!==typeof b&&(b=b.toString());return a instanceof HTMLFormElement?!!a&&1==a.nodeType&&(!b||\"FORM\"==b):!!a&&1==a.nodeType&&(!b||a.tagName.toUpperCase()==b)}function V(a){return T(a,\"OPTION\")?!0:T(a,\"INPUT\")?(a=a.type.toLowerCase(),\"checkbox\"==a||\"radio\"==a):!1};var fa={\"class\":\"className\",readonly:\"readOnly\"},ha=\"allowfullscreen allowpaymentrequest allowusermedia async autofocus autoplay checked compact complete controls declare default defaultchecked defaultselected defer disabled ended formnovalidate hidden indeterminate iscontenteditable ismap itemscope loop multiple muted nohref nomodule noresize noshade novalidate nowrap open paused playsinline pubdate readonly required reversed scoped seamless seeking selected truespeed typemustmatch willvalidate\".split(\" \");function W(a,b){var c=null,e=b.toLowerCase();if(\"style\"==e)return(c=a.style)&&\"string\"!=typeof c&&(c=c.cssText),c;if((\"selected\"==e||\"checked\"==e)&&V(a)){if(!V(a))throw new l(15,\"Element is not selectable\");b=\"selected\";c=a.type&&a.type.toLowerCase();if(\"checkbox\"==c||\"radio\"==c)b=\"checked\";return U(a,b)?\"true\":null}var g=T(a,\"A\");if(T(a,\"IMG\")&&\"src\"==e||g&&\"href\"==e)return(c=S(a,e))&&(c=U(a,e)),c;if(\"spellcheck\"==e){c=S(a,e);if(null!==c){if(\"false\"==c.toLowerCase())return\"false\";if(\"true\"==c.toLowerCase())return\"true\"}return U(a,\ne)+\"\"}g=fa[b]||b;if(0\u003C=h(ha,e))return(c=null!==S(a,b)||U(a,g))?\"true\":null;try{var x=U(a,g)}catch(ia){}(e=null==x)||(e=typeof x,e=\"object\"==e&&null!=x||\"function\"==e);e?c=S(a,b):c=x;return null!=c?c.toString():null}var X=[\"se_exportedFunctionSymbol\"],Y=d;X[0]in Y||\"undefined\"==typeof Y.execScript||Y.execScript(\"var \"+X[0]);for(var Z;X.length&&(Z=X.shift());)X.length||void 0===W?Y[Z]&&Y[Z]!==Object.prototype[Z]?Y=Y[Z]:Y=Y[Z]={}:Y[Z]=W;; return this.se_exportedFunctionSymbol.apply(null,arguments);}).apply(window, arguments);}\n).apply(null, arguments);"
}
[1769669277.613][INFO]: Waiting for pending navigations...
[1769669277.613][INFO]: Done waiting for pending navigations. Status: ok
[1769669277.616][INFO]: Waiting for pending navigations...
[1769669277.616][INFO]: Done waiting for pending navigations. Status: ok
[1769669277.616][INFO]: [e9bdbd4df8cae9f7a7b05ef895e65b5c] RESPONSE ExecuteScript "chapter page 1"
[1769669277.617][INFO]: [e9bdbd4df8cae9f7a7b05ef895e65b5c] COMMAND ExecuteScript {
   "args": [ {
      "element-6066-11e4-a52e-4f735466cecf": "f.CAA1FE4C08EC3FB8AD3888983C4001B7.d.728B49898D8128A16D8B333025A9BEAB.e.24"
   }, "currentSrc" ],
   "script": "/* getAttribute */return (function(){return (function(){var d=this||self;function f(a,b){function c(){}c.prototype=b.prototype;a.prototype=new c;a.prototype.constructor=a};var h=Array.prototype.indexOf?function(a,b){return Array.prototype.indexOf.call(a,b,void 0)}:function(a,b){if(\"string\"===typeof a)return\"string\"!==typeof b||1!=b.length?-1:a.indexOf(b,0);for(var c=0;c\u003Ca.length;c++)if(c in a&&a[c]===b)return c;return-1},k=Array.prototype.forEach?function(a,b){Array.prototype.forEach.call(a,b,void 0)}:function(a,b){for(var c=a.length,e=\"string\"===typeof a?a.split(\"\"):a,g=0;g\u003Cc;g++)g in e&&b.call(void 0,e[g],g,a)};function l(a,b){this.code=a;this.a=m[a]||n;this.message=b||\"\";a=this.a.replace(/((?:^|\\s+)[a-z])/g,function(c){return c.toUpperCase().replace(/^[\\s\\xa0]+/g,\"\")});b=a.length-5;if(0>b||a.indexOf(\"Error\",b)!=b)a+=\"Error\";this.name=a;a=Error(this.message);a.name=this.name;this.stack=a.stack||\"\"}f(l,Error);var n=\"unknown error\",m={15:\"element not selectable\",11:\"element not visible\"};m[31]=n;m[30]=n;m[24]=\"invalid cookie domain\";m[29]=\"invalid element coordinates\";m[12]=\"invalid element state\";m[32]=\"invalid selector\";\nm[51]=\"invalid selector\";m[52]=\"invalid selector\";m[17]=\"javascript error\";m[405]=\"unsupported operation\";m[34]=\"move target out of bounds\";m[27]=\"no such alert\";m[7]=\"no such element\";m[8]=\"no such frame\";m[23]=\"no such window\";m[28]=\"script timeout\";m[33]=\"session not created\";m[10]=\"stale element reference\";m[21]=\"timeout\";m[25]=\"unable to set cookie\";m[26]=\"unexpected alert open\";m[13]=n;m[9]=\"unknown command\";var p;a:{var q=d.navigator;if(q){var r=q.userAgent;if(r){p=r;break a}}p=\"\"}function t(a){return-1!=p.indexOf(a)};function u(){return t(\"Firefox\")||t(\"FxiOS\")}function v(){return(t(\"Chrome\")||t(\"CriOS\"))&&!t(\"Edge\")};function w(){return t(\"iPhone\")&&!t(\"iPod\")&&!t(\"iPad\")};var y=t(\"Opera\"),z=t(\"Trident\")||t(\"MSIE\"),A=t(\"Edge\"),B=t(\"Gecko\")&&!(-1!=p.toLowerCase().indexOf(\"webkit\")&&!t(\"Edge\"))&&!(t(\"Trident\")||t(\"MSIE\"))&&!t(\"Edge\"),C=-1!=p.toLowerCase().indexOf(\"webkit\")&&!t(\"Edge\");function D(){var a=d.document;return a?a.documentMode:void 0}var E;\na:{var F=\"\",G=function(){var a=p;if(B)return/rv:([^\\);]+)(\\)|;)/.exec(a);if(A)return/Edge\\/([\\d\\.]+)/.exec(a);if(z)return/\\b(?:MSIE|rv)[: ]([^\\);]+)(\\)|;)/.exec(a);if(C)return/WebKit\\/(\\S+)/.exec(a);if(y)return/(?:Version)[ \\/]?(\\S+)/.exec(a)}();G&&(F=G?G[1]:\"\");if(z){var H=D();if(null!=H&&H>parseFloat(F)){E=String(H);break a}}E=F}var I;I=d.document&&z?D():void 0;var J=u(),K=w()||t(\"iPod\"),L=t(\"iPad\"),M=t(\"Android\")&&!(v()||u()||t(\"Opera\")||t(\"Silk\")),N=v(),aa=t(\"Safari\")&&!(v()||t(\"Coast\")||t(\"Opera\")||t(\"Edge\")||t(\"Edg/\")||t(\"OPR\")||u()||t(\"Silk\")||t(\"Android\"))&&!(w()||t(\"iPad\")||t(\"iPod\"));function O(a){return(a=a.exec(p))?a[1]:\"\"}(function(){if(J)return O(/Firefox\\/([0-9.]+)/);if(z||A||y)return E;if(N)return w()||t(\"iPad\")||t(\"iPod\")?O(/CriOS\\/([0-9.]+)/):O(/Chrome\\/([0-9.]+)/);if(aa&&!(w()||t(\"iPad\")||t(\"iPod\")))return O(/Version\\/([0-9.]+)/);if(K||L){var a=/Version\\/(\\S+).*Mobile\\/(\\S+)/.exec(p);if(a)return a[1]+\".\"+a[2]}else if(M)return(a=O(/Android\\s+([0-9.]+)/))?a:O(/Version\\/([0-9.]+)/);return\"\"})();var P=z&&!(8\u003C=Number(I)),ba=z&&!(9\u003C=Number(I));var ca={SCRIPT:1,STYLE:1,HEAD:1,IFRAME:1,OBJECT:1},Q={IMG:\" \",BR:\"\\n\"};function R(a,b,c){if(!(a.nodeName in ca))if(3==a.nodeType)c?b.push(String(a.nodeValue).replace(/(\\r\\n|\\r|\\n)/g,\"\")):b.push(a.nodeValue);else if(a.nodeName in Q)b.push(Q[a.nodeName]);else for(a=a.firstChild;a;)R(a,b,c),a=a.nextSibling};function S(a,b){b=b.toLowerCase();return\"style\"==b?da(a.style.cssText):P&&\"value\"==b&&T(a,\"INPUT\")?a.value:ba&&!0===a[b]?String(a.getAttribute(b)):(a=a.getAttributeNode(b))&&a.specified?a.value:null}var ea=/[;]+(?=(?:(?:[^\"]*\"){2})*[^\"]*$)(?=(?:(?:[^']*'){2})*[^']*$)(?=(?:[^()]*\\([^()]*\\))*[^()]*$)/;\nfunction da(a){var b=[];k(a.split(ea),function(c){var e=c.indexOf(\":\");0\u003Ce&&(c=[c.slice(0,e),c.slice(e+1)],2==c.length&&b.push(c[0].toLowerCase(),\":\",c[1],\";\"))});b=b.join(\"\");return b=\";\"==b.charAt(b.length-1)?b:b+\";\"}function U(a,b){P&&\"value\"==b&&T(a,\"OPTION\")&&null===S(a,\"value\")?(b=[],R(a,b,!1),a=b.join(\"\")):a=a[b];return a}\nfunction T(a,b){b&&\"string\"!==typeof b&&(b=b.toString());return a instanceof HTMLFormElement?!!a&&1==a.nodeType&&(!b||\"FORM\"==b):!!a&&1==a.nodeType&&(!b||a.tagName.toUpperCase()==b)}function V(a){return T(a,\"OPTION\")?!0:T(a,\"INPUT\")?(a=a.type.toLowerCase(),\"checkbox\"==a||\"radio\"==a):!1};var fa={\"class\":\"className\",readonly:\"readOnly\"},ha=\"allowfullscreen allowpaymentrequest allowusermedia async autofocus autoplay checked compact complete controls declare default defaultchecked defaultselected defer disabled ended formnovalidate hidden indeterminate iscontenteditable ismap itemscope loop multiple muted nohref nomodule noresize noshade novalidate nowrap open paused playsinline pubdate readonly required reversed scoped seamless seeking selected truespeed typemustmatch willvalidate\".split(\" \");function W(a,b){var c=null,e=b.toLowerCase();if(\"style\"==e)return(c=a.style)&&\"string\"!=typeof c&&(c=c.cssText),c;if((\"selected\"==e||\"checked\"==e)&&V(a)){if(!V(a))throw new l(15,\"Element is not selectable\");b=\"selected\";c=a.type&&a.type.toLowerCase();if(\"checkbox\"==c||\"radio\"==c)b=\"checked\";return U(a,b)?\"true\":null}var g=T(a,\"A\");if(T(a,\"IMG\")&&\"src\"==e||g&&\"href\"==e)return(c=S(a,e))&&(c=U(a,e)),c;if(\"spellcheck\"==e){c=S(a,e);if(null!==c){if(\"false\"==c.toLowerCase())return\"false\";if(\"true\"==c.toLowerCase())return\"true\"}return U(a,\ne)+\"\"}g=fa[b]||b;if(0\u003C=h(ha,e))return(c=null!==S(a,b)||U(a,g))?\"true\":null;try{var x=U(a,g)}catch(ia){}(e=null==x)||(e=typeof x,e=\"object\"==e&&null!=x||\"function\"==e);e?c=S(a,b):c=x;return null!=c?c.toString():null}var X=[\"se_exportedFunctionSymbol\"],Y=d;X[0]in Y||\"undefined\"==typeof Y.execScript||Y.execScript(\"var \"+X[0]);for(var Z;X.length&&(Z=X.shift());)X.length||void 0===W?Y[Z]&&Y[Z]!==Object.prototype[Z]?Y=Y[Z]:Y=Y[Z]={}:Y[Z]=W;; return this.se_exportedFunctionSymbol.apply(null,arguments);}).apply(window, arguments);}\n).apply(null, arguments);"
}
[1769669277.617][INFO]: Waiting for pending navigations...
[1769669277.618][INFO]: Done waiting for pending navigations. Status: ok
[1769669277.620][INFO]: Waiting for pending navigations...
[1769669277.621][INFO]: Done waiting for pending navigations. Status: ok
[1769669277.621][INFO]: [e9bdbd4df8cae9f7a7b05ef895e65b5c] RESPONSE ExecuteScript "https://gg.asuracomic.net/storage/media/405806/conversions/00000-copy-optimized.webp"
[1769669277.622][INFO]: [e9bdbd4df8cae9f7a7b05ef895e65b5c] COMMAND ExecuteScript {
   "args": [ {
      "element-6066-11e4-a52e-4f735466cecf": "f.CAA1FE4C08EC3FB8AD3888983C4001B7.d.728B49898D8128A16D8B333025A9BEAB.e.25"
   }, "alt" ],
   "script": "/* getAttribute */return (function(){return (function(){var d=this||self;function f(a,b){function c(){}c.prototype=b.prototype;a.prototype=new c;a.prototype.constructor=a};var h=Array.prototype.indexOf?function(a,b){return Array.prototype.indexOf.call(a,b,void 0)}:function(a,b){if(\"string\"===typeof a)return\"string\"!==typeof b||1!=b.length?-1:a.indexOf(b,0);for(var c=0;c\u003Ca.length;c++)if(c in a&&a[c]===b)return c;return-1},k=Array.prototype.forEach?function(a,b){Array.prototype.forEach.call(a,b,void 0)}:function(a,b){for(var c=a.length,e=\"string\"===typeof a?a.split(\"\"):a,g=0;g\u003Cc;g++)g in e&&b.call(void 0,e[g],g,a)};function l(a,b){this.code=a;this.a=m[a]||n;this.message=b||\"\";a=this.a.replace(/((?:^|\\s+)[a-z])/g,function(c){return c.toUpperCase().replace(/^[\\s\\xa0]+/g,\"\")});b=a.length-5;if(0>b||a.indexOf(\"Error\",b)!=b)a+=\"Error\";this.name=a;a=Error(this.message);a.name=this.name;this.stack=a.stack||\"\"}f(l,Error);var n=\"unknown error\",m={15:\"element not selectable\",11:\"element not visible\"};m[31]=n;m[30]=n;m[24]=\"invalid cookie domain\";m[29]=\"invalid element coordinates\";m[12]=\"invalid element state\";m[32]=\"invalid selector\";\nm[51]=\"invalid selector\";m[52]=\"invalid selector\";m[17]=\"javascript error\";m[405]=\"unsupported operation\";m[34]=\"move target out of bounds\";m[27]=\"no such alert\";m[7]=\"no such element\";m[8]=\"no such frame\";m[23]=\"no such window\";m[28]=\"script timeout\";m[33]=\"session not created\";m[10]=\"stale element reference\";m[21]=\"timeout\";m[25]=\"unable to set cookie\";m[26]=\"unexpected alert open\";m[13]=n;m[9]=\"unknown command\";var p;a:{var q=d.navigator;if(q){var r=q.userAgent;if(r){p=r;break a}}p=\"\"}function t(a){return-1!=p.indexOf(a)};function u(){return t(\"Firefox\")||t(\"FxiOS\")}function v(){return(t(\"Chrome\")||t(\"CriOS\"))&&!t(\"Edge\")};function w(){return t(\"iPhone\")&&!t(\"iPod\")&&!t(\"iPad\")};var y=t(\"Opera\"),z=t(\"Trident\")||t(\"MSIE\"),A=t(\"Edge\"),B=t(\"Gecko\")&&!(-1!=p.toLowerCase().indexOf(\"webkit\")&&!t(\"Edge\"))&&!(t(\"Trident\")||t(\"MSIE\"))&&!t(\"Edge\"),C=-1!=p.toLowerCase().indexOf(\"webkit\")&&!t(\"Edge\");function D(){var a=d.document;return a?a.documentMode:void 0}var E;\na:{var F=\"\",G=function(){var a=p;if(B)return/rv:([^\\);]+)(\\)|;)/.exec(a);if(A)return/Edge\\/([\\d\\.]+)/.exec(a);if(z)return/\\b(?:MSIE|rv)[: ]([^\\);]+)(\\)|;)/.exec(a);if(C)return/WebKit\\/(\\S+)/.exec(a);if(y)return/(?:Version)[ \\/]?(\\S+)/.exec(a)}();G&&(F=G?G[1]:\"\");if(z){var H=D();if(null!=H&&H>parseFloat(F)){E=String(H);break a}}E=F}var I;I=d.document&&z?D():void 0;var J=u(),K=w()||t(\"iPod\"),L=t(\"iPad\"),M=t(\"Android\")&&!(v()||u()||t(\"Opera\")||t(\"Silk\")),N=v(),aa=t(\"Safari\")&&!(v()||t(\"Coast\")||t(\"Opera\")||t(\"Edge\")||t(\"Edg/\")||t(\"OPR\")||u()||t(\"Silk\")||t(\"Android\"))&&!(w()||t(\"iPad\")||t(\"iPod\"));function O(a){return(a=a.exec(p))?a[1]:\"\"}(function(){if(J)return O(/Firefox\\/([0-9.]+)/);if(z||A||y)return E;if(N)return w()||t(\"iPad\")||t(\"iPod\")?O(/CriOS\\/([0-9.]+)/):O(/Chrome\\/([0-9.]+)/);if(aa&&!(w()||t(\"iPad\")||t(\"iPod\")))return O(/Version\\/([0-9.]+)/);if(K||L){var a=/Version\\/(\\S+).*Mobile\\/(\\S+)/.exec(p);if(a)return a[1]+\".\"+a[2]}else if(M)return(a=O(/Android\\s+([0-9.]+)/))?a:O(/Version\\/([0-9.]+)/);return\"\"})();var P=z&&!(8\u003C=Number(I)),ba=z&&!(9\u003C=Number(I));var ca={SCRIPT:1,STYLE:1,HEAD:1,IFRAME:1,OBJECT:1},Q={IMG:\" \",BR:\"\\n\"};function R(a,b,c){if(!(a.nodeName in ca))if(3==a.nodeType)c?b.push(String(a.nodeValue).replace(/(\\r\\n|\\r|\\n)/g,\"\")):b.push(a.nodeValue);else if(a.nodeName in Q)b.push(Q[a.nodeName]);else for(a=a.firstChild;a;)R(a,b,c),a=a.nextSibling};function S(a,b){b=b.toLowerCase();return\"style\"==b?da(a.style.cssText):P&&\"value\"==b&&T(a,\"INPUT\")?a.value:ba&&!0===a[b]?String(a.getAttribute(b)):(a=a.getAttributeNode(b))&&a.specified?a.value:null}var ea=/[;]+(?=(?:(?:[^\"]*\"){2})*[^\"]*$)(?=(?:(?:[^']*'){2})*[^']*$)(?=(?:[^()]*\\([^()]*\\))*[^()]*$)/;\nfunction da(a){var b=[];k(a.split(ea),function(c){var e=c.indexOf(\":\");0\u003Ce&&(c=[c.slice(0,e),c.slice(e+1)],2==c.length&&b.push(c[0].toLowerCase(),\":\",c[1],\";\"))});b=b.join(\"\");return b=\";\"==b.charAt(b.length-1)?b:b+\";\"}function U(a,b){P&&\"value\"==b&&T(a,\"OPTION\")&&null===S(a,\"value\")?(b=[],R(a,b,!1),a=b.join(\"\")):a=a[b];return a}\nfunction T(a,b){b&&\"string\"!==typeof b&&(b=b.toString());return a instanceof HTMLFormElement?!!a&&1==a.nodeType&&(!b||\"FORM\"==b):!!a&&1==a.nodeType&&(!b||a.tagName.toUpperCase()==b)}function V(a){return T(a,\"OPTION\")?!0:T(a,\"INPUT\")?(a=a.type.toLowerCase(),\"checkbox\"==a||\"radio\"==a):!1};var fa={\"class\":\"className\",readonly:\"readOnly\"},ha=\"allowfullscreen allowpaymentrequest allowusermedia async autofocus autoplay checked compact complete controls declare default defaultchecked defaultselected defer disabled ended formnovalidate hidden indeterminate iscontenteditable ismap itemscope loop multiple muted nohref nomodule noresize noshade novalidate nowrap open paused playsinline pubdate readonly required reversed scoped seamless seeking selected truespeed typemustmatch willvalidate\".split(\" \");function W(a,b){var c=null,e=b.toLowerCase();if(\"style\"==e)return(c=a.style)&&\"string\"!=typeof c&&(c=c.cssText),c;if((\"selected\"==e||\"checked\"==e)&&V(a)){if(!V(a))throw new l(15,\"Element is not selectable\");b=\"selected\";c=a.type&&a.type.toLowerCase();if(\"checkbox\"==c||\"radio\"==c)b=\"checked\";return U(a,b)?\"true\":null}var g=T(a,\"A\");if(T(a,\"IMG\")&&\"src\"==e||g&&\"href\"==e)return(c=S(a,e))&&(c=U(a,e)),c;if(\"spellcheck\"==e){c=S(a,e);if(null!==c){if(\"false\"==c.toLowerCase())return\"false\";if(\"true\"==c.toLowerCase())return\"true\"}return U(a,\ne)+\"\"}g=fa[b]||b;if(0\u003C=h(ha,e))return(c=null!==S(a,b)||U(a,g))?\"true\":null;try{var x=U(a,g)}catch(ia){}(e=null==x)||(e=typeof x,e=\"object\"==e&&null!=x||\"function\"==e);e?c=S(a,b):c=x;return null!=c?c.toString():null}var X=[\"se_exportedFunctionSymbol\"],Y=d;X[0]in Y||\"undefined\"==typeof Y.execScript||Y.execScript(\"var \"+X[0]);for(var Z;X.length&&(Z=X.shift());)X.length||void 0===W?Y[Z]&&Y[Z]!==Object.prototype[Z]?Y=Y[Z]:Y=Y[Z]={}:Y[Z]=W;; return this.se_exportedFunctionSymbol.apply(null,arguments);}).apply(window, arguments);}\n).apply(null, arguments);"
}
[1769669277.622][INFO]: Waiting for pending navigations...
[1769669277.622][INFO]: Done waiting for pending navigations. Status: ok
[1769669277.625][INFO]: Waiting for pending navigations...
[1769669277.625][INFO]: Done waiting for pending navigations. Status: ok
[1769669277.625][INFO]: [e9bdbd4df8cae9f7a7b05ef895e65b5c] RESPONSE ExecuteScript "chapter page 2"
[1769669277.626][INFO]: [e9bdbd4df8cae9f7a7b05ef895e65b5c] COMMAND ExecuteScript {
   "args": [ {
      "element-6066-11e4-a52e-4f735466cecf": "f.CAA1FE4C08EC3FB8AD3888983C4001B7.d.728B49898D8128A16D8B333025A9BEAB.e.25"
   }, "currentSrc" ],
   "script": "/* getAttribute */return (function(){return (function(){var d=this||self;function f(a,b){function c(){}c.prototype=b.prototype;a.prototype=new c;a.prototype.constructor=a};var h=Array.prototype.indexOf?function(a,b){return Array.prototype.indexOf.call(a,b,void 0)}:function(a,b){if(\"string\"===typeof a)return\"string\"!==typeof b||1!=b.length?-1:a.indexOf(b,0);for(var c=0;c\u003Ca.length;c++)if(c in a&&a[c]===b)return c;return-1},k=Array.prototype.forEach?function(a,b){Array.prototype.forEach.call(a,b,void 0)}:function(a,b){for(var c=a.length,e=\"string\"===typeof a?a.split(\"\"):a,g=0;g\u003Cc;g++)g in e&&b.call(void 0,e[g],g,a)};function l(a,b){this.code=a;this.a=m[a]||n;this.message=b||\"\";a=this.a.replace(/((?:^|\\s+)[a-z])/g,function(c){return c.toUpperCase().replace(/^[\\s\\xa0]+/g,\"\")});b=a.length-5;if(0>b||a.indexOf(\"Error\",b)!=b)a+=\"Error\";this.name=a;a=Error(this.message);a.name=this.name;this.stack=a.stack||\"\"}f(l,Error);var n=\"unknown error\",m={15:\"element not selectable\",11:\"element not visible\"};m[31]=n;m[30]=n;m[24]=\"invalid cookie domain\";m[29]=\"invalid element coordinates\";m[12]=\"invalid element state\";m[32]=\"invalid selector\";\nm[51]=\"invalid selector\";m[52]=\"invalid selector\";m[17]=\"javascript error\";m[405]=\"unsupported operation\";m[34]=\"move target out of bounds\";m[27]=\"no such alert\";m[7]=\"no such element\";m[8]=\"no such frame\";m[23]=\"no such window\";m[28]=\"script timeout\";m[33]=\"session not created\";m[10]=\"stale element reference\";m[21]=\"timeout\";m[25]=\"unable to set cookie\";m[26]=\"unexpected alert open\";m[13]=n;m[9]=\"unknown command\";var p;a:{var q=d.navigator;if(q){var r=q.userAgent;if(r){p=r;break a}}p=\"\"}function t(a){return-1!=p.indexOf(a)};function u(){return t(\"Firefox\")||t(\"FxiOS\")}function v(){return(t(\"Chrome\")||t(\"CriOS\"))&&!t(\"Edge\")};function w(){return t(\"iPhone\")&&!t(\"iPod\")&&!t(\"iPad\")};var y=t(\"Opera\"),z=t(\"Trident\")||t(\"MSIE\"),A=t(\"Edge\"),B=t(\"Gecko\")&&!(-1!=p.toLowerCase().indexOf(\"webkit\")&&!t(\"Edge\"))&&!(t(\"Trident\")||t(\"MSIE\"))&&!t(\"Edge\"),C=-1!=p.toLowerCase().indexOf(\"webkit\")&&!t(\"Edge\");function D(){var a=d.document;return a?a.documentMode:void 0}var E;\na:{var F=\"\",G=function(){var a=p;if(B)return/rv:([^\\);]+)(\\)|;)/.exec(a);if(A)return/Edge\\/([\\d\\.]+)/.exec(a);if(z)return/\\b(?:MSIE|rv)[: ]([^\\);]+)(\\)|;)/.exec(a);if(C)return/WebKit\\/(\\S+)/.exec(a);if(y)return/(?:Version)[ \\/]?(\\S+)/.exec(a)}();G&&(F=G?G[1]:\"\");if(z){var H=D();if(null!=H&&H>parseFloat(F)){E=String(H);break a}}E=F}var I;I=d.document&&z?D():void 0;var J=u(),K=w()||t(\"iPod\"),L=t(\"iPad\"),M=t(\"Android\")&&!(v()||u()||t(\"Opera\")||t(\"Silk\")),N=v(),aa=t(\"Safari\")&&!(v()||t(\"Coast\")||t(\"Opera\")||t(\"Edge\")||t(\"Edg/\")||t(\"OPR\")||u()||t(\"Silk\")||t(\"Android\"))&&!(w()||t(\"iPad\")||t(\"iPod\"));function O(a){return(a=a.exec(p))?a[1]:\"\"}(function(){if(J)return O(/Firefox\\/([0-9.]+)/);if(z||A||y)return E;if(N)return w()||t(\"iPad\")||t(\"iPod\")?O(/CriOS\\/([0-9.]+)/):O(/Chrome\\/([0-9.]+)/);if(aa&&!(w()||t(\"iPad\")||t(\"iPod\")))return O(/Version\\/([0-9.]+)/);if(K||L){var a=/Version\\/(\\S+).*Mobile\\/(\\S+)/.exec(p);if(a)return a[1]+\".\"+a[2]}else if(M)return(a=O(/Android\\s+([0-9.]+)/))?a:O(/Version\\/([0-9.]+)/);return\"\"})();var P=z&&!(8\u003C=Number(I)),ba=z&&!(9\u003C=Number(I));var ca={SCRIPT:1,STYLE:1,HEAD:1,IFRAME:1,OBJECT:1},Q={IMG:\" \",BR:\"\\n\"};function R(a,b,c){if(!(a.nodeName in ca))if(3==a.nodeType)c?b.push(String(a.nodeValue).replace(/(\\r\\n|\\r|\\n)/g,\"\")):b.push(a.nodeValue);else if(a.nodeName in Q)b.push(Q[a.nodeName]);else for(a=a.firstChild;a;)R(a,b,c),a=a.nextSibling};function S(a,b){b=b.toLowerCase();return\"style\"==b?da(a.style.cssText):P&&\"value\"==b&&T(a,\"INPUT\")?a.value:ba&&!0===a[b]?String(a.getAttribute(b)):(a=a.getAttributeNode(b))&&a.specified?a.value:null}var ea=/[;]+(?=(?:(?:[^\"]*\"){2})*[^\"]*$)(?=(?:(?:[^']*'){2})*[^']*$)(?=(?:[^()]*\\([^()]*\\))*[^()]*$)/;\nfunction da(a){var b=[];k(a.split(ea),function(c){var e=c.indexOf(\":\");0\u003Ce&&(c=[c.slice(0,e),c.slice(e+1)],2==c.length&&b.push(c[0].toLowerCase(),\":\",c[1],\";\"))});b=b.join(\"\");return b=\";\"==b.charAt(b.length-1)?b:b+\";\"}function U(a,b){P&&\"value\"==b&&T(a,\"OPTION\")&&null===S(a,\"value\")?(b=[],R(a,b,!1),a=b.join(\"\")):a=a[b];return a}\nfunction T(a,b){b&&\"string\"!==typeof b&&(b=b.toString());return a instanceof HTMLFormElement?!!a&&1==a.nodeType&&(!b||\"FORM\"==b):!!a&&1==a.nodeType&&(!b||a.tagName.toUpperCase()==b)}function V(a){return T(a,\"OPTION\")?!0:T(a,\"INPUT\")?(a=a.type.toLowerCase(),\"checkbox\"==a||\"radio\"==a):!1};var fa={\"class\":\"className\",readonly:\"readOnly\"},ha=\"allowfullscreen allowpaymentrequest allowusermedia async autofocus autoplay checked compact complete controls declare default defaultchecked defaultselected defer disabled ended formnovalidate hidden indeterminate iscontenteditable ismap itemscope loop multiple muted nohref nomodule noresize noshade novalidate nowrap open paused playsinline pubdate readonly required reversed scoped seamless seeking selected truespeed typemustmatch willvalidate\".split(\" \");function W(a,b){var c=null,e=b.toLowerCase();if(\"style\"==e)return(c=a.style)&&\"string\"!=typeof c&&(c=c.cssText),c;if((\"selected\"==e||\"checked\"==e)&&V(a)){if(!V(a))throw new l(15,\"Element is not selectable\");b=\"selected\";c=a.type&&a.type.toLowerCase();if(\"checkbox\"==c||\"radio\"==c)b=\"checked\";return U(a,b)?\"true\":null}var g=T(a,\"A\");if(T(a,\"IMG\")&&\"src\"==e||g&&\"href\"==e)return(c=S(a,e))&&(c=U(a,e)),c;if(\"spellcheck\"==e){c=S(a,e);if(null!==c){if(\"false\"==c.toLowerCase())return\"false\";if(\"true\"==c.toLowerCase())return\"true\"}return U(a,\ne)+\"\"}g=fa[b]||b;if(0\u003C=h(ha,e))return(c=null!==S(a,b)||U(a,g))?\"true\":null;try{var x=U(a,g)}catch(ia){}(e=null==x)||(e=typeof x,e=\"object\"==e&&null!=x||\"function\"==e);e?c=S(a,b):c=x;return null!=c?c.toString():null}var X=[\"se_exportedFunctionSymbol\"],Y=d;X[0]in Y||\"undefined\"==typeof Y.execScript||Y.execScript(\"var \"+X[0]);for(var Z;X.length&&(Z=X.shift());)X.length||void 0===W?Y[Z]&&Y[Z]!==Object.prototype[Z]?Y=Y[Z]:Y=Y[Z]={}:Y[Z]=W;; return this.se_exportedFunctionSymbol.apply(null,arguments);}).apply(window, arguments);}\n).apply(null, arguments);"
}
[1769669277.626][INFO]: Waiting for pending navigations...
[1769669277.627][INFO]: Done waiting for pending navigations. Status: ok
[1769669277.629][INFO]: Waiting for pending navigations...
[1769669277.629][INFO]: Done waiting for pending navigations. Status: ok
[1769669277.629][INFO]: [e9bdbd4df8cae9f7a7b05ef895e65b5c] RESPONSE ExecuteScript "https://gg.asuracomic.net/storage/media/405807/conversions/01-optimized.webp"
[1769669277.630][INFO]: [e9bdbd4df8cae9f7a7b05ef895e65b5c] COMMAND ExecuteScript {
   "args": [ {
      "element-6066-11e4-a52e-4f735466cecf": "f.CAA1FE4C08EC3FB8AD3888983C4001B7.d.728B49898D8128A16D8B333025A9BEAB.e.26"
   }, "alt" ],
   "script": "/* getAttribute */return (function(){return (function(){var d=this||self;function f(a,b){function c(){}c.prototype=b.prototype;a.prototype=new c;a.prototype.constructor=a};var h=Array.prototype.indexOf?function(a,b){return Array.prototype.indexOf.call(a,b,void 0)}:function(a,b){if(\"string\"===typeof a)return\"string\"!==typeof b||1!=b.length?-1:a.indexOf(b,0);for(var c=0;c\u003Ca.length;c++)if(c in a&&a[c]===b)return c;return-1},k=Array.prototype.forEach?function(a,b){Array.prototype.forEach.call(a,b,void 0)}:function(a,b){for(var c=a.length,e=\"string\"===typeof a?a.split(\"\"):a,g=0;g\u003Cc;g++)g in e&&b.call(void 0,e[g],g,a)};function l(a,b){this.code=a;this.a=m[a]||n;this.message=b||\"\";a=this.a.replace(/((?:^|\\s+)[a-z])/g,function(c){return c.toUpperCase().replace(/^[\\s\\xa0]+/g,\"\")});b=a.length-5;if(0>b||a.indexOf(\"Error\",b)!=b)a+=\"Error\";this.name=a;a=Error(this.message);a.name=this.name;this.stack=a.stack||\"\"}f(l,Error);var n=\"unknown error\",m={15:\"element not selectable\",11:\"element not visible\"};m[31]=n;m[30]=n;m[24]=\"invalid cookie domain\";m[29]=\"invalid element coordinates\";m[12]=\"invalid element state\";m[32]=\"invalid selector\";\nm[51]=\"invalid selector\";m[52]=\"invalid selector\";m[17]=\"javascript error\";m[405]=\"unsupported operation\";m[34]=\"move target out of bounds\";m[27]=\"no such alert\";m[7]=\"no such element\";m[8]=\"no such frame\";m[23]=\"no such window\";m[28]=\"script timeout\";m[33]=\"session not created\";m[10]=\"stale element reference\";m[21]=\"timeout\";m[25]=\"unable to set cookie\";m[26]=\"unexpected alert open\";m[13]=n;m[9]=\"unknown command\";var p;a:{var q=d.navigator;if(q){var r=q.userAgent;if(r){p=r;break a}}p=\"\"}function t(a){return-1!=p.indexOf(a)};function u(){return t(\"Firefox\")||t(\"FxiOS\")}function v(){return(t(\"Chrome\")||t(\"CriOS\"))&&!t(\"Edge\")};function w(){return t(\"iPhone\")&&!t(\"iPod\")&&!t(\"iPad\")};var y=t(\"Opera\"),z=t(\"Trident\")||t(\"MSIE\"),A=t(\"Edge\"),B=t(\"Gecko\")&&!(-1!=p.toLowerCase().indexOf(\"webkit\")&&!t(\"Edge\"))&&!(t(\"Trident\")||t(\"MSIE\"))&&!t(\"Edge\"),C=-1!=p.toLowerCase().indexOf(\"webkit\")&&!t(\"Edge\");function D(){var a=d.document;return a?a.documentMode:void 0}var E;\na:{var F=\"\",G=function(){var a=p;if(B)return/rv:([^\\);]+)(\\)|;)/.exec(a);if(A)return/Edge\\/([\\d\\.]+)/.exec(a);if(z)return/\\b(?:MSIE|rv)[: ]([^\\);]+)(\\)|;)/.exec(a);if(C)return/WebKit\\/(\\S+)/.exec(a);if(y)return/(?:Version)[ \\/]?(\\S+)/.exec(a)}();G&&(F=G?G[1]:\"\");if(z){var H=D();if(null!=H&&H>parseFloat(F)){E=String(H);break a}}E=F}var I;I=d.document&&z?D():void 0;var J=u(),K=w()||t(\"iPod\"),L=t(\"iPad\"),M=t(\"Android\")&&!(v()||u()||t(\"Opera\")||t(\"Silk\")),N=v(),aa=t(\"Safari\")&&!(v()||t(\"Coast\")||t(\"Opera\")||t(\"Edge\")||t(\"Edg/\")||t(\"OPR\")||u()||t(\"Silk\")||t(\"Android\"))&&!(w()||t(\"iPad\")||t(\"iPod\"));function O(a){return(a=a.exec(p))?a[1]:\"\"}(function(){if(J)return O(/Firefox\\/([0-9.]+)/);if(z||A||y)return E;if(N)return w()||t(\"iPad\")||t(\"iPod\")?O(/CriOS\\/([0-9.]+)/):O(/Chrome\\/([0-9.]+)/);if(aa&&!(w()||t(\"iPad\")||t(\"iPod\")))return O(/Version\\/([0-9.]+)/);if(K||L){var a=/Version\\/(\\S+).*Mobile\\/(\\S+)/.exec(p);if(a)return a[1]+\".\"+a[2]}else if(M)return(a=O(/Android\\s+([0-9.]+)/))?a:O(/Version\\/([0-9.]+)/);return\"\"})();var P=z&&!(8\u003C=Number(I)),ba=z&&!(9\u003C=Number(I));var ca={SCRIPT:1,STYLE:1,HEAD:1,IFRAME:1,OBJECT:1},Q={IMG:\" \",BR:\"\\n\"};function R(a,b,c){if(!(a.nodeName in ca))if(3==a.nodeType)c?b.push(String(a.nodeValue).replace(/(\\r\\n|\\r|\\n)/g,\"\")):b.push(a.nodeValue);else if(a.nodeName in Q)b.push(Q[a.nodeName]);else for(a=a.firstChild;a;)R(a,b,c),a=a.nextSibling};function S(a,b){b=b.toLowerCase();return\"style\"==b?da(a.style.cssText):P&&\"value\"==b&&T(a,\"INPUT\")?a.value:ba&&!0===a[b]?String(a.getAttribute(b)):(a=a.getAttributeNode(b))&&a.specified?a.value:null}var ea=/[;]+(?=(?:(?:[^\"]*\"){2})*[^\"]*$)(?=(?:(?:[^']*'){2})*[^']*$)(?=(?:[^()]*\\([^()]*\\))*[^()]*$)/;\nfunction da(a){var b=[];k(a.split(ea),function(c){var e=c.indexOf(\":\");0\u003Ce&&(c=[c.slice(0,e),c.slice(e+1)],2==c.length&&b.push(c[0].toLowerCase(),\":\",c[1],\";\"))});b=b.join(\"\");return b=\";\"==b.charAt(b.length-1)?b:b+\";\"}function U(a,b){P&&\"value\"==b&&T(a,\"OPTION\")&&null===S(a,\"value\")?(b=[],R(a,b,!1),a=b.join(\"\")):a=a[b];return a}\nfunction T(a,b){b&&\"string\"!==typeof b&&(b=b.toString());return a instanceof HTMLFormElement?!!a&&1==a.nodeType&&(!b||\"FORM\"==b):!!a&&1==a.nodeType&&(!b||a.tagName.toUpperCase()==b)}function V(a){return T(a,\"OPTION\")?!0:T(a,\"INPUT\")?(a=a.type.toLowerCase(),\"checkbox\"==a||\"radio\"==a):!1};var fa={\"class\":\"className\",readonly:\"readOnly\"},ha=\"allowfullscreen allowpaymentrequest allowusermedia async autofocus autoplay checked compact complete controls declare default defaultchecked defaultselected defer disabled ended formnovalidate hidden indeterminate iscontenteditable ismap itemscope loop multiple muted nohref nomodule noresize noshade novalidate nowrap open paused playsinline pubdate readonly required reversed scoped seamless seeking selected truespeed typemustmatch willvalidate\".split(\" \");function W(a,b){var c=null,e=b.toLowerCase();if(\"style\"==e)return(c=a.style)&&\"string\"!=typeof c&&(c=c.cssText),c;if((\"selected\"==e||\"checked\"==e)&&V(a)){if(!V(a))throw new l(15,\"Element is not selectable\");b=\"selected\";c=a.type&&a.type.toLowerCase();if(\"checkbox\"==c||\"radio\"==c)b=\"checked\";return U(a,b)?\"true\":null}var g=T(a,\"A\");if(T(a,\"IMG\")&&\"src\"==e||g&&\"href\"==e)return(c=S(a,e))&&(c=U(a,e)),c;if(\"spellcheck\"==e){c=S(a,e);if(null!==c){if(\"false\"==c.toLowerCase())return\"false\";if(\"true\"==c.toLowerCase())return\"true\"}return U(a,\ne)+\"\"}g=fa[b]||b;if(0\u003C=h(ha,e))return(c=null!==S(a,b)||U(a,g))?\"true\":null;try{var x=U(a,g)}catch(ia){}(e=null==x)||(e=typeof x,e=\"object\"==e&&null!=x||\"function\"==e);e?c=S(a,b):c=x;return null!=c?c.toString():null}var X=[\"se_exportedFunctionSymbol\"],Y=d;X[0]in Y||\"undefined\"==typeof Y.execScript||Y.execScript(\"var \"+X[0]);for(var Z;X.length&&(Z=X.shift());)X.length||void 0===W?Y[Z]&&Y[Z]!==Object.prototype[Z]?Y=Y[Z]:Y=Y[Z]={}:Y[Z]=W;; return this.se_exportedFunctionSymbol.apply(null,arguments);}).apply(window, arguments);}\n).apply(null, arguments);"
}
[1769669277.630][INFO]: Waiting for pending navigations...
[1769669277.631][INFO]: Done waiting for pending navigations. Status: ok
[1769669277.633][INFO]: Waiting for pending navigations...
[1769669277.633][INFO]: Done waiting for pending navigations. Status: ok
[1769669277.633][INFO]: [e9bdbd4df8cae9f7a7b05ef895e65b5c] RESPONSE ExecuteScript "chapter page 3"
[1769669277.634][INFO]: [e9bdbd4df8cae9f7a7b05ef895e65b5c] COMMAND ExecuteScript {
   "args": [ {
      "element-6066-11e4-a52e-4f735466cecf": "f.CAA1FE4C08EC3FB8AD3888983C4001B7.d.728B49898D8128A16D8B333025A9BEAB.e.26"
   }, "currentSrc" ],
   "script": "/* getAttribute */return (function(){return (function(){var d=this||self;function f(a,b){function c(){}c.prototype=b.prototype;a.prototype=new c;a.prototype.constructor=a};var h=Array.prototype.indexOf?function(a,b){return Array.prototype.indexOf.call(a,b,void 0)}:function(a,b){if(\"string\"===typeof a)return\"string\"!==typeof b||1!=b.length?-1:a.indexOf(b,0);for(var c=0;c\u003Ca.length;c++)if(c in a&&a[c]===b)return c;return-1},k=Array.prototype.forEach?function(a,b){Array.prototype.forEach.call(a,b,void 0)}:function(a,b){for(var c=a.length,e=\"string\"===typeof a?a.split(\"\"):a,g=0;g\u003Cc;g++)g in e&&b.call(void 0,e[g],g,a)};function l(a,b){this.code=a;this.a=m[a]||n;this.message=b||\"\";a=this.a.replace(/((?:^|\\s+)[a-z])/g,function(c){return c.toUpperCase().replace(/^[\\s\\xa0]+/g,\"\")});b=a.length-5;if(0>b||a.indexOf(\"Error\",b)!=b)a+=\"Error\";this.name=a;a=Error(this.message);a.name=this.name;this.stack=a.stack||\"\"}f(l,Error);var n=\"unknown error\",m={15:\"element not selectable\",11:\"element not visible\"};m[31]=n;m[30]=n;m[24]=\"invalid cookie domain\";m[29]=\"invalid element coordinates\";m[12]=\"invalid element state\";m[32]=\"invalid selector\";\nm[51]=\"invalid selector\";m[52]=\"invalid selector\";m[17]=\"javascript error\";m[405]=\"unsupported operation\";m[34]=\"move target out of bounds\";m[27]=\"no such alert\";m[7]=\"no such element\";m[8]=\"no such frame\";m[23]=\"no such window\";m[28]=\"script timeout\";m[33]=\"session not created\";m[10]=\"stale element reference\";m[21]=\"timeout\";m[25]=\"unable to set cookie\";m[26]=\"unexpected alert open\";m[13]=n;m[9]=\"unknown command\";var p;a:{var q=d.navigator;if(q){var r=q.userAgent;if(r){p=r;break a}}p=\"\"}function t(a){return-1!=p.indexOf(a)};function u(){return t(\"Firefox\")||t(\"FxiOS\")}function v(){return(t(\"Chrome\")||t(\"CriOS\"))&&!t(\"Edge\")};function w(){return t(\"iPhone\")&&!t(\"iPod\")&&!t(\"iPad\")};var y=t(\"Opera\"),z=t(\"Trident\")||t(\"MSIE\"),A=t(\"Edge\"),B=t(\"Gecko\")&&!(-1!=p.toLowerCase().indexOf(\"webkit\")&&!t(\"Edge\"))&&!(t(\"Trident\")||t(\"MSIE\"))&&!t(\"Edge\"),C=-1!=p.toLowerCase().indexOf(\"webkit\")&&!t(\"Edge\");function D(){var a=d.document;return a?a.documentMode:void 0}var E;\na:{var F=\"\",G=function(){var a=p;if(B)return/rv:([^\\);]+)(\\)|;)/.exec(a);if(A)return/Edge\\/([\\d\\.]+)/.exec(a);if(z)return/\\b(?:MSIE|rv)[: ]([^\\);]+)(\\)|;)/.exec(a);if(C)return/WebKit\\/(\\S+)/.exec(a);if(y)return/(?:Version)[ \\/]?(\\S+)/.exec(a)}();G&&(F=G?G[1]:\"\");if(z){var H=D();if(null!=H&&H>parseFloat(F)){E=String(H);break a}}E=F}var I;I=d.document&&z?D():void 0;var J=u(),K=w()||t(\"iPod\"),L=t(\"iPad\"),M=t(\"Android\")&&!(v()||u()||t(\"Opera\")||t(\"Silk\")),N=v(),aa=t(\"Safari\")&&!(v()||t(\"Coast\")||t(\"Opera\")||t(\"Edge\")||t(\"Edg/\")||t(\"OPR\")||u()||t(\"Silk\")||t(\"Android\"))&&!(w()||t(\"iPad\")||t(\"iPod\"));function O(a){return(a=a.exec(p))?a[1]:\"\"}(function(){if(J)return O(/Firefox\\/([0-9.]+)/);if(z||A||y)return E;if(N)return w()||t(\"iPad\")||t(\"iPod\")?O(/CriOS\\/([0-9.]+)/):O(/Chrome\\/([0-9.]+)/);if(aa&&!(w()||t(\"iPad\")||t(\"iPod\")))return O(/Version\\/([0-9.]+)/);if(K||L){var a=/Version\\/(\\S+).*Mobile\\/(\\S+)/.exec(p);if(a)return a[1]+\".\"+a[2]}else if(M)return(a=O(/Android\\s+([0-9.]+)/))?a:O(/Version\\/([0-9.]+)/);return\"\"})();var P=z&&!(8\u003C=Number(I)),ba=z&&!(9\u003C=Number(I));var ca={SCRIPT:1,STYLE:1,HEAD:1,IFRAME:1,OBJECT:1},Q={IMG:\" \",BR:\"\\n\"};function R(a,b,c){if(!(a.nodeName in ca))if(3==a.nodeType)c?b.push(String(a.nodeValue).replace(/(\\r\\n|\\r|\\n)/g,\"\")):b.push(a.nodeValue);else if(a.nodeName in Q)b.push(Q[a.nodeName]);else for(a=a.firstChild;a;)R(a,b,c),a=a.nextSibling};function S(a,b){b=b.toLowerCase();return\"style\"==b?da(a.style.cssText):P&&\"value\"==b&&T(a,\"INPUT\")?a.value:ba&&!0===a[b]?String(a.getAttribute(b)):(a=a.getAttributeNode(b))&&a.specified?a.value:null}var ea=/[;]+(?=(?:(?:[^\"]*\"){2})*[^\"]*$)(?=(?:(?:[^']*'){2})*[^']*$)(?=(?:[^()]*\\([^()]*\\))*[^()]*$)/;\nfunction da(a){var b=[];k(a.split(ea),function(c){var e=c.indexOf(\":\");0\u003Ce&&(c=[c.slice(0,e),c.slice(e+1)],2==c.length&&b.push(c[0].toLowerCase(),\":\",c[1],\";\"))});b=b.join(\"\");return b=\";\"==b.charAt(b.length-1)?b:b+\";\"}function U(a,b){P&&\"value\"==b&&T(a,\"OPTION\")&&null===S(a,\"value\")?(b=[],R(a,b,!1),a=b.join(\"\")):a=a[b];return a}\nfunction T(a,b){b&&\"string\"!==typeof b&&(b=b.toString());return a instanceof HTMLFormElement?!!a&&1==a.nodeType&&(!b||\"FORM\"==b):!!a&&1==a.nodeType&&(!b||a.tagName.toUpperCase()==b)}function V(a){return T(a,\"OPTION\")?!0:T(a,\"INPUT\")?(a=a.type.toLowerCase(),\"checkbox\"==a||\"radio\"==a):!1};var fa={\"class\":\"className\",readonly:\"readOnly\"},ha=\"allowfullscreen allowpaymentrequest allowusermedia async autofocus autoplay checked compact complete controls declare default defaultchecked defaultselected defer disabled ended formnovalidate hidden indeterminate iscontenteditable ismap itemscope loop multiple muted nohref nomodule noresize noshade novalidate nowrap open paused playsinline pubdate readonly required reversed scoped seamless seeking selected truespeed typemustmatch willvalidate\".split(\" \");function W(a,b){var c=null,e=b.toLowerCase();if(\"style\"==e)return(c=a.style)&&\"string\"!=typeof c&&(c=c.cssText),c;if((\"selected\"==e||\"checked\"==e)&&V(a)){if(!V(a))throw new l(15,\"Element is not selectable\");b=\"selected\";c=a.type&&a.type.toLowerCase();if(\"checkbox\"==c||\"radio\"==c)b=\"checked\";return U(a,b)?\"true\":null}var g=T(a,\"A\");if(T(a,\"IMG\")&&\"src\"==e||g&&\"href\"==e)return(c=S(a,e))&&(c=U(a,e)),c;if(\"spellcheck\"==e){c=S(a,e);if(null!==c){if(\"false\"==c.toLowerCase())return\"false\";if(\"true\"==c.toLowerCase())return\"true\"}return U(a,\ne)+\"\"}g=fa[b]||b;if(0\u003C=h(ha,e))return(c=null!==S(a,b)||U(a,g))?\"true\":null;try{var x=U(a,g)}catch(ia){}(e=null==x)||(e=typeof x,e=\"object\"==e&&null!=x||\"function\"==e);e?c=S(a,b):c=x;return null!=c?c.toString():null}var X=[\"se_exportedFunctionSymbol\"],Y=d;X[0]in Y||\"undefined\"==typeof Y.execScript||Y.execScript(\"var \"+X[0]);for(var Z;X.length&&(Z=X.shift());)X.length||void 0===W?Y[Z]&&Y[Z]!==Object.prototype[Z]?Y=Y[Z]:Y=Y[Z]={}:Y[Z]=W;; return this.se_exportedFunctionSymbol.apply(null,arguments);}).apply(window, arguments);}\n).apply(null, arguments);"
}
[1769669277.634][INFO]: Waiting for pending navigations...
[1769669277.635][INFO]: Done waiting for pending navigations. Status: ok
[1769669277.637][INFO]: Waiting for pending navigations...
[1769669277.637][INFO]: Done waiting for pending navigations. Status: ok
[1769669277.637][INFO]: [e9bdbd4df8cae9f7a7b05ef895e65b5c] RESPONSE ExecuteScript "https://gg.asuracomic.net/storage/media/405808/conversions/02-optimized.webp"
[1769669277.638][INFO]: [e9bdbd4df8cae9f7a7b05ef895e65b5c] COMMAND ExecuteScript {
   "args": [ {
      "element-6066-11e4-a52e-4f735466cecf": "f.CAA1FE4C08EC3FB8AD3888983C4001B7.d.728B49898D8128A16D8B333025A9BEAB.e.27"
   }, "alt" ],
   "script": "/* getAttribute */return (function(){return (function(){var d=this||self;function f(a,b){function c(){}c.prototype=b.prototype;a.prototype=new c;a.prototype.constructor=a};var h=Array.prototype.indexOf?function(a,b){return Array.prototype.indexOf.call(a,b,void 0)}:function(a,b){if(\"string\"===typeof a)return\"string\"!==typeof b||1!=b.length?-1:a.indexOf(b,0);for(var c=0;c\u003Ca.length;c++)if(c in a&&a[c]===b)return c;return-1},k=Array.prototype.forEach?function(a,b){Array.prototype.forEach.call(a,b,void 0)}:function(a,b){for(var c=a.length,e=\"string\"===typeof a?a.split(\"\"):a,g=0;g\u003Cc;g++)g in e&&b.call(void 0,e[g],g,a)};function l(a,b){this.code=a;this.a=m[a]||n;this.message=b||\"\";a=this.a.replace(/((?:^|\\s+)[a-z])/g,function(c){return c.toUpperCase().replace(/^[\\s\\xa0]+/g,\"\")});b=a.length-5;if(0>b||a.indexOf(\"Error\",b)!=b)a+=\"Error\";this.name=a;a=Error(this.message);a.name=this.name;this.stack=a.stack||\"\"}f(l,Error);var n=\"unknown error\",m={15:\"element not selectable\",11:\"element not visible\"};m[31]=n;m[30]=n;m[24]=\"invalid cookie domain\";m[29]=\"invalid element coordinates\";m[12]=\"invalid element state\";m[32]=\"invalid selector\";\nm[51]=\"invalid selector\";m[52]=\"invalid selector\";m[17]=\"javascript error\";m[405]=\"unsupported operation\";m[34]=\"move target out of bounds\";m[27]=\"no such alert\";m[7]=\"no such element\";m[8]=\"no such frame\";m[23]=\"no such window\";m[28]=\"script timeout\";m[33]=\"session not created\";m[10]=\"stale element reference\";m[21]=\"timeout\";m[25]=\"unable to set cookie\";m[26]=\"unexpected alert open\";m[13]=n;m[9]=\"unknown command\";var p;a:{var q=d.navigator;if(q){var r=q.userAgent;if(r){p=r;break a}}p=\"\"}function t(a){return-1!=p.indexOf(a)};function u(){return t(\"Firefox\")||t(\"FxiOS\")}function v(){return(t(\"Chrome\")||t(\"CriOS\"))&&!t(\"Edge\")};function w(){return t(\"iPhone\")&&!t(\"iPod\")&&!t(\"iPad\")};var y=t(\"Opera\"),z=t(\"Trident\")||t(\"MSIE\"),A=t(\"Edge\"),B=t(\"Gecko\")&&!(-1!=p.toLowerCase().indexOf(\"webkit\")&&!t(\"Edge\"))&&!(t(\"Trident\")||t(\"MSIE\"))&&!t(\"Edge\"),C=-1!=p.toLowerCase().indexOf(\"webkit\")&&!t(\"Edge\");function D(){var a=d.document;return a?a.documentMode:void 0}var E;\na:{var F=\"\",G=function(){var a=p;if(B)return/rv:([^\\);]+)(\\)|;)/.exec(a);if(A)return/Edge\\/([\\d\\.]+)/.exec(a);if(z)return/\\b(?:MSIE|rv)[: ]([^\\);]+)(\\)|;)/.exec(a);if(C)return/WebKit\\/(\\S+)/.exec(a);if(y)return/(?:Version)[ \\/]?(\\S+)/.exec(a)}();G&&(F=G?G[1]:\"\");if(z){var H=D();if(null!=H&&H>parseFloat(F)){E=String(H);break a}}E=F}var I;I=d.document&&z?D():void 0;var J=u(),K=w()||t(\"iPod\"),L=t(\"iPad\"),M=t(\"Android\")&&!(v()||u()||t(\"Opera\")||t(\"Silk\")),N=v(),aa=t(\"Safari\")&&!(v()||t(\"Coast\")||t(\"Opera\")||t(\"Edge\")||t(\"Edg/\")||t(\"OPR\")||u()||t(\"Silk\")||t(\"Android\"))&&!(w()||t(\"iPad\")||t(\"iPod\"));function O(a){return(a=a.exec(p))?a[1]:\"\"}(function(){if(J)return O(/Firefox\\/([0-9.]+)/);if(z||A||y)return E;if(N)return w()||t(\"iPad\")||t(\"iPod\")?O(/CriOS\\/([0-9.]+)/):O(/Chrome\\/([0-9.]+)/);if(aa&&!(w()||t(\"iPad\")||t(\"iPod\")))return O(/Version\\/([0-9.]+)/);if(K||L){var a=/Version\\/(\\S+).*Mobile\\/(\\S+)/.exec(p);if(a)return a[1]+\".\"+a[2]}else if(M)return(a=O(/Android\\s+([0-9.]+)/))?a:O(/Version\\/([0-9.]+)/);return\"\"})();var P=z&&!(8\u003C=Number(I)),ba=z&&!(9\u003C=Number(I));var ca={SCRIPT:1,STYLE:1,HEAD:1,IFRAME:1,OBJECT:1},Q={IMG:\" \",BR:\"\\n\"};function R(a,b,c){if(!(a.nodeName in ca))if(3==a.nodeType)c?b.push(String(a.nodeValue).replace(/(\\r\\n|\\r|\\n)/g,\"\")):b.push(a.nodeValue);else if(a.nodeName in Q)b.push(Q[a.nodeName]);else for(a=a.firstChild;a;)R(a,b,c),a=a.nextSibling};function S(a,b){b=b.toLowerCase();return\"style\"==b?da(a.style.cssText):P&&\"value\"==b&&T(a,\"INPUT\")?a.value:ba&&!0===a[b]?String(a.getAttribute(b)):(a=a.getAttributeNode(b))&&a.specified?a.value:null}var ea=/[;]+(?=(?:(?:[^\"]*\"){2})*[^\"]*$)(?=(?:(?:[^']*'){2})*[^']*$)(?=(?:[^()]*\\([^()]*\\))*[^()]*$)/;\nfunction da(a){var b=[];k(a.split(ea),function(c){var e=c.indexOf(\":\");0\u003Ce&&(c=[c.slice(0,e),c.slice(e+1)],2==c.length&&b.push(c[0].toLowerCase(),\":\",c[1],\";\"))});b=b.join(\"\");return b=\";\"==b.charAt(b.length-1)?b:b+\";\"}function U(a,b){P&&\"value\"==b&&T(a,\"OPTION\")&&null===S(a,\"value\")?(b=[],R(a,b,!1),a=b.join(\"\")):a=a[b];return a}\nfunction T(a,b){b&&\"string\"!==typeof b&&(b=b.toString());return a instanceof HTMLFormElement?!!a&&1==a.nodeType&&(!b||\"FORM\"==b):!!a&&1==a.nodeType&&(!b||a.tagName.toUpperCase()==b)}function V(a){return T(a,\"OPTION\")?!0:T(a,\"INPUT\")?(a=a.type.toLowerCase(),\"checkbox\"==a||\"radio\"==a):!1};var fa={\"class\":\"className\",readonly:\"readOnly\"},ha=\"allowfullscreen allowpaymentrequest allowusermedia async autofocus autoplay checked compact complete controls declare default defaultchecked defaultselected defer disabled ended formnovalidate hidden indeterminate iscontenteditable ismap itemscope loop multiple muted nohref nomodule noresize noshade novalidate nowrap open paused playsinline pubdate readonly required reversed scoped seamless seeking selected truespeed typemustmatch willvalidate\".split(\" \");function W(a,b){var c=null,e=b.toLowerCase();if(\"style\"==e)return(c=a.style)&&\"string\"!=typeof c&&(c=c.cssText),c;if((\"selected\"==e||\"checked\"==e)&&V(a)){if(!V(a))throw new l(15,\"Element is not selectable\");b=\"selected\";c=a.type&&a.type.toLowerCase();if(\"checkbox\"==c||\"radio\"==c)b=\"checked\";return U(a,b)?\"true\":null}var g=T(a,\"A\");if(T(a,\"IMG\")&&\"src\"==e||g&&\"href\"==e)return(c=S(a,e))&&(c=U(a,e)),c;if(\"spellcheck\"==e){c=S(a,e);if(null!==c){if(\"false\"==c.toLowerCase())return\"false\";if(\"true\"==c.toLowerCase())return\"true\"}return U(a,\ne)+\"\"}g=fa[b]||b;if(0\u003C=h(ha,e))return(c=null!==S(a,b)||U(a,g))?\"true\":null;try{var x=U(a,g)}catch(ia){}(e=null==x)||(e=typeof x,e=\"object\"==e&&null!=x||\"function\"==e);e?c=S(a,b):c=x;return null!=c?c.toString():null}var X=[\"se_exportedFunctionSymbol\"],Y=d;X[0]in Y||\"undefined\"==typeof Y.execScript||Y.execScript(\"var \"+X[0]);for(var Z;X.length&&(Z=X.shift());)X.length||void 0===W?Y[Z]&&Y[Z]!==Object.prototype[Z]?Y=Y[Z]:Y=Y[Z]={}:Y[Z]=W;; return this.se_exportedFunctionSymbol.apply(null,arguments);}).apply(window, arguments);}\n).apply(null, arguments);"
}
[1769669277.638][INFO]: Waiting for pending navigations...
[1769669277.639][INFO]: Done waiting for pending navigations. Status: ok
[1769669277.641][INFO]: Waiting for pending navigations...
[1769669277.641][INFO]: Done waiting for pending navigations. Status: ok
[1769669277.641][INFO]: [e9bdbd4df8cae9f7a7b05ef895e65b5c] RESPONSE ExecuteScript "chapter page 4"
[1769669277.642][INFO]: [e9bdbd4df8cae9f7a7b05ef895e65b5c] COMMAND ExecuteScript {
   "args": [ {
      "element-6066-11e4-a52e-4f735466cecf": "f.CAA1FE4C08EC3FB8AD3888983C4001B7.d.728B49898D8128A16D8B333025A9BEAB.e.27"
   }, "currentSrc" ],
   "script": "/* getAttribute */return (function(){return (function(){var d=this||self;function f(a,b){function c(){}c.prototype=b.prototype;a.prototype=new c;a.prototype.constructor=a};var h=Array.prototype.indexOf?function(a,b){return Array.prototype.indexOf.call(a,b,void 0)}:function(a,b){if(\"string\"===typeof a)return\"string\"!==typeof b||1!=b.length?-1:a.indexOf(b,0);for(var c=0;c\u003Ca.length;c++)if(c in a&&a[c]===b)return c;return-1},k=Array.prototype.forEach?function(a,b){Array.prototype.forEach.call(a,b,void 0)}:function(a,b){for(var c=a.length,e=\"string\"===typeof a?a.split(\"\"):a,g=0;g\u003Cc;g++)g in e&&b.call(void 0,e[g],g,a)};function l(a,b){this.code=a;this.a=m[a]||n;this.message=b||\"\";a=this.a.replace(/((?:^|\\s+)[a-z])/g,function(c){return c.toUpperCase().replace(/^[\\s\\xa0]+/g,\"\")});b=a.length-5;if(0>b||a.indexOf(\"Error\",b)!=b)a+=\"Error\";this.name=a;a=Error(this.message);a.name=this.name;this.stack=a.stack||\"\"}f(l,Error);var n=\"unknown error\",m={15:\"element not selectable\",11:\"element not visible\"};m[31]=n;m[30]=n;m[24]=\"invalid cookie domain\";m[29]=\"invalid element coordinates\";m[12]=\"invalid element state\";m[32]=\"invalid selector\";\nm[51]=\"invalid selector\";m[52]=\"invalid selector\";m[17]=\"javascript error\";m[405]=\"unsupported operation\";m[34]=\"move target out of bounds\";m[27]=\"no such alert\";m[7]=\"no such element\";m[8]=\"no such frame\";m[23]=\"no such window\";m[28]=\"script timeout\";m[33]=\"session not created\";m[10]=\"stale element reference\";m[21]=\"timeout\";m[25]=\"unable to set cookie\";m[26]=\"unexpected alert open\";m[13]=n;m[9]=\"unknown command\";var p;a:{var q=d.navigator;if(q){var r=q.userAgent;if(r){p=r;break a}}p=\"\"}function t(a){return-1!=p.indexOf(a)};function u(){return t(\"Firefox\")||t(\"FxiOS\")}function v(){return(t(\"Chrome\")||t(\"CriOS\"))&&!t(\"Edge\")};function w(){return t(\"iPhone\")&&!t(\"iPod\")&&!t(\"iPad\")};var y=t(\"Opera\"),z=t(\"Trident\")||t(\"MSIE\"),A=t(\"Edge\"),B=t(\"Gecko\")&&!(-1!=p.toLowerCase().indexOf(\"webkit\")&&!t(\"Edge\"))&&!(t(\"Trident\")||t(\"MSIE\"))&&!t(\"Edge\"),C=-1!=p.toLowerCase().indexOf(\"webkit\")&&!t(\"Edge\");function D(){var a=d.document;return a?a.documentMode:void 0}var E;\na:{var F=\"\",G=function(){var a=p;if(B)return/rv:([^\\);]+)(\\)|;)/.exec(a);if(A)return/Edge\\/([\\d\\.]+)/.exec(a);if(z)return/\\b(?:MSIE|rv)[: ]([^\\);]+)(\\)|;)/.exec(a);if(C)return/WebKit\\/(\\S+)/.exec(a);if(y)return/(?:Version)[ \\/]?(\\S+)/.exec(a)}();G&&(F=G?G[1]:\"\");if(z){var H=D();if(null!=H&&H>parseFloat(F)){E=String(H);break a}}E=F}var I;I=d.document&&z?D():void 0;var J=u(),K=w()||t(\"iPod\"),L=t(\"iPad\"),M=t(\"Android\")&&!(v()||u()||t(\"Opera\")||t(\"Silk\")),N=v(),aa=t(\"Safari\")&&!(v()||t(\"Coast\")||t(\"Opera\")||t(\"Edge\")||t(\"Edg/\")||t(\"OPR\")||u()||t(\"Silk\")||t(\"Android\"))&&!(w()||t(\"iPad\")||t(\"iPod\"));function O(a){return(a=a.exec(p))?a[1]:\"\"}(function(){if(J)return O(/Firefox\\/([0-9.]+)/);if(z||A||y)return E;if(N)return w()||t(\"iPad\")||t(\"iPod\")?O(/CriOS\\/([0-9.]+)/):O(/Chrome\\/([0-9.]+)/);if(aa&&!(w()||t(\"iPad\")||t(\"iPod\")))return O(/Version\\/([0-9.]+)/);if(K||L){var a=/Version\\/(\\S+).*Mobile\\/(\\S+)/.exec(p);if(a)return a[1]+\".\"+a[2]}else if(M)return(a=O(/Android\\s+([0-9.]+)/))?a:O(/Version\\/([0-9.]+)/);return\"\"})();var P=z&&!(8\u003C=Number(I)),ba=z&&!(9\u003C=Number(I));var ca={SCRIPT:1,STYLE:1,HEAD:1,IFRAME:1,OBJECT:1},Q={IMG:\" \",BR:\"\\n\"};function R(a,b,c){if(!(a.nodeName in ca))if(3==a.nodeType)c?b.push(String(a.nodeValue).replace(/(\\r\\n|\\r|\\n)/g,\"\")):b.push(a.nodeValue);else if(a.nodeName in Q)b.push(Q[a.nodeName]);else for(a=a.firstChild;a;)R(a,b,c),a=a.nextSibling};function S(a,b){b=b.toLowerCase();return\"style\"==b?da(a.style.cssText):P&&\"value\"==b&&T(a,\"INPUT\")?a.value:ba&&!0===a[b]?String(a.getAttribute(b)):(a=a.getAttributeNode(b))&&a.specified?a.value:null}var ea=/[;]+(?=(?:(?:[^\"]*\"){2})*[^\"]*$)(?=(?:(?:[^']*'){2})*[^']*$)(?=(?:[^()]*\\([^()]*\\))*[^()]*$)/;\nfunction da(a){var b=[];k(a.split(ea),function(c){var e=c.indexOf(\":\");0\u003Ce&&(c=[c.slice(0,e),c.slice(e+1)],2==c.length&&b.push(c[0].toLowerCase(),\":\",c[1],\";\"))});b=b.join(\"\");return b=\";\"==b.charAt(b.length-1)?b:b+\";\"}function U(a,b){P&&\"value\"==b&&T(a,\"OPTION\")&&null===S(a,\"value\")?(b=[],R(a,b,!1),a=b.join(\"\")):a=a[b];return a}\nfunction T(a,b){b&&\"string\"!==typeof b&&(b=b.toString());return a instanceof HTMLFormElement?!!a&&1==a.nodeType&&(!b||\"FORM\"==b):!!a&&1==a.nodeType&&(!b||a.tagName.toUpperCase()==b)}function V(a){return T(a,\"OPTION\")?!0:T(a,\"INPUT\")?(a=a.type.toLowerCase(),\"checkbox\"==a||\"radio\"==a):!1};var fa={\"class\":\"className\",readonly:\"readOnly\"},ha=\"allowfullscreen allowpaymentrequest allowusermedia async autofocus autoplay checked compact complete controls declare default defaultchecked defaultselected defer disabled ended formnovalidate hidden indeterminate iscontenteditable ismap itemscope loop multiple muted nohref nomodule noresize noshade novalidate nowrap open paused playsinline pubdate readonly required reversed scoped seamless seeking selected truespeed typemustmatch willvalidate\".split(\" \");function W(a,b){var c=null,e=b.toLowerCase();if(\"style\"==e)return(c=a.style)&&\"string\"!=typeof c&&(c=c.cssText),c;if((\"selected\"==e||\"checked\"==e)&&V(a)){if(!V(a))throw new l(15,\"Element is not selectable\");b=\"selected\";c=a.type&&a.type.toLowerCase();if(\"checkbox\"==c||\"radio\"==c)b=\"checked\";return U(a,b)?\"true\":null}var g=T(a,\"A\");if(T(a,\"IMG\")&&\"src\"==e||g&&\"href\"==e)return(c=S(a,e))&&(c=U(a,e)),c;if(\"spellcheck\"==e){c=S(a,e);if(null!==c){if(\"false\"==c.toLowerCase())return\"false\";if(\"true\"==c.toLowerCase())return\"true\"}return U(a,\ne)+\"\"}g=fa[b]||b;if(0\u003C=h(ha,e))return(c=null!==S(a,b)||U(a,g))?\"true\":null;try{var x=U(a,g)}catch(ia){}(e=null==x)||(e=typeof x,e=\"object\"==e&&null!=x||\"function\"==e);e?c=S(a,b):c=x;return null!=c?c.toString():null}var X=[\"se_exportedFunctionSymbol\"],Y=d;X[0]in Y||\"undefined\"==typeof Y.execScript||Y.execScript(\"var \"+X[0]);for(var Z;X.length&&(Z=X.shift());)X.length||void 0===W?Y[Z]&&Y[Z]!==Object.prototype[Z]?Y=Y[Z]:Y=Y[Z]={}:Y[Z]=W;; return this.se_exportedFunctionSymbol.apply(null,arguments);}).apply(window, arguments);}\n).apply(null, arguments);"
}
[1769669277.642][INFO]: Waiting for pending navigations...
[1769669277.642][INFO]: Done waiting for pending navigations. Status: ok
[1769669277.645][INFO]: Waiting for pending navigations...
[1769669277.645][INFO]: Done waiting for pending navigations. Status: ok
[1769669277.645][INFO]: [e9bdbd4df8cae9f7a7b05ef895e65b5c] RESPONSE ExecuteScript "https://gg.asuracomic.net/storage/media/405809/conversions/03-optimized.webp"
[1769669277.646][INFO]: [e9bdbd4df8cae9f7a7b05ef895e65b5c] COMMAND ExecuteScript {
   "args": [ {
      "element-6066-11e4-a52e-4f735466cecf": "f.CAA1FE4C08EC3FB8AD3888983C4001B7.d.728B49898D8128A16D8B333025A9BEAB.e.28"
   }, "alt" ],
   "script": "/* getAttribute */return (function(){return (function(){var d=this||self;function f(a,b){function c(){}c.prototype=b.prototype;a.prototype=new c;a.prototype.constructor=a};var h=Array.prototype.indexOf?function(a,b){return Array.prototype.indexOf.call(a,b,void 0)}:function(a,b){if(\"string\"===typeof a)return\"string\"!==typeof b||1!=b.length?-1:a.indexOf(b,0);for(var c=0;c\u003Ca.length;c++)if(c in a&&a[c]===b)return c;return-1},k=Array.prototype.forEach?function(a,b){Array.prototype.forEach.call(a,b,void 0)}:function(a,b){for(var c=a.length,e=\"string\"===typeof a?a.split(\"\"):a,g=0;g\u003Cc;g++)g in e&&b.call(void 0,e[g],g,a)};function l(a,b){this.code=a;this.a=m[a]||n;this.message=b||\"\";a=this.a.replace(/((?:^|\\s+)[a-z])/g,function(c){return c.toUpperCase().replace(/^[\\s\\xa0]+/g,\"\")});b=a.length-5;if(0>b||a.indexOf(\"Error\",b)!=b)a+=\"Error\";this.name=a;a=Error(this.message);a.name=this.name;this.stack=a.stack||\"\"}f(l,Error);var n=\"unknown error\",m={15:\"element not selectable\",11:\"element not visible\"};m[31]=n;m[30]=n;m[24]=\"invalid cookie domain\";m[29]=\"invalid element coordinates\";m[12]=\"invalid element state\";m[32]=\"invalid selector\";\nm[51]=\"invalid selector\";m[52]=\"invalid selector\";m[17]=\"javascript error\";m[405]=\"unsupported operation\";m[34]=\"move target out of bounds\";m[27]=\"no such alert\";m[7]=\"no such element\";m[8]=\"no such frame\";m[23]=\"no such window\";m[28]=\"script timeout\";m[33]=\"session not created\";m[10]=\"stale element reference\";m[21]=\"timeout\";m[25]=\"unable to set cookie\";m[26]=\"unexpected alert open\";m[13]=n;m[9]=\"unknown command\";var p;a:{var q=d.navigator;if(q){var r=q.userAgent;if(r){p=r;break a}}p=\"\"}function t(a){return-1!=p.indexOf(a)};function u(){return t(\"Firefox\")||t(\"FxiOS\")}function v(){return(t(\"Chrome\")||t(\"CriOS\"))&&!t(\"Edge\")};function w(){return t(\"iPhone\")&&!t(\"iPod\")&&!t(\"iPad\")};var y=t(\"Opera\"),z=t(\"Trident\")||t(\"MSIE\"),A=t(\"Edge\"),B=t(\"Gecko\")&&!(-1!=p.toLowerCase().indexOf(\"webkit\")&&!t(\"Edge\"))&&!(t(\"Trident\")||t(\"MSIE\"))&&!t(\"Edge\"),C=-1!=p.toLowerCase().indexOf(\"webkit\")&&!t(\"Edge\");function D(){var a=d.document;return a?a.documentMode:void 0}var E;\na:{var F=\"\",G=function(){var a=p;if(B)return/rv:([^\\);]+)(\\)|;)/.exec(a);if(A)return/Edge\\/([\\d\\.]+)/.exec(a);if(z)return/\\b(?:MSIE|rv)[: ]([^\\);]+)(\\)|;)/.exec(a);if(C)return/WebKit\\/(\\S+)/.exec(a);if(y)return/(?:Version)[ \\/]?(\\S+)/.exec(a)}();G&&(F=G?G[1]:\"\");if(z){var H=D();if(null!=H&&H>parseFloat(F)){E=String(H);break a}}E=F}var I;I=d.document&&z?D():void 0;var J=u(),K=w()||t(\"iPod\"),L=t(\"iPad\"),M=t(\"Android\")&&!(v()||u()||t(\"Opera\")||t(\"Silk\")),N=v(),aa=t(\"Safari\")&&!(v()||t(\"Coast\")||t(\"Opera\")||t(\"Edge\")||t(\"Edg/\")||t(\"OPR\")||u()||t(\"Silk\")||t(\"Android\"))&&!(w()||t(\"iPad\")||t(\"iPod\"));function O(a){return(a=a.exec(p))?a[1]:\"\"}(function(){if(J)return O(/Firefox\\/([0-9.]+)/);if(z||A||y)return E;if(N)return w()||t(\"iPad\")||t(\"iPod\")?O(/CriOS\\/([0-9.]+)/):O(/Chrome\\/([0-9.]+)/);if(aa&&!(w()||t(\"iPad\")||t(\"iPod\")))return O(/Version\\/([0-9.]+)/);if(K||L){var a=/Version\\/(\\S+).*Mobile\\/(\\S+)/.exec(p);if(a)return a[1]+\".\"+a[2]}else if(M)return(a=O(/Android\\s+([0-9.]+)/))?a:O(/Version\\/([0-9.]+)/);return\"\"})();var P=z&&!(8\u003C=Number(I)),ba=z&&!(9\u003C=Number(I));var ca={SCRIPT:1,STYLE:1,HEAD:1,IFRAME:1,OBJECT:1},Q={IMG:\" \",BR:\"\\n\"};function R(a,b,c){if(!(a.nodeName in ca))if(3==a.nodeType)c?b.push(String(a.nodeValue).replace(/(\\r\\n|\\r|\\n)/g,\"\")):b.push(a.nodeValue);else if(a.nodeName in Q)b.push(Q[a.nodeName]);else for(a=a.firstChild;a;)R(a,b,c),a=a.nextSibling};function S(a,b){b=b.toLowerCase();return\"style\"==b?da(a.style.cssText):P&&\"value\"==b&&T(a,\"INPUT\")?a.value:ba&&!0===a[b]?String(a.getAttribute(b)):(a=a.getAttributeNode(b))&&a.specified?a.value:null}var ea=/[;]+(?=(?:(?:[^\"]*\"){2})*[^\"]*$)(?=(?:(?:[^']*'){2})*[^']*$)(?=(?:[^()]*\\([^()]*\\))*[^()]*$)/;\nfunction da(a){var b=[];k(a.split(ea),function(c){var e=c.indexOf(\":\");0\u003Ce&&(c=[c.slice(0,e),c.slice(e+1)],2==c.length&&b.push(c[0].toLowerCase(),\":\",c[1],\";\"))});b=b.join(\"\");return b=\";\"==b.charAt(b.length-1)?b:b+\";\"}function U(a,b){P&&\"value\"==b&&T(a,\"OPTION\")&&null===S(a,\"value\")?(b=[],R(a,b,!1),a=b.join(\"\")):a=a[b];return a}\nfunction T(a,b){b&&\"string\"!==typeof b&&(b=b.toString());return a instanceof HTMLFormElement?!!a&&1==a.nodeType&&(!b||\"FORM\"==b):!!a&&1==a.nodeType&&(!b||a.tagName.toUpperCase()==b)}function V(a){return T(a,\"OPTION\")?!0:T(a,\"INPUT\")?(a=a.type.toLowerCase(),\"checkbox\"==a||\"radio\"==a):!1};var fa={\"class\":\"className\",readonly:\"readOnly\"},ha=\"allowfullscreen allowpaymentrequest allowusermedia async autofocus autoplay checked compact complete controls declare default defaultchecked defaultselected defer disabled ended formnovalidate hidden indeterminate iscontenteditable ismap itemscope loop multiple muted nohref nomodule noresize noshade novalidate nowrap open paused playsinline pubdate readonly required reversed scoped seamless seeking selected truespeed typemustmatch willvalidate\".split(\" \");function W(a,b){var c=null,e=b.toLowerCase();if(\"style\"==e)return(c=a.style)&&\"string\"!=typeof c&&(c=c.cssText),c;if((\"selected\"==e||\"checked\"==e)&&V(a)){if(!V(a))throw new l(15,\"Element is not selectable\");b=\"selected\";c=a.type&&a.type.toLowerCase();if(\"checkbox\"==c||\"radio\"==c)b=\"checked\";return U(a,b)?\"true\":null}var g=T(a,\"A\");if(T(a,\"IMG\")&&\"src\"==e||g&&\"href\"==e)return(c=S(a,e))&&(c=U(a,e)),c;if(\"spellcheck\"==e){c=S(a,e);if(null!==c){if(\"false\"==c.toLowerCase())return\"false\";if(\"true\"==c.toLowerCase())return\"true\"}return U(a,\ne)+\"\"}g=fa[b]||b;if(0\u003C=h(ha,e))return(c=null!==S(a,b)||U(a,g))?\"true\":null;try{var x=U(a,g)}catch(ia){}(e=null==x)||(e=typeof x,e=\"object\"==e&&null!=x||\"function\"==e);e?c=S(a,b):c=x;return null!=c?c.toString():null}var X=[\"se_exportedFunctionSymbol\"],Y=d;X[0]in Y||\"undefined\"==typeof Y.execScript||Y.execScript(\"var \"+X[0]);for(var Z;X.length&&(Z=X.shift());)X.length||void 0===W?Y[Z]&&Y[Z]!==Object.prototype[Z]?Y=Y[Z]:Y=Y[Z]={}:Y[Z]=W;; return this.se_exportedFunctionSymbol.apply(null,arguments);}).apply(window, arguments);}\n).apply(null, arguments);"
}
[1769669277.646][INFO]: Waiting for pending navigations...
[1769669277.646][INFO]: Done waiting for pending navigations. Status: ok
[1769669277.648][INFO]: Waiting for pending navigations...
[1769669277.649][INFO]: Done waiting for pending navigations. Status: ok
[1769669277.649][INFO]: [e9bdbd4df8cae9f7a7b05ef895e65b5c] RESPONSE ExecuteScript "chapter page 5"
[1769669277.650][INFO]: [e9bdbd4df8cae9f7a7b05ef895e65b5c] COMMAND ExecuteScript {
   "args": [ {
      "element-6066-11e4-a52e-4f735466cecf": "f.CAA1FE4C08EC3FB8AD3888983C4001B7.d.728B49898D8128A16D8B333025A9BEAB.e.28"
   }, "currentSrc" ],
   "script": "/* getAttribute */return (function(){return (function(){var d=this||self;function f(a,b){function c(){}c.prototype=b.prototype;a.prototype=new c;a.prototype.constructor=a};var h=Array.prototype.indexOf?function(a,b){return Array.prototype.indexOf.call(a,b,void 0)}:function(a,b){if(\"string\"===typeof a)return\"string\"!==typeof b||1!=b.length?-1:a.indexOf(b,0);for(var c=0;c\u003Ca.length;c++)if(c in a&&a[c]===b)return c;return-1},k=Array.prototype.forEach?function(a,b){Array.prototype.forEach.call(a,b,void 0)}:function(a,b){for(var c=a.length,e=\"string\"===typeof a?a.split(\"\"):a,g=0;g\u003Cc;g++)g in e&&b.call(void 0,e[g],g,a)};function l(a,b){this.code=a;this.a=m[a]||n;this.message=b||\"\";a=this.a.replace(/((?:^|\\s+)[a-z])/g,function(c){return c.toUpperCase().replace(/^[\\s\\xa0]+/g,\"\")});b=a.length-5;if(0>b||a.indexOf(\"Error\",b)!=b)a+=\"Error\";this.name=a;a=Error(this.message);a.name=this.name;this.stack=a.stack||\"\"}f(l,Error);var n=\"unknown error\",m={15:\"element not selectable\",11:\"element not visible\"};m[31]=n;m[30]=n;m[24]=\"invalid cookie domain\";m[29]=\"invalid element coordinates\";m[12]=\"invalid element state\";m[32]=\"invalid selector\";\nm[51]=\"invalid selector\";m[52]=\"invalid selector\";m[17]=\"javascript error\";m[405]=\"unsupported operation\";m[34]=\"move target out of bounds\";m[27]=\"no such alert\";m[7]=\"no such element\";m[8]=\"no such frame\";m[23]=\"no such window\";m[28]=\"script timeout\";m[33]=\"session not created\";m[10]=\"stale element reference\";m[21]=\"timeout\";m[25]=\"unable to set cookie\";m[26]=\"unexpected alert open\";m[13]=n;m[9]=\"unknown command\";var p;a:{var q=d.navigator;if(q){var r=q.userAgent;if(r){p=r;break a}}p=\"\"}function t(a){return-1!=p.indexOf(a)};function u(){return t(\"Firefox\")||t(\"FxiOS\")}function v(){return(t(\"Chrome\")||t(\"CriOS\"))&&!t(\"Edge\")};function w(){return t(\"iPhone\")&&!t(\"iPod\")&&!t(\"iPad\")};var y=t(\"Opera\"),z=t(\"Trident\")||t(\"MSIE\"),A=t(\"Edge\"),B=t(\"Gecko\")&&!(-1!=p.toLowerCase().indexOf(\"webkit\")&&!t(\"Edge\"))&&!(t(\"Trident\")||t(\"MSIE\"))&&!t(\"Edge\"),C=-1!=p.toLowerCase().indexOf(\"webkit\")&&!t(\"Edge\");function D(){var a=d.document;return a?a.documentMode:void 0}var E;\na:{var F=\"\",G=function(){var a=p;if(B)return/rv:([^\\);]+)(\\)|;)/.exec(a);if(A)return/Edge\\/([\\d\\.]+)/.exec(a);if(z)return/\\b(?:MSIE|rv)[: ]([^\\);]+)(\\)|;)/.exec(a);if(C)return/WebKit\\/(\\S+)/.exec(a);if(y)return/(?:Version)[ \\/]?(\\S+)/.exec(a)}();G&&(F=G?G[1]:\"\");if(z){var H=D();if(null!=H&&H>parseFloat(F)){E=String(H);break a}}E=F}var I;I=d.document&&z?D():void 0;var J=u(),K=w()||t(\"iPod\"),L=t(\"iPad\"),M=t(\"Android\")&&!(v()||u()||t(\"Opera\")||t(\"Silk\")),N=v(),aa=t(\"Safari\")&&!(v()||t(\"Coast\")||t(\"Opera\")||t(\"Edge\")||t(\"Edg/\")||t(\"OPR\")||u()||t(\"Silk\")||t(\"Android\"))&&!(w()||t(\"iPad\")||t(\"iPod\"));function O(a){return(a=a.exec(p))?a[1]:\"\"}(function(){if(J)return O(/Firefox\\/([0-9.]+)/);if(z||A||y)return E;if(N)return w()||t(\"iPad\")||t(\"iPod\")?O(/CriOS\\/([0-9.]+)/):O(/Chrome\\/([0-9.]+)/);if(aa&&!(w()||t(\"iPad\")||t(\"iPod\")))return O(/Version\\/([0-9.]+)/);if(K||L){var a=/Version\\/(\\S+).*Mobile\\/(\\S+)/.exec(p);if(a)return a[1]+\".\"+a[2]}else if(M)return(a=O(/Android\\s+([0-9.]+)/))?a:O(/Version\\/([0-9.]+)/);return\"\"})();var P=z&&!(8\u003C=Number(I)),ba=z&&!(9\u003C=Number(I));var ca={SCRIPT:1,STYLE:1,HEAD:1,IFRAME:1,OBJECT:1},Q={IMG:\" \",BR:\"\\n\"};function R(a,b,c){if(!(a.nodeName in ca))if(3==a.nodeType)c?b.push(String(a.nodeValue).replace(/(\\r\\n|\\r|\\n)/g,\"\")):b.push(a.nodeValue);else if(a.nodeName in Q)b.push(Q[a.nodeName]);else for(a=a.firstChild;a;)R(a,b,c),a=a.nextSibling};function S(a,b){b=b.toLowerCase();return\"style\"==b?da(a.style.cssText):P&&\"value\"==b&&T(a,\"INPUT\")?a.value:ba&&!0===a[b]?String(a.getAttribute(b)):(a=a.getAttributeNode(b))&&a.specified?a.value:null}var ea=/[;]+(?=(?:(?:[^\"]*\"){2})*[^\"]*$)(?=(?:(?:[^']*'){2})*[^']*$)(?=(?:[^()]*\\([^()]*\\))*[^()]*$)/;\nfunction da(a){var b=[];k(a.split(ea),function(c){var e=c.indexOf(\":\");0\u003Ce&&(c=[c.slice(0,e),c.slice(e+1)],2==c.length&&b.push(c[0].toLowerCase(),\":\",c[1],\";\"))});b=b.join(\"\");return b=\";\"==b.charAt(b.length-1)?b:b+\";\"}function U(a,b){P&&\"value\"==b&&T(a,\"OPTION\")&&null===S(a,\"value\")?(b=[],R(a,b,!1),a=b.join(\"\")):a=a[b];return a}\nfunction T(a,b){b&&\"string\"!==typeof b&&(b=b.toString());return a instanceof HTMLFormElement?!!a&&1==a.nodeType&&(!b||\"FORM\"==b):!!a&&1==a.nodeType&&(!b||a.tagName.toUpperCase()==b)}function V(a){return T(a,\"OPTION\")?!0:T(a,\"INPUT\")?(a=a.type.toLowerCase(),\"checkbox\"==a||\"radio\"==a):!1};var fa={\"class\":\"className\",readonly:\"readOnly\"},ha=\"allowfullscreen allowpaymentrequest allowusermedia async autofocus autoplay checked compact complete controls declare default defaultchecked defaultselected defer disabled ended formnovalidate hidden indeterminate iscontenteditable ismap itemscope loop multiple muted nohref nomodule noresize noshade novalidate nowrap open paused playsinline pubdate readonly required reversed scoped seamless seeking selected truespeed typemustmatch willvalidate\".split(\" \");function W(a,b){var c=null,e=b.toLowerCase();if(\"style\"==e)return(c=a.style)&&\"string\"!=typeof c&&(c=c.cssText),c;if((\"selected\"==e||\"checked\"==e)&&V(a)){if(!V(a))throw new l(15,\"Element is not selectable\");b=\"selected\";c=a.type&&a.type.toLowerCase();if(\"checkbox\"==c||\"radio\"==c)b=\"checked\";return U(a,b)?\"true\":null}var g=T(a,\"A\");if(T(a,\"IMG\")&&\"src\"==e||g&&\"href\"==e)return(c=S(a,e))&&(c=U(a,e)),c;if(\"spellcheck\"==e){c=S(a,e);if(null!==c){if(\"false\"==c.toLowerCase())return\"false\";if(\"true\"==c.toLowerCase())return\"true\"}return U(a,\ne)+\"\"}g=fa[b]||b;if(0\u003C=h(ha,e))return(c=null!==S(a,b)||U(a,g))?\"true\":null;try{var x=U(a,g)}catch(ia){}(e=null==x)||(e=typeof x,e=\"object\"==e&&null!=x||\"function\"==e);e?c=S(a,b):c=x;return null!=c?c.toString():null}var X=[\"se_exportedFunctionSymbol\"],Y=d;X[0]in Y||\"undefined\"==typeof Y.execScript||Y.execScript(\"var \"+X[0]);for(var Z;X.length&&(Z=X.shift());)X.length||void 0===W?Y[Z]&&Y[Z]!==Object.prototype[Z]?Y=Y[Z]:Y=Y[Z]={}:Y[Z]=W;; return this.se_exportedFunctionSymbol.apply(null,arguments);}).apply(window, arguments);}\n).apply(null, arguments);"
}
[1769669277.650][INFO]: Waiting for pending navigations...
[1769669277.650][INFO]: Done waiting for pending navigations. Status: ok
[1769669277.653][INFO]: Waiting for pending navigations...
[1769669277.653][INFO]: Done waiting for pending navigations. Status: ok
[1769669277.653][INFO]: [e9bdbd4df8cae9f7a7b05ef895e65b5c] RESPONSE ExecuteScript "https://gg.asuracomic.net/storage/media/405810/conversions/04-optimized.webp"
[1769669277.654][INFO]: [e9bdbd4df8cae9f7a7b05ef895e65b5c] COMMAND ExecuteScript {
   "args": [ {
      "element-6066-11e4-a52e-4f735466cecf": "f.CAA1FE4C08EC3FB8AD3888983C4001B7.d.728B49898D8128A16D8B333025A9BEAB.e.29"
   }, "alt" ],
   "script": "/* getAttribute */return (function(){return (function(){var d=this||self;function f(a,b){function c(){}c.prototype=b.prototype;a.prototype=new c;a.prototype.constructor=a};var h=Array.prototype.indexOf?function(a,b){return Array.prototype.indexOf.call(a,b,void 0)}:function(a,b){if(\"string\"===typeof a)return\"string\"!==typeof b||1!=b.length?-1:a.indexOf(b,0);for(var c=0;c\u003Ca.length;c++)if(c in a&&a[c]===b)return c;return-1},k=Array.prototype.forEach?function(a,b){Array.prototype.forEach.call(a,b,void 0)}:function(a,b){for(var c=a.length,e=\"string\"===typeof a?a.split(\"\"):a,g=0;g\u003Cc;g++)g in e&&b.call(void 0,e[g],g,a)};function l(a,b){this.code=a;this.a=m[a]||n;this.message=b||\"\";a=this.a.replace(/((?:^|\\s+)[a-z])/g,function(c){return c.toUpperCase().replace(/^[\\s\\xa0]+/g,\"\")});b=a.length-5;if(0>b||a.indexOf(\"Error\",b)!=b)a+=\"Error\";this.name=a;a=Error(this.message);a.name=this.name;this.stack=a.stack||\"\"}f(l,Error);var n=\"unknown error\",m={15:\"element not selectable\",11:\"element not visible\"};m[31]=n;m[30]=n;m[24]=\"invalid cookie domain\";m[29]=\"invalid element coordinates\";m[12]=\"invalid element state\";m[32]=\"invalid selector\";\nm[51]=\"invalid selector\";m[52]=\"invalid selector\";m[17]=\"javascript error\";m[405]=\"unsupported operation\";m[34]=\"move target out of bounds\";m[27]=\"no such alert\";m[7]=\"no such element\";m[8]=\"no such frame\";m[23]=\"no such window\";m[28]=\"script timeout\";m[33]=\"session not created\";m[10]=\"stale element reference\";m[21]=\"timeout\";m[25]=\"unable to set cookie\";m[26]=\"unexpected alert open\";m[13]=n;m[9]=\"unknown command\";var p;a:{var q=d.navigator;if(q){var r=q.userAgent;if(r){p=r;break a}}p=\"\"}function t(a){return-1!=p.indexOf(a)};function u(){return t(\"Firefox\")||t(\"FxiOS\")}function v(){return(t(\"Chrome\")||t(\"CriOS\"))&&!t(\"Edge\")};function w(){return t(\"iPhone\")&&!t(\"iPod\")&&!t(\"iPad\")};var y=t(\"Opera\"),z=t(\"Trident\")||t(\"MSIE\"),A=t(\"Edge\"),B=t(\"Gecko\")&&!(-1!=p.toLowerCase().indexOf(\"webkit\")&&!t(\"Edge\"))&&!(t(\"Trident\")||t(\"MSIE\"))&&!t(\"Edge\"),C=-1!=p.toLowerCase().indexOf(\"webkit\")&&!t(\"Edge\");function D(){var a=d.document;return a?a.documentMode:void 0}var E;\na:{var F=\"\",G=function(){var a=p;if(B)return/rv:([^\\);]+)(\\)|;)/.exec(a);if(A)return/Edge\\/([\\d\\.]+)/.exec(a);if(z)return/\\b(?:MSIE|rv)[: ]([^\\);]+)(\\)|;)/.exec(a);if(C)return/WebKit\\/(\\S+)/.exec(a);if(y)return/(?:Version)[ \\/]?(\\S+)/.exec(a)}();G&&(F=G?G[1]:\"\");if(z){var H=D();if(null!=H&&H>parseFloat(F)){E=String(H);break a}}E=F}var I;I=d.document&&z?D():void 0;var J=u(),K=w()||t(\"iPod\"),L=t(\"iPad\"),M=t(\"Android\")&&!(v()||u()||t(\"Opera\")||t(\"Silk\")),N=v(),aa=t(\"Safari\")&&!(v()||t(\"Coast\")||t(\"Opera\")||t(\"Edge\")||t(\"Edg/\")||t(\"OPR\")||u()||t(\"Silk\")||t(\"Android\"))&&!(w()||t(\"iPad\")||t(\"iPod\"));function O(a){return(a=a.exec(p))?a[1]:\"\"}(function(){if(J)return O(/Firefox\\/([0-9.]+)/);if(z||A||y)return E;if(N)return w()||t(\"iPad\")||t(\"iPod\")?O(/CriOS\\/([0-9.]+)/):O(/Chrome\\/([0-9.]+)/);if(aa&&!(w()||t(\"iPad\")||t(\"iPod\")))return O(/Version\\/([0-9.]+)/);if(K||L){var a=/Version\\/(\\S+).*Mobile\\/(\\S+)/.exec(p);if(a)return a[1]+\".\"+a[2]}else if(M)return(a=O(/Android\\s+([0-9.]+)/))?a:O(/Version\\/([0-9.]+)/);return\"\"})();var P=z&&!(8\u003C=Number(I)),ba=z&&!(9\u003C=Number(I));var ca={SCRIPT:1,STYLE:1,HEAD:1,IFRAME:1,OBJECT:1},Q={IMG:\" \",BR:\"\\n\"};function R(a,b,c){if(!(a.nodeName in ca))if(3==a.nodeType)c?b.push(String(a.nodeValue).replace(/(\\r\\n|\\r|\\n)/g,\"\")):b.push(a.nodeValue);else if(a.nodeName in Q)b.push(Q[a.nodeName]);else for(a=a.firstChild;a;)R(a,b,c),a=a.nextSibling};function S(a,b){b=b.toLowerCase();return\"style\"==b?da(a.style.cssText):P&&\"value\"==b&&T(a,\"INPUT\")?a.value:ba&&!0===a[b]?String(a.getAttribute(b)):(a=a.getAttributeNode(b))&&a.specified?a.value:null}var ea=/[;]+(?=(?:(?:[^\"]*\"){2})*[^\"]*$)(?=(?:(?:[^']*'){2})*[^']*$)(?=(?:[^()]*\\([^()]*\\))*[^()]*$)/;\nfunction da(a){var b=[];k(a.split(ea),function(c){var e=c.indexOf(\":\");0\u003Ce&&(c=[c.slice(0,e),c.slice(e+1)],2==c.length&&b.push(c[0].toLowerCase(),\":\",c[1],\";\"))});b=b.join(\"\");return b=\";\"==b.charAt(b.length-1)?b:b+\";\"}function U(a,b){P&&\"value\"==b&&T(a,\"OPTION\")&&null===S(a,\"value\")?(b=[],R(a,b,!1),a=b.join(\"\")):a=a[b];return a}\nfunction T(a,b){b&&\"string\"!==typeof b&&(b=b.toString());return a instanceof HTMLFormElement?!!a&&1==a.nodeType&&(!b||\"FORM\"==b):!!a&&1==a.nodeType&&(!b||a.tagName.toUpperCase()==b)}function V(a){return T(a,\"OPTION\")?!0:T(a,\"INPUT\")?(a=a.type.toLowerCase(),\"checkbox\"==a||\"radio\"==a):!1};var fa={\"class\":\"className\",readonly:\"readOnly\"},ha=\"allowfullscreen allowpaymentrequest allowusermedia async autofocus autoplay checked compact complete controls declare default defaultchecked defaultselected defer disabled ended formnovalidate hidden indeterminate iscontenteditable ismap itemscope loop multiple muted nohref nomodule noresize noshade novalidate nowrap open paused playsinline pubdate readonly required reversed scoped seamless seeking selected truespeed typemustmatch willvalidate\".split(\" \");function W(a,b){var c=null,e=b.toLowerCase();if(\"style\"==e)return(c=a.style)&&\"string\"!=typeof c&&(c=c.cssText),c;if((\"selected\"==e||\"checked\"==e)&&V(a)){if(!V(a))throw new l(15,\"Element is not selectable\");b=\"selected\";c=a.type&&a.type.toLowerCase();if(\"checkbox\"==c||\"radio\"==c)b=\"checked\";return U(a,b)?\"true\":null}var g=T(a,\"A\");if(T(a,\"IMG\")&&\"src\"==e||g&&\"href\"==e)return(c=S(a,e))&&(c=U(a,e)),c;if(\"spellcheck\"==e){c=S(a,e);if(null!==c){if(\"false\"==c.toLowerCase())return\"false\";if(\"true\"==c.toLowerCase())return\"true\"}return U(a,\ne)+\"\"}g=fa[b]||b;if(0\u003C=h(ha,e))return(c=null!==S(a,b)||U(a,g))?\"true\":null;try{var x=U(a,g)}catch(ia){}(e=null==x)||(e=typeof x,e=\"object\"==e&&null!=x||\"function\"==e);e?c=S(a,b):c=x;return null!=c?c.toString():null}var X=[\"se_exportedFunctionSymbol\"],Y=d;X[0]in Y||\"undefined\"==typeof Y.execScript||Y.execScript(\"var \"+X[0]);for(var Z;X.length&&(Z=X.shift());)X.length||void 0===W?Y[Z]&&Y[Z]!==Object.prototype[Z]?Y=Y[Z]:Y=Y[Z]={}:Y[Z]=W;; return this.se_exportedFunctionSymbol.apply(null,arguments);}).apply(window, arguments);}\n).apply(null, arguments);"
}
[1769669277.654][INFO]: Waiting for pending navigations...
[1769669277.654][INFO]: Done waiting for pending navigations. Status: ok
[1769669277.657][INFO]: Waiting for pending navigations...
[1769669277.657][INFO]: Done waiting for pending navigations. Status: ok
[1769669277.657][INFO]: [e9bdbd4df8cae9f7a7b05ef895e65b5c] RESPONSE ExecuteScript "chapter page 6"
[1769669277.658][INFO]: [e9bdbd4df8cae9f7a7b05ef895e65b5c] COMMAND ExecuteScript {
   "args": [ {
      "element-6066-11e4-a52e-4f735466cecf": "f.CAA1FE4C08EC3FB8AD3888983C4001B7.d.728B49898D8128A16D8B333025A9BEAB.e.29"
   }, "currentSrc" ],
   "script": "/* getAttribute */return (function(){return (function(){var d=this||self;function f(a,b){function c(){}c.prototype=b.prototype;a.prototype=new c;a.prototype.constructor=a};var h=Array.prototype.indexOf?function(a,b){return Array.prototype.indexOf.call(a,b,void 0)}:function(a,b){if(\"string\"===typeof a)return\"string\"!==typeof b||1!=b.length?-1:a.indexOf(b,0);for(var c=0;c\u003Ca.length;c++)if(c in a&&a[c]===b)return c;return-1},k=Array.prototype.forEach?function(a,b){Array.prototype.forEach.call(a,b,void 0)}:function(a,b){for(var c=a.length,e=\"string\"===typeof a?a.split(\"\"):a,g=0;g\u003Cc;g++)g in e&&b.call(void 0,e[g],g,a)};function l(a,b){this.code=a;this.a=m[a]||n;this.message=b||\"\";a=this.a.replace(/((?:^|\\s+)[a-z])/g,function(c){return c.toUpperCase().replace(/^[\\s\\xa0]+/g,\"\")});b=a.length-5;if(0>b||a.indexOf(\"Error\",b)!=b)a+=\"Error\";this.name=a;a=Error(this.message);a.name=this.name;this.stack=a.stack||\"\"}f(l,Error);var n=\"unknown error\",m={15:\"element not selectable\",11:\"element not visible\"};m[31]=n;m[30]=n;m[24]=\"invalid cookie domain\";m[29]=\"invalid element coordinates\";m[12]=\"invalid element state\";m[32]=\"invalid selector\";\nm[51]=\"invalid selector\";m[52]=\"invalid selector\";m[17]=\"javascript error\";m[405]=\"unsupported operation\";m[34]=\"move target out of bounds\";m[27]=\"no such alert\";m[7]=\"no such element\";m[8]=\"no such frame\";m[23]=\"no such window\";m[28]=\"script timeout\";m[33]=\"session not created\";m[10]=\"stale element reference\";m[21]=\"timeout\";m[25]=\"unable to set cookie\";m[26]=\"unexpected alert open\";m[13]=n;m[9]=\"unknown command\";var p;a:{var q=d.navigator;if(q){var r=q.userAgent;if(r){p=r;break a}}p=\"\"}function t(a){return-1!=p.indexOf(a)};function u(){return t(\"Firefox\")||t(\"FxiOS\")}function v(){return(t(\"Chrome\")||t(\"CriOS\"))&&!t(\"Edge\")};function w(){return t(\"iPhone\")&&!t(\"iPod\")&&!t(\"iPad\")};var y=t(\"Opera\"),z=t(\"Trident\")||t(\"MSIE\"),A=t(\"Edge\"),B=t(\"Gecko\")&&!(-1!=p.toLowerCase().indexOf(\"webkit\")&&!t(\"Edge\"))&&!(t(\"Trident\")||t(\"MSIE\"))&&!t(\"Edge\"),C=-1!=p.toLowerCase().indexOf(\"webkit\")&&!t(\"Edge\");function D(){var a=d.document;return a?a.documentMode:void 0}var E;\na:{var F=\"\",G=function(){var a=p;if(B)return/rv:([^\\);]+)(\\)|;)/.exec(a);if(A)return/Edge\\/([\\d\\.]+)/.exec(a);if(z)return/\\b(?:MSIE|rv)[: ]([^\\);]+)(\\)|;)/.exec(a);if(C)return/WebKit\\/(\\S+)/.exec(a);if(y)return/(?:Version)[ \\/]?(\\S+)/.exec(a)}();G&&(F=G?G[1]:\"\");if(z){var H=D();if(null!=H&&H>parseFloat(F)){E=String(H);break a}}E=F}var I;I=d.document&&z?D():void 0;var J=u(),K=w()||t(\"iPod\"),L=t(\"iPad\"),M=t(\"Android\")&&!(v()||u()||t(\"Opera\")||t(\"Silk\")),N=v(),aa=t(\"Safari\")&&!(v()||t(\"Coast\")||t(\"Opera\")||t(\"Edge\")||t(\"Edg/\")||t(\"OPR\")||u()||t(\"Silk\")||t(\"Android\"))&&!(w()||t(\"iPad\")||t(\"iPod\"));function O(a){return(a=a.exec(p))?a[1]:\"\"}(function(){if(J)return O(/Firefox\\/([0-9.]+)/);if(z||A||y)return E;if(N)return w()||t(\"iPad\")||t(\"iPod\")?O(/CriOS\\/([0-9.]+)/):O(/Chrome\\/([0-9.]+)/);if(aa&&!(w()||t(\"iPad\")||t(\"iPod\")))return O(/Version\\/([0-9.]+)/);if(K||L){var a=/Version\\/(\\S+).*Mobile\\/(\\S+)/.exec(p);if(a)return a[1]+\".\"+a[2]}else if(M)return(a=O(/Android\\s+([0-9.]+)/))?a:O(/Version\\/([0-9.]+)/);return\"\"})();var P=z&&!(8\u003C=Number(I)),ba=z&&!(9\u003C=Number(I));var ca={SCRIPT:1,STYLE:1,HEAD:1,IFRAME:1,OBJECT:1},Q={IMG:\" \",BR:\"\\n\"};function R(a,b,c){if(!(a.nodeName in ca))if(3==a.nodeType)c?b.push(String(a.nodeValue).replace(/(\\r\\n|\\r|\\n)/g,\"\")):b.push(a.nodeValue);else if(a.nodeName in Q)b.push(Q[a.nodeName]);else for(a=a.firstChild;a;)R(a,b,c),a=a.nextSibling};function S(a,b){b=b.toLowerCase();return\"style\"==b?da(a.style.cssText):P&&\"value\"==b&&T(a,\"INPUT\")?a.value:ba&&!0===a[b]?String(a.getAttribute(b)):(a=a.getAttributeNode(b))&&a.specified?a.value:null}var ea=/[;]+(?=(?:(?:[^\"]*\"){2})*[^\"]*$)(?=(?:(?:[^']*'){2})*[^']*$)(?=(?:[^()]*\\([^()]*\\))*[^()]*$)/;\nfunction da(a){var b=[];k(a.split(ea),function(c){var e=c.indexOf(\":\");0\u003Ce&&(c=[c.slice(0,e),c.slice(e+1)],2==c.length&&b.push(c[0].toLowerCase(),\":\",c[1],\";\"))});b=b.join(\"\");return b=\";\"==b.charAt(b.length-1)?b:b+\";\"}function U(a,b){P&&\"value\"==b&&T(a,\"OPTION\")&&null===S(a,\"value\")?(b=[],R(a,b,!1),a=b.join(\"\")):a=a[b];return a}\nfunction T(a,b){b&&\"string\"!==typeof b&&(b=b.toString());return a instanceof HTMLFormElement?!!a&&1==a.nodeType&&(!b||\"FORM\"==b):!!a&&1==a.nodeType&&(!b||a.tagName.toUpperCase()==b)}function V(a){return T(a,\"OPTION\")?!0:T(a,\"INPUT\")?(a=a.type.toLowerCase(),\"checkbox\"==a||\"radio\"==a):!1};var fa={\"class\":\"className\",readonly:\"readOnly\"},ha=\"allowfullscreen allowpaymentrequest allowusermedia async autofocus autoplay checked compact complete controls declare default defaultchecked defaultselected defer disabled ended formnovalidate hidden indeterminate iscontenteditable ismap itemscope loop multiple muted nohref nomodule noresize noshade novalidate nowrap open paused playsinline pubdate readonly required reversed scoped seamless seeking selected truespeed typemustmatch willvalidate\".split(\" \");function W(a,b){var c=null,e=b.toLowerCase();if(\"style\"==e)return(c=a.style)&&\"string\"!=typeof c&&(c=c.cssText),c;if((\"selected\"==e||\"checked\"==e)&&V(a)){if(!V(a))throw new l(15,\"Element is not selectable\");b=\"selected\";c=a.type&&a.type.toLowerCase();if(\"checkbox\"==c||\"radio\"==c)b=\"checked\";return U(a,b)?\"true\":null}var g=T(a,\"A\");if(T(a,\"IMG\")&&\"src\"==e||g&&\"href\"==e)return(c=S(a,e))&&(c=U(a,e)),c;if(\"spellcheck\"==e){c=S(a,e);if(null!==c){if(\"false\"==c.toLowerCase())return\"false\";if(\"true\"==c.toLowerCase())return\"true\"}return U(a,\ne)+\"\"}g=fa[b]||b;if(0\u003C=h(ha,e))return(c=null!==S(a,b)||U(a,g))?\"true\":null;try{var x=U(a,g)}catch(ia){}(e=null==x)||(e=typeof x,e=\"object\"==e&&null!=x||\"function\"==e);e?c=S(a,b):c=x;return null!=c?c.toString():null}var X=[\"se_exportedFunctionSymbol\"],Y=d;X[0]in Y||\"undefined\"==typeof Y.execScript||Y.execScript(\"var \"+X[0]);for(var Z;X.length&&(Z=X.shift());)X.length||void 0===W?Y[Z]&&Y[Z]!==Object.prototype[Z]?Y=Y[Z]:Y=Y[Z]={}:Y[Z]=W;; return this.se_exportedFunctionSymbol.apply(null,arguments);}).apply(window, arguments);}\n).apply(null, arguments);"
}
[1769669277.658][INFO]: Waiting for pending navigations...
[1769669277.659][INFO]: Done waiting for pending navigations. Status: ok
[1769669277.661][INFO]: Waiting for pending navigations...
[1769669277.661][INFO]: Done waiting for pending navigations. Status: ok
[1769669277.661][INFO]: [e9bdbd4df8cae9f7a7b05ef895e65b5c] RESPONSE ExecuteScript "https://gg.asuracomic.net/storage/media/405811/conversions/05-optimized.webp"
[1769669277.662][INFO]: [e9bdbd4df8cae9f7a7b05ef895e65b5c] COMMAND ExecuteScript {
   "args": [ {
      "element-6066-11e4-a52e-4f735466cecf": "f.CAA1FE4C08EC3FB8AD3888983C4001B7.d.728B49898D8128A16D8B333025A9BEAB.e.30"
   }, "alt" ],
   "script": "/* getAttribute */return (function(){return (function(){var d=this||self;function f(a,b){function c(){}c.prototype=b.prototype;a.prototype=new c;a.prototype.constructor=a};var h=Array.prototype.indexOf?function(a,b){return Array.prototype.indexOf.call(a,b,void 0)}:function(a,b){if(\"string\"===typeof a)return\"string\"!==typeof b||1!=b.length?-1:a.indexOf(b,0);for(var c=0;c\u003Ca.length;c++)if(c in a&&a[c]===b)return c;return-1},k=Array.prototype.forEach?function(a,b){Array.prototype.forEach.call(a,b,void 0)}:function(a,b){for(var c=a.length,e=\"string\"===typeof a?a.split(\"\"):a,g=0;g\u003Cc;g++)g in e&&b.call(void 0,e[g],g,a)};function l(a,b){this.code=a;this.a=m[a]||n;this.message=b||\"\";a=this.a.replace(/((?:^|\\s+)[a-z])/g,function(c){return c.toUpperCase().replace(/^[\\s\\xa0]+/g,\"\")});b=a.length-5;if(0>b||a.indexOf(\"Error\",b)!=b)a+=\"Error\";this.name=a;a=Error(this.message);a.name=this.name;this.stack=a.stack||\"\"}f(l,Error);var n=\"unknown error\",m={15:\"element not selectable\",11:\"element not visible\"};m[31]=n;m[30]=n;m[24]=\"invalid cookie domain\";m[29]=\"invalid element coordinates\";m[12]=\"invalid element state\";m[32]=\"invalid selector\";\nm[51]=\"invalid selector\";m[52]=\"invalid selector\";m[17]=\"javascript error\";m[405]=\"unsupported operation\";m[34]=\"move target out of bounds\";m[27]=\"no such alert\";m[7]=\"no such element\";m[8]=\"no such frame\";m[23]=\"no such window\";m[28]=\"script timeout\";m[33]=\"session not created\";m[10]=\"stale element reference\";m[21]=\"timeout\";m[25]=\"unable to set cookie\";m[26]=\"unexpected alert open\";m[13]=n;m[9]=\"unknown command\";var p;a:{var q=d.navigator;if(q){var r=q.userAgent;if(r){p=r;break a}}p=\"\"}function t(a){return-1!=p.indexOf(a)};function u(){return t(\"Firefox\")||t(\"FxiOS\")}function v(){return(t(\"Chrome\")||t(\"CriOS\"))&&!t(\"Edge\")};function w(){return t(\"iPhone\")&&!t(\"iPod\")&&!t(\"iPad\")};var y=t(\"Opera\"),z=t(\"Trident\")||t(\"MSIE\"),A=t(\"Edge\"),B=t(\"Gecko\")&&!(-1!=p.toLowerCase().indexOf(\"webkit\")&&!t(\"Edge\"))&&!(t(\"Trident\")||t(\"MSIE\"))&&!t(\"Edge\"),C=-1!=p.toLowerCase().indexOf(\"webkit\")&&!t(\"Edge\");function D(){var a=d.document;return a?a.documentMode:void 0}var E;\na:{var F=\"\",G=function(){var a=p;if(B)return/rv:([^\\);]+)(\\)|;)/.exec(a);if(A)return/Edge\\/([\\d\\.]+)/.exec(a);if(z)return/\\b(?:MSIE|rv)[: ]([^\\);]+)(\\)|;)/.exec(a);if(C)return/WebKit\\/(\\S+)/.exec(a);if(y)return/(?:Version)[ \\/]?(\\S+)/.exec(a)}();G&&(F=G?G[1]:\"\");if(z){var H=D();if(null!=H&&H>parseFloat(F)){E=String(H);break a}}E=F}var I;I=d.document&&z?D():void 0;var J=u(),K=w()||t(\"iPod\"),L=t(\"iPad\"),M=t(\"Android\")&&!(v()||u()||t(\"Opera\")||t(\"Silk\")),N=v(),aa=t(\"Safari\")&&!(v()||t(\"Coast\")||t(\"Opera\")||t(\"Edge\")||t(\"Edg/\")||t(\"OPR\")||u()||t(\"Silk\")||t(\"Android\"))&&!(w()||t(\"iPad\")||t(\"iPod\"));function O(a){return(a=a.exec(p))?a[1]:\"\"}(function(){if(J)return O(/Firefox\\/([0-9.]+)/);if(z||A||y)return E;if(N)return w()||t(\"iPad\")||t(\"iPod\")?O(/CriOS\\/([0-9.]+)/):O(/Chrome\\/([0-9.]+)/);if(aa&&!(w()||t(\"iPad\")||t(\"iPod\")))return O(/Version\\/([0-9.]+)/);if(K||L){var a=/Version\\/(\\S+).*Mobile\\/(\\S+)/.exec(p);if(a)return a[1]+\".\"+a[2]}else if(M)return(a=O(/Android\\s+([0-9.]+)/))?a:O(/Version\\/([0-9.]+)/);return\"\"})();var P=z&&!(8\u003C=Number(I)),ba=z&&!(9\u003C=Number(I));var ca={SCRIPT:1,STYLE:1,HEAD:1,IFRAME:1,OBJECT:1},Q={IMG:\" \",BR:\"\\n\"};function R(a,b,c){if(!(a.nodeName in ca))if(3==a.nodeType)c?b.push(String(a.nodeValue).replace(/(\\r\\n|\\r|\\n)/g,\"\")):b.push(a.nodeValue);else if(a.nodeName in Q)b.push(Q[a.nodeName]);else for(a=a.firstChild;a;)R(a,b,c),a=a.nextSibling};function S(a,b){b=b.toLowerCase();return\"style\"==b?da(a.style.cssText):P&&\"value\"==b&&T(a,\"INPUT\")?a.value:ba&&!0===a[b]?String(a.getAttribute(b)):(a=a.getAttributeNode(b))&&a.specified?a.value:null}var ea=/[;]+(?=(?:(?:[^\"]*\"){2})*[^\"]*$)(?=(?:(?:[^']*'){2})*[^']*$)(?=(?:[^()]*\\([^()]*\\))*[^()]*$)/;\nfunction da(a){var b=[];k(a.split(ea),function(c){var e=c.indexOf(\":\");0\u003Ce&&(c=[c.slice(0,e),c.slice(e+1)],2==c.length&&b.push(c[0].toLowerCase(),\":\",c[1],\";\"))});b=b.join(\"\");return b=\";\"==b.charAt(b.length-1)?b:b+\";\"}function U(a,b){P&&\"value\"==b&&T(a,\"OPTION\")&&null===S(a,\"value\")?(b=[],R(a,b,!1),a=b.join(\"\")):a=a[b];return a}\nfunction T(a,b){b&&\"string\"!==typeof b&&(b=b.toString());return a instanceof HTMLFormElement?!!a&&1==a.nodeType&&(!b||\"FORM\"==b):!!a&&1==a.nodeType&&(!b||a.tagName.toUpperCase()==b)}function V(a){return T(a,\"OPTION\")?!0:T(a,\"INPUT\")?(a=a.type.toLowerCase(),\"checkbox\"==a||\"radio\"==a):!1};var fa={\"class\":\"className\",readonly:\"readOnly\"},ha=\"allowfullscreen allowpaymentrequest allowusermedia async autofocus autoplay checked compact complete controls declare default defaultchecked defaultselected defer disabled ended formnovalidate hidden indeterminate iscontenteditable ismap itemscope loop multiple muted nohref nomodule noresize noshade novalidate nowrap open paused playsinline pubdate readonly required reversed scoped seamless seeking selected truespeed typemustmatch willvalidate\".split(\" \");function W(a,b){var c=null,e=b.toLowerCase();if(\"style\"==e)return(c=a.style)&&\"string\"!=typeof c&&(c=c.cssText),c;if((\"selected\"==e||\"checked\"==e)&&V(a)){if(!V(a))throw new l(15,\"Element is not selectable\");b=\"selected\";c=a.type&&a.type.toLowerCase();if(\"checkbox\"==c||\"radio\"==c)b=\"checked\";return U(a,b)?\"true\":null}var g=T(a,\"A\");if(T(a,\"IMG\")&&\"src\"==e||g&&\"href\"==e)return(c=S(a,e))&&(c=U(a,e)),c;if(\"spellcheck\"==e){c=S(a,e);if(null!==c){if(\"false\"==c.toLowerCase())return\"false\";if(\"true\"==c.toLowerCase())return\"true\"}return U(a,\ne)+\"\"}g=fa[b]||b;if(0\u003C=h(ha,e))return(c=null!==S(a,b)||U(a,g))?\"true\":null;try{var x=U(a,g)}catch(ia){}(e=null==x)||(e=typeof x,e=\"object\"==e&&null!=x||\"function\"==e);e?c=S(a,b):c=x;return null!=c?c.toString():null}var X=[\"se_exportedFunctionSymbol\"],Y=d;X[0]in Y||\"undefined\"==typeof Y.execScript||Y.execScript(\"var \"+X[0]);for(var Z;X.length&&(Z=X.shift());)X.length||void 0===W?Y[Z]&&Y[Z]!==Object.prototype[Z]?Y=Y[Z]:Y=Y[Z]={}:Y[Z]=W;; return this.se_exportedFunctionSymbol.apply(null,arguments);}).apply(window, arguments);}\n).apply(null, arguments);"
}
[1769669277.662][INFO]: Waiting for pending navigations...
[1769669277.663][INFO]: Done waiting for pending navigations. Status: ok
[1769669277.665][INFO]: Waiting for pending navigations...
[1769669277.665][INFO]: Done waiting for pending navigations. Status: ok
[1769669277.665][INFO]: [e9bdbd4df8cae9f7a7b05ef895e65b5c] RESPONSE ExecuteScript "chapter page 7"
[1769669277.666][INFO]: [e9bdbd4df8cae9f7a7b05ef895e65b5c] COMMAND ExecuteScript {
   "args": [ {
      "element-6066-11e4-a52e-4f735466cecf": "f.CAA1FE4C08EC3FB8AD3888983C4001B7.d.728B49898D8128A16D8B333025A9BEAB.e.30"
   }, "currentSrc" ],
   "script": "/* getAttribute */return (function(){return (function(){var d=this||self;function f(a,b){function c(){}c.prototype=b.prototype;a.prototype=new c;a.prototype.constructor=a};var h=Array.prototype.indexOf?function(a,b){return Array.prototype.indexOf.call(a,b,void 0)}:function(a,b){if(\"string\"===typeof a)return\"string\"!==typeof b||1!=b.length?-1:a.indexOf(b,0);for(var c=0;c\u003Ca.length;c++)if(c in a&&a[c]===b)return c;return-1},k=Array.prototype.forEach?function(a,b){Array.prototype.forEach.call(a,b,void 0)}:function(a,b){for(var c=a.length,e=\"string\"===typeof a?a.split(\"\"):a,g=0;g\u003Cc;g++)g in e&&b.call(void 0,e[g],g,a)};function l(a,b){this.code=a;this.a=m[a]||n;this.message=b||\"\";a=this.a.replace(/((?:^|\\s+)[a-z])/g,function(c){return c.toUpperCase().replace(/^[\\s\\xa0]+/g,\"\")});b=a.length-5;if(0>b||a.indexOf(\"Error\",b)!=b)a+=\"Error\";this.name=a;a=Error(this.message);a.name=this.name;this.stack=a.stack||\"\"}f(l,Error);var n=\"unknown error\",m={15:\"element not selectable\",11:\"element not visible\"};m[31]=n;m[30]=n;m[24]=\"invalid cookie domain\";m[29]=\"invalid element coordinates\";m[12]=\"invalid element state\";m[32]=\"invalid selector\";\nm[51]=\"invalid selector\";m[52]=\"invalid selector\";m[17]=\"javascript error\";m[405]=\"unsupported operation\";m[34]=\"move target out of bounds\";m[27]=\"no such alert\";m[7]=\"no such element\";m[8]=\"no such frame\";m[23]=\"no such window\";m[28]=\"script timeout\";m[33]=\"session not created\";m[10]=\"stale element reference\";m[21]=\"timeout\";m[25]=\"unable to set cookie\";m[26]=\"unexpected alert open\";m[13]=n;m[9]=\"unknown command\";var p;a:{var q=d.navigator;if(q){var r=q.userAgent;if(r){p=r;break a}}p=\"\"}function t(a){return-1!=p.indexOf(a)};function u(){return t(\"Firefox\")||t(\"FxiOS\")}function v(){return(t(\"Chrome\")||t(\"CriOS\"))&&!t(\"Edge\")};function w(){return t(\"iPhone\")&&!t(\"iPod\")&&!t(\"iPad\")};var y=t(\"Opera\"),z=t(\"Trident\")||t(\"MSIE\"),A=t(\"Edge\"),B=t(\"Gecko\")&&!(-1!=p.toLowerCase().indexOf(\"webkit\")&&!t(\"Edge\"))&&!(t(\"Trident\")||t(\"MSIE\"))&&!t(\"Edge\"),C=-1!=p.toLowerCase().indexOf(\"webkit\")&&!t(\"Edge\");function D(){var a=d.document;return a?a.documentMode:void 0}var E;\na:{var F=\"\",G=function(){var a=p;if(B)return/rv:([^\\);]+)(\\)|;)/.exec(a);if(A)return/Edge\\/([\\d\\.]+)/.exec(a);if(z)return/\\b(?:MSIE|rv)[: ]([^\\);]+)(\\)|;)/.exec(a);if(C)return/WebKit\\/(\\S+)/.exec(a);if(y)return/(?:Version)[ \\/]?(\\S+)/.exec(a)}();G&&(F=G?G[1]:\"\");if(z){var H=D();if(null!=H&&H>parseFloat(F)){E=String(H);break a}}E=F}var I;I=d.document&&z?D():void 0;var J=u(),K=w()||t(\"iPod\"),L=t(\"iPad\"),M=t(\"Android\")&&!(v()||u()||t(\"Opera\")||t(\"Silk\")),N=v(),aa=t(\"Safari\")&&!(v()||t(\"Coast\")||t(\"Opera\")||t(\"Edge\")||t(\"Edg/\")||t(\"OPR\")||u()||t(\"Silk\")||t(\"Android\"))&&!(w()||t(\"iPad\")||t(\"iPod\"));function O(a){return(a=a.exec(p))?a[1]:\"\"}(function(){if(J)return O(/Firefox\\/([0-9.]+)/);if(z||A||y)return E;if(N)return w()||t(\"iPad\")||t(\"iPod\")?O(/CriOS\\/([0-9.]+)/):O(/Chrome\\/([0-9.]+)/);if(aa&&!(w()||t(\"iPad\")||t(\"iPod\")))return O(/Version\\/([0-9.]+)/);if(K||L){var a=/Version\\/(\\S+).*Mobile\\/(\\S+)/.exec(p);if(a)return a[1]+\".\"+a[2]}else if(M)return(a=O(/Android\\s+([0-9.]+)/))?a:O(/Version\\/([0-9.]+)/);return\"\"})();var P=z&&!(8\u003C=Number(I)),ba=z&&!(9\u003C=Number(I));var ca={SCRIPT:1,STYLE:1,HEAD:1,IFRAME:1,OBJECT:1},Q={IMG:\" \",BR:\"\\n\"};function R(a,b,c){if(!(a.nodeName in ca))if(3==a.nodeType)c?b.push(String(a.nodeValue).replace(/(\\r\\n|\\r|\\n)/g,\"\")):b.push(a.nodeValue);else if(a.nodeName in Q)b.push(Q[a.nodeName]);else for(a=a.firstChild;a;)R(a,b,c),a=a.nextSibling};function S(a,b){b=b.toLowerCase();return\"style\"==b?da(a.style.cssText):P&&\"value\"==b&&T(a,\"INPUT\")?a.value:ba&&!0===a[b]?String(a.getAttribute(b)):(a=a.getAttributeNode(b))&&a.specified?a.value:null}var ea=/[;]+(?=(?:(?:[^\"]*\"){2})*[^\"]*$)(?=(?:(?:[^']*'){2})*[^']*$)(?=(?:[^()]*\\([^()]*\\))*[^()]*$)/;\nfunction da(a){var b=[];k(a.split(ea),function(c){var e=c.indexOf(\":\");0\u003Ce&&(c=[c.slice(0,e),c.slice(e+1)],2==c.length&&b.push(c[0].toLowerCase(),\":\",c[1],\";\"))});b=b.join(\"\");return b=\";\"==b.charAt(b.length-1)?b:b+\";\"}function U(a,b){P&&\"value\"==b&&T(a,\"OPTION\")&&null===S(a,\"value\")?(b=[],R(a,b,!1),a=b.join(\"\")):a=a[b];return a}\nfunction T(a,b){b&&\"string\"!==typeof b&&(b=b.toString());return a instanceof HTMLFormElement?!!a&&1==a.nodeType&&(!b||\"FORM\"==b):!!a&&1==a.nodeType&&(!b||a.tagName.toUpperCase()==b)}function V(a){return T(a,\"OPTION\")?!0:T(a,\"INPUT\")?(a=a.type.toLowerCase(),\"checkbox\"==a||\"radio\"==a):!1};var fa={\"class\":\"className\",readonly:\"readOnly\"},ha=\"allowfullscreen allowpaymentrequest allowusermedia async autofocus autoplay checked compact complete controls declare default defaultchecked defaultselected defer disabled ended formnovalidate hidden indeterminate iscontenteditable ismap itemscope loop multiple muted nohref nomodule noresize noshade novalidate nowrap open paused playsinline pubdate readonly required reversed scoped seamless seeking selected truespeed typemustmatch willvalidate\".split(\" \");function W(a,b){var c=null,e=b.toLowerCase();if(\"style\"==e)return(c=a.style)&&\"string\"!=typeof c&&(c=c.cssText),c;if((\"selected\"==e||\"checked\"==e)&&V(a)){if(!V(a))throw new l(15,\"Element is not selectable\");b=\"selected\";c=a.type&&a.type.toLowerCase();if(\"checkbox\"==c||\"radio\"==c)b=\"checked\";return U(a,b)?\"true\":null}var g=T(a,\"A\");if(T(a,\"IMG\")&&\"src\"==e||g&&\"href\"==e)return(c=S(a,e))&&(c=U(a,e)),c;if(\"spellcheck\"==e){c=S(a,e);if(null!==c){if(\"false\"==c.toLowerCase())return\"false\";if(\"true\"==c.toLowerCase())return\"true\"}return U(a,\ne)+\"\"}g=fa[b]||b;if(0\u003C=h(ha,e))return(c=null!==S(a,b)||U(a,g))?\"true\":null;try{var x=U(a,g)}catch(ia){}(e=null==x)||(e=typeof x,e=\"object\"==e&&null!=x||\"function\"==e);e?c=S(a,b):c=x;return null!=c?c.toString():null}var X=[\"se_exportedFunctionSymbol\"],Y=d;X[0]in Y||\"undefined\"==typeof Y.execScript||Y.execScript(\"var \"+X[0]);for(var Z;X.length&&(Z=X.shift());)X.length||void 0===W?Y[Z]&&Y[Z]!==Object.prototype[Z]?Y=Y[Z]:Y=Y[Z]={}:Y[Z]=W;; return this.se_exportedFunctionSymbol.apply(null,arguments);}).apply(window, arguments);}\n).apply(null, arguments);"
}
[1769669277.666][INFO]: Waiting for pending navigations...
[1769669277.667][INFO]: Done waiting for pending navigations. Status: ok
[1769669277.669][INFO]: Waiting for pending navigations...
[1769669277.669][INFO]: Done waiting for pending navigations. Status: ok
[1769669277.669][INFO]: [e9bdbd4df8cae9f7a7b05ef895e65b5c] RESPONSE ExecuteScript "https://gg.asuracomic.net/storage/media/405812/conversions/06-optimized.webp"
[1769669277.670][INFO]: [e9bdbd4df8cae9f7a7b05ef895e65b5c] COMMAND ExecuteScript {
   "args": [ {
      "element-6066-11e4-a52e-4f735466cecf": "f.CAA1FE4C08EC3FB8AD3888983C4001B7.d.728B49898D8128A16D8B333025A9BEAB.e.31"
   }, "alt" ],
   "script": "/* getAttribute */return (function(){return (function(){var d=this||self;function f(a,b){function c(){}c.prototype=b.prototype;a.prototype=new c;a.prototype.constructor=a};var h=Array.prototype.indexOf?function(a,b){return Array.prototype.indexOf.call(a,b,void 0)}:function(a,b){if(\"string\"===typeof a)return\"string\"!==typeof b||1!=b.length?-1:a.indexOf(b,0);for(var c=0;c\u003Ca.length;c++)if(c in a&&a[c]===b)return c;return-1},k=Array.prototype.forEach?function(a,b){Array.prototype.forEach.call(a,b,void 0)}:function(a,b){for(var c=a.length,e=\"string\"===typeof a?a.split(\"\"):a,g=0;g\u003Cc;g++)g in e&&b.call(void 0,e[g],g,a)};function l(a,b){this.code=a;this.a=m[a]||n;this.message=b||\"\";a=this.a.replace(/((?:^|\\s+)[a-z])/g,function(c){return c.toUpperCase().replace(/^[\\s\\xa0]+/g,\"\")});b=a.length-5;if(0>b||a.indexOf(\"Error\",b)!=b)a+=\"Error\";this.name=a;a=Error(this.message);a.name=this.name;this.stack=a.stack||\"\"}f(l,Error);var n=\"unknown error\",m={15:\"element not selectable\",11:\"element not visible\"};m[31]=n;m[30]=n;m[24]=\"invalid cookie domain\";m[29]=\"invalid element coordinates\";m[12]=\"invalid element state\";m[32]=\"invalid selector\";\nm[51]=\"invalid selector\";m[52]=\"invalid selector\";m[17]=\"javascript error\";m[405]=\"unsupported operation\";m[34]=\"move target out of bounds\";m[27]=\"no such alert\";m[7]=\"no such element\";m[8]=\"no such frame\";m[23]=\"no such window\";m[28]=\"script timeout\";m[33]=\"session not created\";m[10]=\"stale element reference\";m[21]=\"timeout\";m[25]=\"unable to set cookie\";m[26]=\"unexpected alert open\";m[13]=n;m[9]=\"unknown command\";var p;a:{var q=d.navigator;if(q){var r=q.userAgent;if(r){p=r;break a}}p=\"\"}function t(a){return-1!=p.indexOf(a)};function u(){return t(\"Firefox\")||t(\"FxiOS\")}function v(){return(t(\"Chrome\")||t(\"CriOS\"))&&!t(\"Edge\")};function w(){return t(\"iPhone\")&&!t(\"iPod\")&&!t(\"iPad\")};var y=t(\"Opera\"),z=t(\"Trident\")||t(\"MSIE\"),A=t(\"Edge\"),B=t(\"Gecko\")&&!(-1!=p.toLowerCase().indexOf(\"webkit\")&&!t(\"Edge\"))&&!(t(\"Trident\")||t(\"MSIE\"))&&!t(\"Edge\"),C=-1!=p.toLowerCase().indexOf(\"webkit\")&&!t(\"Edge\");function D(){var a=d.document;return a?a.documentMode:void 0}var E;\na:{var F=\"\",G=function(){var a=p;if(B)return/rv:([^\\);]+)(\\)|;)/.exec(a);if(A)return/Edge\\/([\\d\\.]+)/.exec(a);if(z)return/\\b(?:MSIE|rv)[: ]([^\\);]+)(\\)|;)/.exec(a);if(C)return/WebKit\\/(\\S+)/.exec(a);if(y)return/(?:Version)[ \\/]?(\\S+)/.exec(a)}();G&&(F=G?G[1]:\"\");if(z){var H=D();if(null!=H&&H>parseFloat(F)){E=String(H);break a}}E=F}var I;I=d.document&&z?D():void 0;var J=u(),K=w()||t(\"iPod\"),L=t(\"iPad\"),M=t(\"Android\")&&!(v()||u()||t(\"Opera\")||t(\"Silk\")),N=v(),aa=t(\"Safari\")&&!(v()||t(\"Coast\")||t(\"Opera\")||t(\"Edge\")||t(\"Edg/\")||t(\"OPR\")||u()||t(\"Silk\")||t(\"Android\"))&&!(w()||t(\"iPad\")||t(\"iPod\"));function O(a){return(a=a.exec(p))?a[1]:\"\"}(function(){if(J)return O(/Firefox\\/([0-9.]+)/);if(z||A||y)return E;if(N)return w()||t(\"iPad\")||t(\"iPod\")?O(/CriOS\\/([0-9.]+)/):O(/Chrome\\/([0-9.]+)/);if(aa&&!(w()||t(\"iPad\")||t(\"iPod\")))return O(/Version\\/([0-9.]+)/);if(K||L){var a=/Version\\/(\\S+).*Mobile\\/(\\S+)/.exec(p);if(a)return a[1]+\".\"+a[2]}else if(M)return(a=O(/Android\\s+([0-9.]+)/))?a:O(/Version\\/([0-9.]+)/);return\"\"})();var P=z&&!(8\u003C=Number(I)),ba=z&&!(9\u003C=Number(I));var ca={SCRIPT:1,STYLE:1,HEAD:1,IFRAME:1,OBJECT:1},Q={IMG:\" \",BR:\"\\n\"};function R(a,b,c){if(!(a.nodeName in ca))if(3==a.nodeType)c?b.push(String(a.nodeValue).replace(/(\\r\\n|\\r|\\n)/g,\"\")):b.push(a.nodeValue);else if(a.nodeName in Q)b.push(Q[a.nodeName]);else for(a=a.firstChild;a;)R(a,b,c),a=a.nextSibling};function S(a,b){b=b.toLowerCase();return\"style\"==b?da(a.style.cssText):P&&\"value\"==b&&T(a,\"INPUT\")?a.value:ba&&!0===a[b]?String(a.getAttribute(b)):(a=a.getAttributeNode(b))&&a.specified?a.value:null}var ea=/[;]+(?=(?:(?:[^\"]*\"){2})*[^\"]*$)(?=(?:(?:[^']*'){2})*[^']*$)(?=(?:[^()]*\\([^()]*\\))*[^()]*$)/;\nfunction da(a){var b=[];k(a.split(ea),function(c){var e=c.indexOf(\":\");0\u003Ce&&(c=[c.slice(0,e),c.slice(e+1)],2==c.length&&b.push(c[0].toLowerCase(),\":\",c[1],\";\"))});b=b.join(\"\");return b=\";\"==b.charAt(b.length-1)?b:b+\";\"}function U(a,b){P&&\"value\"==b&&T(a,\"OPTION\")&&null===S(a,\"value\")?(b=[],R(a,b,!1),a=b.join(\"\")):a=a[b];return a}\nfunction T(a,b){b&&\"string\"!==typeof b&&(b=b.toString());return a instanceof HTMLFormElement?!!a&&1==a.nodeType&&(!b||\"FORM\"==b):!!a&&1==a.nodeType&&(!b||a.tagName.toUpperCase()==b)}function V(a){return T(a,\"OPTION\")?!0:T(a,\"INPUT\")?(a=a.type.toLowerCase(),\"checkbox\"==a||\"radio\"==a):!1};var fa={\"class\":\"className\",readonly:\"readOnly\"},ha=\"allowfullscreen allowpaymentrequest allowusermedia async autofocus autoplay checked compact complete controls declare default defaultchecked defaultselected defer disabled ended formnovalidate hidden indeterminate iscontenteditable ismap itemscope loop multiple muted nohref nomodule noresize noshade novalidate nowrap open paused playsinline pubdate readonly required reversed scoped seamless seeking selected truespeed typemustmatch willvalidate\".split(\" \");function W(a,b){var c=null,e=b.toLowerCase();if(\"style\"==e)return(c=a.style)&&\"string\"!=typeof c&&(c=c.cssText),c;if((\"selected\"==e||\"checked\"==e)&&V(a)){if(!V(a))throw new l(15,\"Element is not selectable\");b=\"selected\";c=a.type&&a.type.toLowerCase();if(\"checkbox\"==c||\"radio\"==c)b=\"checked\";return U(a,b)?\"true\":null}var g=T(a,\"A\");if(T(a,\"IMG\")&&\"src\"==e||g&&\"href\"==e)return(c=S(a,e))&&(c=U(a,e)),c;if(\"spellcheck\"==e){c=S(a,e);if(null!==c){if(\"false\"==c.toLowerCase())return\"false\";if(\"true\"==c.toLowerCase())return\"true\"}return U(a,\ne)+\"\"}g=fa[b]||b;if(0\u003C=h(ha,e))return(c=null!==S(a,b)||U(a,g))?\"true\":null;try{var x=U(a,g)}catch(ia){}(e=null==x)||(e=typeof x,e=\"object\"==e&&null!=x||\"function\"==e);e?c=S(a,b):c=x;return null!=c?c.toString():null}var X=[\"se_exportedFunctionSymbol\"],Y=d;X[0]in Y||\"undefined\"==typeof Y.execScript||Y.execScript(\"var \"+X[0]);for(var Z;X.length&&(Z=X.shift());)X.length||void 0===W?Y[Z]&&Y[Z]!==Object.prototype[Z]?Y=Y[Z]:Y=Y[Z]={}:Y[Z]=W;; return this.se_exportedFunctionSymbol.apply(null,arguments);}).apply(window, arguments);}\n).apply(null, arguments);"
}
[1769669277.670][INFO]: Waiting for pending navigations...
[1769669277.670][INFO]: Done waiting for pending navigations. Status: ok
[1769669277.672][INFO]: Waiting for pending navigations...
[1769669277.672][INFO]: Done waiting for pending navigations. Status: ok
[1769669277.672][INFO]: [e9bdbd4df8cae9f7a7b05ef895e65b5c] RESPONSE ExecuteScript "chapter page 8"
[1769669277.673][INFO]: [e9bdbd4df8cae9f7a7b05ef895e65b5c] COMMAND ExecuteScript {
   "args": [ {
      "element-6066-11e4-a52e-4f735466cecf": "f.CAA1FE4C08EC3FB8AD3888983C4001B7.d.728B49898D8128A16D8B333025A9BEAB.e.31"
   }, "currentSrc" ],
   "script": "/* getAttribute */return (function(){return (function(){var d=this||self;function f(a,b){function c(){}c.prototype=b.prototype;a.prototype=new c;a.prototype.constructor=a};var h=Array.prototype.indexOf?function(a,b){return Array.prototype.indexOf.call(a,b,void 0)}:function(a,b){if(\"string\"===typeof a)return\"string\"!==typeof b||1!=b.length?-1:a.indexOf(b,0);for(var c=0;c\u003Ca.length;c++)if(c in a&&a[c]===b)return c;return-1},k=Array.prototype.forEach?function(a,b){Array.prototype.forEach.call(a,b,void 0)}:function(a,b){for(var c=a.length,e=\"string\"===typeof a?a.split(\"\"):a,g=0;g\u003Cc;g++)g in e&&b.call(void 0,e[g],g,a)};function l(a,b){this.code=a;this.a=m[a]||n;this.message=b||\"\";a=this.a.replace(/((?:^|\\s+)[a-z])/g,function(c){return c.toUpperCase().replace(/^[\\s\\xa0]+/g,\"\")});b=a.length-5;if(0>b||a.indexOf(\"Error\",b)!=b)a+=\"Error\";this.name=a;a=Error(this.message);a.name=this.name;this.stack=a.stack||\"\"}f(l,Error);var n=\"unknown error\",m={15:\"element not selectable\",11:\"element not visible\"};m[31]=n;m[30]=n;m[24]=\"invalid cookie domain\";m[29]=\"invalid element coordinates\";m[12]=\"invalid element state\";m[32]=\"invalid selector\";\nm[51]=\"invalid selector\";m[52]=\"invalid selector\";m[17]=\"javascript error\";m[405]=\"unsupported operation\";m[34]=\"move target out of bounds\";m[27]=\"no such alert\";m[7]=\"no such element\";m[8]=\"no such frame\";m[23]=\"no such window\";m[28]=\"script timeout\";m[33]=\"session not created\";m[10]=\"stale element reference\";m[21]=\"timeout\";m[25]=\"unable to set cookie\";m[26]=\"unexpected alert open\";m[13]=n;m[9]=\"unknown command\";var p;a:{var q=d.navigator;if(q){var r=q.userAgent;if(r){p=r;break a}}p=\"\"}function t(a){return-1!=p.indexOf(a)};function u(){return t(\"Firefox\")||t(\"FxiOS\")}function v(){return(t(\"Chrome\")||t(\"CriOS\"))&&!t(\"Edge\")};function w(){return t(\"iPhone\")&&!t(\"iPod\")&&!t(\"iPad\")};var y=t(\"Opera\"),z=t(\"Trident\")||t(\"MSIE\"),A=t(\"Edge\"),B=t(\"Gecko\")&&!(-1!=p.toLowerCase().indexOf(\"webkit\")&&!t(\"Edge\"))&&!(t(\"Trident\")||t(\"MSIE\"))&&!t(\"Edge\"),C=-1!=p.toLowerCase().indexOf(\"webkit\")&&!t(\"Edge\");function D(){var a=d.document;return a?a.documentMode:void 0}var E;\na:{var F=\"\",G=function(){var a=p;if(B)return/rv:([^\\);]+)(\\)|;)/.exec(a);if(A)return/Edge\\/([\\d\\.]+)/.exec(a);if(z)return/\\b(?:MSIE|rv)[: ]([^\\);]+)(\\)|;)/.exec(a);if(C)return/WebKit\\/(\\S+)/.exec(a);if(y)return/(?:Version)[ \\/]?(\\S+)/.exec(a)}();G&&(F=G?G[1]:\"\");if(z){var H=D();if(null!=H&&H>parseFloat(F)){E=String(H);break a}}E=F}var I;I=d.document&&z?D():void 0;var J=u(),K=w()||t(\"iPod\"),L=t(\"iPad\"),M=t(\"Android\")&&!(v()||u()||t(\"Opera\")||t(\"Silk\")),N=v(),aa=t(\"Safari\")&&!(v()||t(\"Coast\")||t(\"Opera\")||t(\"Edge\")||t(\"Edg/\")||t(\"OPR\")||u()||t(\"Silk\")||t(\"Android\"))&&!(w()||t(\"iPad\")||t(\"iPod\"));function O(a){return(a=a.exec(p))?a[1]:\"\"}(function(){if(J)return O(/Firefox\\/([0-9.]+)/);if(z||A||y)return E;if(N)return w()||t(\"iPad\")||t(\"iPod\")?O(/CriOS\\/([0-9.]+)/):O(/Chrome\\/([0-9.]+)/);if(aa&&!(w()||t(\"iPad\")||t(\"iPod\")))return O(/Version\\/([0-9.]+)/);if(K||L){var a=/Version\\/(\\S+).*Mobile\\/(\\S+)/.exec(p);if(a)return a[1]+\".\"+a[2]}else if(M)return(a=O(/Android\\s+([0-9.]+)/))?a:O(/Version\\/([0-9.]+)/);return\"\"})();var P=z&&!(8\u003C=Number(I)),ba=z&&!(9\u003C=Number(I));var ca={SCRIPT:1,STYLE:1,HEAD:1,IFRAME:1,OBJECT:1},Q={IMG:\" \",BR:\"\\n\"};function R(a,b,c){if(!(a.nodeName in ca))if(3==a.nodeType)c?b.push(String(a.nodeValue).replace(/(\\r\\n|\\r|\\n)/g,\"\")):b.push(a.nodeValue);else if(a.nodeName in Q)b.push(Q[a.nodeName]);else for(a=a.firstChild;a;)R(a,b,c),a=a.nextSibling};function S(a,b){b=b.toLowerCase();return\"style\"==b?da(a.style.cssText):P&&\"value\"==b&&T(a,\"INPUT\")?a.value:ba&&!0===a[b]?String(a.getAttribute(b)):(a=a.getAttributeNode(b))&&a.specified?a.value:null}var ea=/[;]+(?=(?:(?:[^\"]*\"){2})*[^\"]*$)(?=(?:(?:[^']*'){2})*[^']*$)(?=(?:[^()]*\\([^()]*\\))*[^()]*$)/;\nfunction da(a){var b=[];k(a.split(ea),function(c){var e=c.indexOf(\":\");0\u003Ce&&(c=[c.slice(0,e),c.slice(e+1)],2==c.length&&b.push(c[0].toLowerCase(),\":\",c[1],\";\"))});b=b.join(\"\");return b=\";\"==b.charAt(b.length-1)?b:b+\";\"}function U(a,b){P&&\"value\"==b&&T(a,\"OPTION\")&&null===S(a,\"value\")?(b=[],R(a,b,!1),a=b.join(\"\")):a=a[b];return a}\nfunction T(a,b){b&&\"string\"!==typeof b&&(b=b.toString());return a instanceof HTMLFormElement?!!a&&1==a.nodeType&&(!b||\"FORM\"==b):!!a&&1==a.nodeType&&(!b||a.tagName.toUpperCase()==b)}function V(a){return T(a,\"OPTION\")?!0:T(a,\"INPUT\")?(a=a.type.toLowerCase(),\"checkbox\"==a||\"radio\"==a):!1};var fa={\"class\":\"className\",readonly:\"readOnly\"},ha=\"allowfullscreen allowpaymentrequest allowusermedia async autofocus autoplay checked compact complete controls declare default defaultchecked defaultselected defer disabled ended formnovalidate hidden indeterminate iscontenteditable ismap itemscope loop multiple muted nohref nomodule noresize noshade novalidate nowrap open paused playsinline pubdate readonly required reversed scoped seamless seeking selected truespeed typemustmatch willvalidate\".split(\" \");function W(a,b){var c=null,e=b.toLowerCase();if(\"style\"==e)return(c=a.style)&&\"string\"!=typeof c&&(c=c.cssText),c;if((\"selected\"==e||\"checked\"==e)&&V(a)){if(!V(a))throw new l(15,\"Element is not selectable\");b=\"selected\";c=a.type&&a.type.toLowerCase();if(\"checkbox\"==c||\"radio\"==c)b=\"checked\";return U(a,b)?\"true\":null}var g=T(a,\"A\");if(T(a,\"IMG\")&&\"src\"==e||g&&\"href\"==e)return(c=S(a,e))&&(c=U(a,e)),c;if(\"spellcheck\"==e){c=S(a,e);if(null!==c){if(\"false\"==c.toLowerCase())return\"false\";if(\"true\"==c.toLowerCase())return\"true\"}return U(a,\ne)+\"\"}g=fa[b]||b;if(0\u003C=h(ha,e))return(c=null!==S(a,b)||U(a,g))?\"true\":null;try{var x=U(a,g)}catch(ia){}(e=null==x)||(e=typeof x,e=\"object\"==e&&null!=x||\"function\"==e);e?c=S(a,b):c=x;return null!=c?c.toString():null}var X=[\"se_exportedFunctionSymbol\"],Y=d;X[0]in Y||\"undefined\"==typeof Y.execScript||Y.execScript(\"var \"+X[0]);for(var Z;X.length&&(Z=X.shift());)X.length||void 0===W?Y[Z]&&Y[Z]!==Object.prototype[Z]?Y=Y[Z]:Y=Y[Z]={}:Y[Z]=W;; return this.se_exportedFunctionSymbol.apply(null,arguments);}).apply(window, arguments);}\n).apply(null, arguments);"
}
[1769669277.673][INFO]: Waiting for pending navigations...
[1769669277.674][INFO]: Done waiting for pending navigations. Status: ok
[1769669277.676][INFO]: Waiting for pending navigations...
[1769669277.676][INFO]: Done waiting for pending navigations. Status: ok
[1769669277.676][INFO]: [e9bdbd4df8cae9f7a7b05ef895e65b5c] RESPONSE ExecuteScript "https://gg.asuracomic.net/storage/media/405813/conversions/07-optimized.webp"
[1769669277.677][INFO]: [e9bdbd4df8cae9f7a7b05ef895e65b5c] COMMAND ExecuteScript {
   "args": [ {
      "element-6066-11e4-a52e-4f735466cecf": "f.CAA1FE4C08EC3FB8AD3888983C4001B7.d.728B49898D8128A16D8B333025A9BEAB.e.32"
   }, "alt" ],
   "script": "/* getAttribute */return (function(){return (function(){var d=this||self;function f(a,b){function c(){}c.prototype=b.prototype;a.prototype=new c;a.prototype.constructor=a};var h=Array.prototype.indexOf?function(a,b){return Array.prototype.indexOf.call(a,b,void 0)}:function(a,b){if(\"string\"===typeof a)return\"string\"!==typeof b||1!=b.length?-1:a.indexOf(b,0);for(var c=0;c\u003Ca.length;c++)if(c in a&&a[c]===b)return c;return-1},k=Array.prototype.forEach?function(a,b){Array.prototype.forEach.call(a,b,void 0)}:function(a,b){for(var c=a.length,e=\"string\"===typeof a?a.split(\"\"):a,g=0;g\u003Cc;g++)g in e&&b.call(void 0,e[g],g,a)};function l(a,b){this.code=a;this.a=m[a]||n;this.message=b||\"\";a=this.a.replace(/((?:^|\\s+)[a-z])/g,function(c){return c.toUpperCase().replace(/^[\\s\\xa0]+/g,\"\")});b=a.length-5;if(0>b||a.indexOf(\"Error\",b)!=b)a+=\"Error\";this.name=a;a=Error(this.message);a.name=this.name;this.stack=a.stack||\"\"}f(l,Error);var n=\"unknown error\",m={15:\"element not selectable\",11:\"element not visible\"};m[31]=n;m[30]=n;m[24]=\"invalid cookie domain\";m[29]=\"invalid element coordinates\";m[12]=\"invalid element state\";m[32]=\"invalid selector\";\nm[51]=\"invalid selector\";m[52]=\"invalid selector\";m[17]=\"javascript error\";m[405]=\"unsupported operation\";m[34]=\"move target out of bounds\";m[27]=\"no such alert\";m[7]=\"no such element\";m[8]=\"no such frame\";m[23]=\"no such window\";m[28]=\"script timeout\";m[33]=\"session not created\";m[10]=\"stale element reference\";m[21]=\"timeout\";m[25]=\"unable to set cookie\";m[26]=\"unexpected alert open\";m[13]=n;m[9]=\"unknown command\";var p;a:{var q=d.navigator;if(q){var r=q.userAgent;if(r){p=r;break a}}p=\"\"}function t(a){return-1!=p.indexOf(a)};function u(){return t(\"Firefox\")||t(\"FxiOS\")}function v(){return(t(\"Chrome\")||t(\"CriOS\"))&&!t(\"Edge\")};function w(){return t(\"iPhone\")&&!t(\"iPod\")&&!t(\"iPad\")};var y=t(\"Opera\"),z=t(\"Trident\")||t(\"MSIE\"),A=t(\"Edge\"),B=t(\"Gecko\")&&!(-1!=p.toLowerCase().indexOf(\"webkit\")&&!t(\"Edge\"))&&!(t(\"Trident\")||t(\"MSIE\"))&&!t(\"Edge\"),C=-1!=p.toLowerCase().indexOf(\"webkit\")&&!t(\"Edge\");function D(){var a=d.document;return a?a.documentMode:void 0}var E;\na:{var F=\"\",G=function(){var a=p;if(B)return/rv:([^\\);]+)(\\)|;)/.exec(a);if(A)return/Edge\\/([\\d\\.]+)/.exec(a);if(z)return/\\b(?:MSIE|rv)[: ]([^\\);]+)(\\)|;)/.exec(a);if(C)return/WebKit\\/(\\S+)/.exec(a);if(y)return/(?:Version)[ \\/]?(\\S+)/.exec(a)}();G&&(F=G?G[1]:\"\");if(z){var H=D();if(null!=H&&H>parseFloat(F)){E=String(H);break a}}E=F}var I;I=d.document&&z?D():void 0;var J=u(),K=w()||t(\"iPod\"),L=t(\"iPad\"),M=t(\"Android\")&&!(v()||u()||t(\"Opera\")||t(\"Silk\")),N=v(),aa=t(\"Safari\")&&!(v()||t(\"Coast\")||t(\"Opera\")||t(\"Edge\")||t(\"Edg/\")||t(\"OPR\")||u()||t(\"Silk\")||t(\"Android\"))&&!(w()||t(\"iPad\")||t(\"iPod\"));function O(a){return(a=a.exec(p))?a[1]:\"\"}(function(){if(J)return O(/Firefox\\/([0-9.]+)/);if(z||A||y)return E;if(N)return w()||t(\"iPad\")||t(\"iPod\")?O(/CriOS\\/([0-9.]+)/):O(/Chrome\\/([0-9.]+)/);if(aa&&!(w()||t(\"iPad\")||t(\"iPod\")))return O(/Version\\/([0-9.]+)/);if(K||L){var a=/Version\\/(\\S+).*Mobile\\/(\\S+)/.exec(p);if(a)return a[1]+\".\"+a[2]}else if(M)return(a=O(/Android\\s+([0-9.]+)/))?a:O(/Version\\/([0-9.]+)/);return\"\"})();var P=z&&!(8\u003C=Number(I)),ba=z&&!(9\u003C=Number(I));var ca={SCRIPT:1,STYLE:1,HEAD:1,IFRAME:1,OBJECT:1},Q={IMG:\" \",BR:\"\\n\"};function R(a,b,c){if(!(a.nodeName in ca))if(3==a.nodeType)c?b.push(String(a.nodeValue).replace(/(\\r\\n|\\r|\\n)/g,\"\")):b.push(a.nodeValue);else if(a.nodeName in Q)b.push(Q[a.nodeName]);else for(a=a.firstChild;a;)R(a,b,c),a=a.nextSibling};function S(a,b){b=b.toLowerCase();return\"style\"==b?da(a.style.cssText):P&&\"value\"==b&&T(a,\"INPUT\")?a.value:ba&&!0===a[b]?String(a.getAttribute(b)):(a=a.getAttributeNode(b))&&a.specified?a.value:null}var ea=/[;]+(?=(?:(?:[^\"]*\"){2})*[^\"]*$)(?=(?:(?:[^']*'){2})*[^']*$)(?=(?:[^()]*\\([^()]*\\))*[^()]*$)/;\nfunction da(a){var b=[];k(a.split(ea),function(c){var e=c.indexOf(\":\");0\u003Ce&&(c=[c.slice(0,e),c.slice(e+1)],2==c.length&&b.push(c[0].toLowerCase(),\":\",c[1],\";\"))});b=b.join(\"\");return b=\";\"==b.charAt(b.length-1)?b:b+\";\"}function U(a,b){P&&\"value\"==b&&T(a,\"OPTION\")&&null===S(a,\"value\")?(b=[],R(a,b,!1),a=b.join(\"\")):a=a[b];return a}\nfunction T(a,b){b&&\"string\"!==typeof b&&(b=b.toString());return a instanceof HTMLFormElement?!!a&&1==a.nodeType&&(!b||\"FORM\"==b):!!a&&1==a.nodeType&&(!b||a.tagName.toUpperCase()==b)}function V(a){return T(a,\"OPTION\")?!0:T(a,\"INPUT\")?(a=a.type.toLowerCase(),\"checkbox\"==a||\"radio\"==a):!1};var fa={\"class\":\"className\",readonly:\"readOnly\"},ha=\"allowfullscreen allowpaymentrequest allowusermedia async autofocus autoplay checked compact complete controls declare default defaultchecked defaultselected defer disabled ended formnovalidate hidden indeterminate iscontenteditable ismap itemscope loop multiple muted nohref nomodule noresize noshade novalidate nowrap open paused playsinline pubdate readonly required reversed scoped seamless seeking selected truespeed typemustmatch willvalidate\".split(\" \");function W(a,b){var c=null,e=b.toLowerCase();if(\"style\"==e)return(c=a.style)&&\"string\"!=typeof c&&(c=c.cssText),c;if((\"selected\"==e||\"checked\"==e)&&V(a)){if(!V(a))throw new l(15,\"Element is not selectable\");b=\"selected\";c=a.type&&a.type.toLowerCase();if(\"checkbox\"==c||\"radio\"==c)b=\"checked\";return U(a,b)?\"true\":null}var g=T(a,\"A\");if(T(a,\"IMG\")&&\"src\"==e||g&&\"href\"==e)return(c=S(a,e))&&(c=U(a,e)),c;if(\"spellcheck\"==e){c=S(a,e);if(null!==c){if(\"false\"==c.toLowerCase())return\"false\";if(\"true\"==c.toLowerCase())return\"true\"}return U(a,\ne)+\"\"}g=fa[b]||b;if(0\u003C=h(ha,e))return(c=null!==S(a,b)||U(a,g))?\"true\":null;try{var x=U(a,g)}catch(ia){}(e=null==x)||(e=typeof x,e=\"object\"==e&&null!=x||\"function\"==e);e?c=S(a,b):c=x;return null!=c?c.toString():null}var X=[\"se_exportedFunctionSymbol\"],Y=d;X[0]in Y||\"undefined\"==typeof Y.execScript||Y.execScript(\"var \"+X[0]);for(var Z;X.length&&(Z=X.shift());)X.length||void 0===W?Y[Z]&&Y[Z]!==Object.prototype[Z]?Y=Y[Z]:Y=Y[Z]={}:Y[Z]=W;; return this.se_exportedFunctionSymbol.apply(null,arguments);}).apply(window, arguments);}\n).apply(null, arguments);"
}
[1769669277.677][INFO]: Waiting for pending navigations...
[1769669277.677][INFO]: Done waiting for pending navigations. Status: ok
[1769669277.679][INFO]: Waiting for pending navigations...
[1769669277.680][INFO]: Done waiting for pending navigations. Status: ok
[1769669277.680][INFO]: [e9bdbd4df8cae9f7a7b05ef895e65b5c] RESPONSE ExecuteScript "chapter page 9"
[1769669277.681][INFO]: [e9bdbd4df8cae9f7a7b05ef895e65b5c] COMMAND ExecuteScript {
   "args": [ {
      "element-6066-11e4-a52e-4f735466cecf": "f.CAA1FE4C08EC3FB8AD3888983C4001B7.d.728B49898D8128A16D8B333025A9BEAB.e.32"
   }, "currentSrc" ],
   "script": "/* getAttribute */return (function(){return (function(){var d=this||self;function f(a,b){function c(){}c.prototype=b.prototype;a.prototype=new c;a.prototype.constructor=a};var h=Array.prototype.indexOf?function(a,b){return Array.prototype.indexOf.call(a,b,void 0)}:function(a,b){if(\"string\"===typeof a)return\"string\"!==typeof b||1!=b.length?-1:a.indexOf(b,0);for(var c=0;c\u003Ca.length;c++)if(c in a&&a[c]===b)return c;return-1},k=Array.prototype.forEach?function(a,b){Array.prototype.forEach.call(a,b,void 0)}:function(a,b){for(var c=a.length,e=\"string\"===typeof a?a.split(\"\"):a,g=0;g\u003Cc;g++)g in e&&b.call(void 0,e[g],g,a)};function l(a,b){this.code=a;this.a=m[a]||n;this.message=b||\"\";a=this.a.replace(/((?:^|\\s+)[a-z])/g,function(c){return c.toUpperCase().replace(/^[\\s\\xa0]+/g,\"\")});b=a.length-5;if(0>b||a.indexOf(\"Error\",b)!=b)a+=\"Error\";this.name=a;a=Error(this.message);a.name=this.name;this.stack=a.stack||\"\"}f(l,Error);var n=\"unknown error\",m={15:\"element not selectable\",11:\"element not visible\"};m[31]=n;m[30]=n;m[24]=\"invalid cookie domain\";m[29]=\"invalid element coordinates\";m[12]=\"invalid element state\";m[32]=\"invalid selector\";\nm[51]=\"invalid selector\";m[52]=\"invalid selector\";m[17]=\"javascript error\";m[405]=\"unsupported operation\";m[34]=\"move target out of bounds\";m[27]=\"no such alert\";m[7]=\"no such element\";m[8]=\"no such frame\";m[23]=\"no such window\";m[28]=\"script timeout\";m[33]=\"session not created\";m[10]=\"stale element reference\";m[21]=\"timeout\";m[25]=\"unable to set cookie\";m[26]=\"unexpected alert open\";m[13]=n;m[9]=\"unknown command\";var p;a:{var q=d.navigator;if(q){var r=q.userAgent;if(r){p=r;break a}}p=\"\"}function t(a){return-1!=p.indexOf(a)};function u(){return t(\"Firefox\")||t(\"FxiOS\")}function v(){return(t(\"Chrome\")||t(\"CriOS\"))&&!t(\"Edge\")};function w(){return t(\"iPhone\")&&!t(\"iPod\")&&!t(\"iPad\")};var y=t(\"Opera\"),z=t(\"Trident\")||t(\"MSIE\"),A=t(\"Edge\"),B=t(\"Gecko\")&&!(-1!=p.toLowerCase().indexOf(\"webkit\")&&!t(\"Edge\"))&&!(t(\"Trident\")||t(\"MSIE\"))&&!t(\"Edge\"),C=-1!=p.toLowerCase().indexOf(\"webkit\")&&!t(\"Edge\");function D(){var a=d.document;return a?a.documentMode:void 0}var E;\na:{var F=\"\",G=function(){var a=p;if(B)return/rv:([^\\);]+)(\\)|;)/.exec(a);if(A)return/Edge\\/([\\d\\.]+)/.exec(a);if(z)return/\\b(?:MSIE|rv)[: ]([^\\);]+)(\\)|;)/.exec(a);if(C)return/WebKit\\/(\\S+)/.exec(a);if(y)return/(?:Version)[ \\/]?(\\S+)/.exec(a)}();G&&(F=G?G[1]:\"\");if(z){var H=D();if(null!=H&&H>parseFloat(F)){E=String(H);break a}}E=F}var I;I=d.document&&z?D():void 0;var J=u(),K=w()||t(\"iPod\"),L=t(\"iPad\"),M=t(\"Android\")&&!(v()||u()||t(\"Opera\")||t(\"Silk\")),N=v(),aa=t(\"Safari\")&&!(v()||t(\"Coast\")||t(\"Opera\")||t(\"Edge\")||t(\"Edg/\")||t(\"OPR\")||u()||t(\"Silk\")||t(\"Android\"))&&!(w()||t(\"iPad\")||t(\"iPod\"));function O(a){return(a=a.exec(p))?a[1]:\"\"}(function(){if(J)return O(/Firefox\\/([0-9.]+)/);if(z||A||y)return E;if(N)return w()||t(\"iPad\")||t(\"iPod\")?O(/CriOS\\/([0-9.]+)/):O(/Chrome\\/([0-9.]+)/);if(aa&&!(w()||t(\"iPad\")||t(\"iPod\")))return O(/Version\\/([0-9.]+)/);if(K||L){var a=/Version\\/(\\S+).*Mobile\\/(\\S+)/.exec(p);if(a)return a[1]+\".\"+a[2]}else if(M)return(a=O(/Android\\s+([0-9.]+)/))?a:O(/Version\\/([0-9.]+)/);return\"\"})();var P=z&&!(8\u003C=Number(I)),ba=z&&!(9\u003C=Number(I));var ca={SCRIPT:1,STYLE:1,HEAD:1,IFRAME:1,OBJECT:1},Q={IMG:\" \",BR:\"\\n\"};function R(a,b,c){if(!(a.nodeName in ca))if(3==a.nodeType)c?b.push(String(a.nodeValue).replace(/(\\r\\n|\\r|\\n)/g,\"\")):b.push(a.nodeValue);else if(a.nodeName in Q)b.push(Q[a.nodeName]);else for(a=a.firstChild;a;)R(a,b,c),a=a.nextSibling};function S(a,b){b=b.toLowerCase();return\"style\"==b?da(a.style.cssText):P&&\"value\"==b&&T(a,\"INPUT\")?a.value:ba&&!0===a[b]?String(a.getAttribute(b)):(a=a.getAttributeNode(b))&&a.specified?a.value:null}var ea=/[;]+(?=(?:(?:[^\"]*\"){2})*[^\"]*$)(?=(?:(?:[^']*'){2})*[^']*$)(?=(?:[^()]*\\([^()]*\\))*[^()]*$)/;\nfunction da(a){var b=[];k(a.split(ea),function(c){var e=c.indexOf(\":\");0\u003Ce&&(c=[c.slice(0,e),c.slice(e+1)],2==c.length&&b.push(c[0].toLowerCase(),\":\",c[1],\";\"))});b=b.join(\"\");return b=\";\"==b.charAt(b.length-1)?b:b+\";\"}function U(a,b){P&&\"value\"==b&&T(a,\"OPTION\")&&null===S(a,\"value\")?(b=[],R(a,b,!1),a=b.join(\"\")):a=a[b];return a}\nfunction T(a,b){b&&\"string\"!==typeof b&&(b=b.toString());return a instanceof HTMLFormElement?!!a&&1==a.nodeType&&(!b||\"FORM\"==b):!!a&&1==a.nodeType&&(!b||a.tagName.toUpperCase()==b)}function V(a){return T(a,\"OPTION\")?!0:T(a,\"INPUT\")?(a=a.type.toLowerCase(),\"checkbox\"==a||\"radio\"==a):!1};var fa={\"class\":\"className\",readonly:\"readOnly\"},ha=\"allowfullscreen allowpaymentrequest allowusermedia async autofocus autoplay checked compact complete controls declare default defaultchecked defaultselected defer disabled ended formnovalidate hidden indeterminate iscontenteditable ismap itemscope loop multiple muted nohref nomodule noresize noshade novalidate nowrap open paused playsinline pubdate readonly required reversed scoped seamless seeking selected truespeed typemustmatch willvalidate\".split(\" \");function W(a,b){var c=null,e=b.toLowerCase();if(\"style\"==e)return(c=a.style)&&\"string\"!=typeof c&&(c=c.cssText),c;if((\"selected\"==e||\"checked\"==e)&&V(a)){if(!V(a))throw new l(15,\"Element is not selectable\");b=\"selected\";c=a.type&&a.type.toLowerCase();if(\"checkbox\"==c||\"radio\"==c)b=\"checked\";return U(a,b)?\"true\":null}var g=T(a,\"A\");if(T(a,\"IMG\")&&\"src\"==e||g&&\"href\"==e)return(c=S(a,e))&&(c=U(a,e)),c;if(\"spellcheck\"==e){c=S(a,e);if(null!==c){if(\"false\"==c.toLowerCase())return\"false\";if(\"true\"==c.toLowerCase())return\"true\"}return U(a,\ne)+\"\"}g=fa[b]||b;if(0\u003C=h(ha,e))return(c=null!==S(a,b)||U(a,g))?\"true\":null;try{var x=U(a,g)}catch(ia){}(e=null==x)||(e=typeof x,e=\"object\"==e&&null!=x||\"function\"==e);e?c=S(a,b):c=x;return null!=c?c.toString():null}var X=[\"se_exportedFunctionSymbol\"],Y=d;X[0]in Y||\"undefined\"==typeof Y.execScript||Y.execScript(\"var \"+X[0]);for(var Z;X.length&&(Z=X.shift());)X.length||void 0===W?Y[Z]&&Y[Z]!==Object.prototype[Z]?Y=Y[Z]:Y=Y[Z]={}:Y[Z]=W;; return this.se_exportedFunctionSymbol.apply(null,arguments);}).apply(window, arguments);}\n).apply(null, arguments);"
}
[1769669277.681][INFO]: Waiting for pending navigations...
[1769669277.681][INFO]: Done waiting for pending navigations. Status: ok
[1769669277.683][INFO]: Waiting for pending navigations...
[1769669277.684][INFO]: Done waiting for pending navigations. Status: ok
[1769669277.684][INFO]: [e9bdbd4df8cae9f7a7b05ef895e65b5c] RESPONSE ExecuteScript "https://gg.asuracomic.net/storage/media/405814/conversions/08-optimized.webp"
[1769669277.685][INFO]: [e9bdbd4df8cae9f7a7b05ef895e65b5c] COMMAND ExecuteScript {
   "args": [ {
      "element-6066-11e4-a52e-4f735466cecf": "f.CAA1FE4C08EC3FB8AD3888983C4001B7.d.728B49898D8128A16D8B333025A9BEAB.e.33"
   }, "alt" ],
   "script": "/* getAttribute */return (function(){return (function(){var d=this||self;function f(a,b){function c(){}c.prototype=b.prototype;a.prototype=new c;a.prototype.constructor=a};var h=Array.prototype.indexOf?function(a,b){return Array.prototype.indexOf.call(a,b,void 0)}:function(a,b){if(\"string\"===typeof a)return\"string\"!==typeof b||1!=b.length?-1:a.indexOf(b,0);for(var c=0;c\u003Ca.length;c++)if(c in a&&a[c]===b)return c;return-1},k=Array.prototype.forEach?function(a,b){Array.prototype.forEach.call(a,b,void 0)}:function(a,b){for(var c=a.length,e=\"string\"===typeof a?a.split(\"\"):a,g=0;g\u003Cc;g++)g in e&&b.call(void 0,e[g],g,a)};function l(a,b){this.code=a;this.a=m[a]||n;this.message=b||\"\";a=this.a.replace(/((?:^|\\s+)[a-z])/g,function(c){return c.toUpperCase().replace(/^[\\s\\xa0]+/g,\"\")});b=a.length-5;if(0>b||a.indexOf(\"Error\",b)!=b)a+=\"Error\";this.name=a;a=Error(this.message);a.name=this.name;this.stack=a.stack||\"\"}f(l,Error);var n=\"unknown error\",m={15:\"element not selectable\",11:\"element not visible\"};m[31]=n;m[30]=n;m[24]=\"invalid cookie domain\";m[29]=\"invalid element coordinates\";m[12]=\"invalid element state\";m[32]=\"invalid selector\";\nm[51]=\"invalid selector\";m[52]=\"invalid selector\";m[17]=\"javascript error\";m[405]=\"unsupported operation\";m[34]=\"move target out of bounds\";m[27]=\"no such alert\";m[7]=\"no such element\";m[8]=\"no such frame\";m[23]=\"no such window\";m[28]=\"script timeout\";m[33]=\"session not created\";m[10]=\"stale element reference\";m[21]=\"timeout\";m[25]=\"unable to set cookie\";m[26]=\"unexpected alert open\";m[13]=n;m[9]=\"unknown command\";var p;a:{var q=d.navigator;if(q){var r=q.userAgent;if(r){p=r;break a}}p=\"\"}function t(a){return-1!=p.indexOf(a)};function u(){return t(\"Firefox\")||t(\"FxiOS\")}function v(){return(t(\"Chrome\")||t(\"CriOS\"))&&!t(\"Edge\")};function w(){return t(\"iPhone\")&&!t(\"iPod\")&&!t(\"iPad\")};var y=t(\"Opera\"),z=t(\"Trident\")||t(\"MSIE\"),A=t(\"Edge\"),B=t(\"Gecko\")&&!(-1!=p.toLowerCase().indexOf(\"webkit\")&&!t(\"Edge\"))&&!(t(\"Trident\")||t(\"MSIE\"))&&!t(\"Edge\"),C=-1!=p.toLowerCase().indexOf(\"webkit\")&&!t(\"Edge\");function D(){var a=d.document;return a?a.documentMode:void 0}var E;\na:{var F=\"\",G=function(){var a=p;if(B)return/rv:([^\\);]+)(\\)|;)/.exec(a);if(A)return/Edge\\/([\\d\\.]+)/.exec(a);if(z)return/\\b(?:MSIE|rv)[: ]([^\\);]+)(\\)|;)/.exec(a);if(C)return/WebKit\\/(\\S+)/.exec(a);if(y)return/(?:Version)[ \\/]?(\\S+)/.exec(a)}();G&&(F=G?G[1]:\"\");if(z){var H=D();if(null!=H&&H>parseFloat(F)){E=String(H);break a}}E=F}var I;I=d.document&&z?D():void 0;var J=u(),K=w()||t(\"iPod\"),L=t(\"iPad\"),M=t(\"Android\")&&!(v()||u()||t(\"Opera\")||t(\"Silk\")),N=v(),aa=t(\"Safari\")&&!(v()||t(\"Coast\")||t(\"Opera\")||t(\"Edge\")||t(\"Edg/\")||t(\"OPR\")||u()||t(\"Silk\")||t(\"Android\"))&&!(w()||t(\"iPad\")||t(\"iPod\"));function O(a){return(a=a.exec(p))?a[1]:\"\"}(function(){if(J)return O(/Firefox\\/([0-9.]+)/);if(z||A||y)return E;if(N)return w()||t(\"iPad\")||t(\"iPod\")?O(/CriOS\\/([0-9.]+)/):O(/Chrome\\/([0-9.]+)/);if(aa&&!(w()||t(\"iPad\")||t(\"iPod\")))return O(/Version\\/([0-9.]+)/);if(K||L){var a=/Version\\/(\\S+).*Mobile\\/(\\S+)/.exec(p);if(a)return a[1]+\".\"+a[2]}else if(M)return(a=O(/Android\\s+([0-9.]+)/))?a:O(/Version\\/([0-9.]+)/);return\"\"})();var P=z&&!(8\u003C=Number(I)),ba=z&&!(9\u003C=Number(I));var ca={SCRIPT:1,STYLE:1,HEAD:1,IFRAME:1,OBJECT:1},Q={IMG:\" \",BR:\"\\n\"};function R(a,b,c){if(!(a.nodeName in ca))if(3==a.nodeType)c?b.push(String(a.nodeValue).replace(/(\\r\\n|\\r|\\n)/g,\"\")):b.push(a.nodeValue);else if(a.nodeName in Q)b.push(Q[a.nodeName]);else for(a=a.firstChild;a;)R(a,b,c),a=a.nextSibling};function S(a,b){b=b.toLowerCase();return\"style\"==b?da(a.style.cssText):P&&\"value\"==b&&T(a,\"INPUT\")?a.value:ba&&!0===a[b]?String(a.getAttribute(b)):(a=a.getAttributeNode(b))&&a.specified?a.value:null}var ea=/[;]+(?=(?:(?:[^\"]*\"){2})*[^\"]*$)(?=(?:(?:[^']*'){2})*[^']*$)(?=(?:[^()]*\\([^()]*\\))*[^()]*$)/;\nfunction da(a){var b=[];k(a.split(ea),function(c){var e=c.indexOf(\":\");0\u003Ce&&(c=[c.slice(0,e),c.slice(e+1)],2==c.length&&b.push(c[0].toLowerCase(),\":\",c[1],\";\"))});b=b.join(\"\");return b=\";\"==b.charAt(b.length-1)?b:b+\";\"}function U(a,b){P&&\"value\"==b&&T(a,\"OPTION\")&&null===S(a,\"value\")?(b=[],R(a,b,!1),a=b.join(\"\")):a=a[b];return a}\nfunction T(a,b){b&&\"string\"!==typeof b&&(b=b.toString());return a instanceof HTMLFormElement?!!a&&1==a.nodeType&&(!b||\"FORM\"==b):!!a&&1==a.nodeType&&(!b||a.tagName.toUpperCase()==b)}function V(a){return T(a,\"OPTION\")?!0:T(a,\"INPUT\")?(a=a.type.toLowerCase(),\"checkbox\"==a||\"radio\"==a):!1};var fa={\"class\":\"className\",readonly:\"readOnly\"},ha=\"allowfullscreen allowpaymentrequest allowusermedia async autofocus autoplay checked compact complete controls declare default defaultchecked defaultselected defer disabled ended formnovalidate hidden indeterminate iscontenteditable ismap itemscope loop multiple muted nohref nomodule noresize noshade novalidate nowrap open paused playsinline pubdate readonly required reversed scoped seamless seeking selected truespeed typemustmatch willvalidate\".split(\" \");function W(a,b){var c=null,e=b.toLowerCase();if(\"style\"==e)return(c=a.style)&&\"string\"!=typeof c&&(c=c.cssText),c;if((\"selected\"==e||\"checked\"==e)&&V(a)){if(!V(a))throw new l(15,\"Element is not selectable\");b=\"selected\";c=a.type&&a.type.toLowerCase();if(\"checkbox\"==c||\"radio\"==c)b=\"checked\";return U(a,b)?\"true\":null}var g=T(a,\"A\");if(T(a,\"IMG\")&&\"src\"==e||g&&\"href\"==e)return(c=S(a,e))&&(c=U(a,e)),c;if(\"spellcheck\"==e){c=S(a,e);if(null!==c){if(\"false\"==c.toLowerCase())return\"false\";if(\"true\"==c.toLowerCase())return\"true\"}return U(a,\ne)+\"\"}g=fa[b]||b;if(0\u003C=h(ha,e))return(c=null!==S(a,b)||U(a,g))?\"true\":null;try{var x=U(a,g)}catch(ia){}(e=null==x)||(e=typeof x,e=\"object\"==e&&null!=x||\"function\"==e);e?c=S(a,b):c=x;return null!=c?c.toString():null}var X=[\"se_exportedFunctionSymbol\"],Y=d;X[0]in Y||\"undefined\"==typeof Y.execScript||Y.execScript(\"var \"+X[0]);for(var Z;X.length&&(Z=X.shift());)X.length||void 0===W?Y[Z]&&Y[Z]!==Object.prototype[Z]?Y=Y[Z]:Y=Y[Z]={}:Y[Z]=W;; return this.se_exportedFunctionSymbol.apply(null,arguments);}).apply(window, arguments);}\n).apply(null, arguments);"
}
[1769669277.685][INFO]: Waiting for pending navigations...
[1769669277.685][INFO]: Done waiting for pending navigations. Status: ok
[1769669277.687][INFO]: Waiting for pending navigations...
[1769669277.687][INFO]: Done waiting for pending navigations. Status: ok
[1769669277.687][INFO]: [e9bdbd4df8cae9f7a7b05ef895e65b5c] RESPONSE ExecuteScript "chapter page 10"
[1769669277.688][INFO]: [e9bdbd4df8cae9f7a7b05ef895e65b5c] COMMAND ExecuteScript {
   "args": [ {
      "element-6066-11e4-a52e-4f735466cecf": "f.CAA1FE4C08EC3FB8AD3888983C4001B7.d.728B49898D8128A16D8B333025A9BEAB.e.33"
   }, "currentSrc" ],
   "script": "/* getAttribute */return (function(){return (function(){var d=this||self;function f(a,b){function c(){}c.prototype=b.prototype;a.prototype=new c;a.prototype.constructor=a};var h=Array.prototype.indexOf?function(a,b){return Array.prototype.indexOf.call(a,b,void 0)}:function(a,b){if(\"string\"===typeof a)return\"string\"!==typeof b||1!=b.length?-1:a.indexOf(b,0);for(var c=0;c\u003Ca.length;c++)if(c in a&&a[c]===b)return c;return-1},k=Array.prototype.forEach?function(a,b){Array.prototype.forEach.call(a,b,void 0)}:function(a,b){for(var c=a.length,e=\"string\"===typeof a?a.split(\"\"):a,g=0;g\u003Cc;g++)g in e&&b.call(void 0,e[g],g,a)};function l(a,b){this.code=a;this.a=m[a]||n;this.message=b||\"\";a=this.a.replace(/((?:^|\\s+)[a-z])/g,function(c){return c.toUpperCase().replace(/^[\\s\\xa0]+/g,\"\")});b=a.length-5;if(0>b||a.indexOf(\"Error\",b)!=b)a+=\"Error\";this.name=a;a=Error(this.message);a.name=this.name;this.stack=a.stack||\"\"}f(l,Error);var n=\"unknown error\",m={15:\"element not selectable\",11:\"element not visible\"};m[31]=n;m[30]=n;m[24]=\"invalid cookie domain\";m[29]=\"invalid element coordinates\";m[12]=\"invalid element state\";m[32]=\"invalid selector\";\nm[51]=\"invalid selector\";m[52]=\"invalid selector\";m[17]=\"javascript error\";m[405]=\"unsupported operation\";m[34]=\"move target out of bounds\";m[27]=\"no such alert\";m[7]=\"no such element\";m[8]=\"no such frame\";m[23]=\"no such window\";m[28]=\"script timeout\";m[33]=\"session not created\";m[10]=\"stale element reference\";m[21]=\"timeout\";m[25]=\"unable to set cookie\";m[26]=\"unexpected alert open\";m[13]=n;m[9]=\"unknown command\";var p;a:{var q=d.navigator;if(q){var r=q.userAgent;if(r){p=r;break a}}p=\"\"}function t(a){return-1!=p.indexOf(a)};function u(){return t(\"Firefox\")||t(\"FxiOS\")}function v(){return(t(\"Chrome\")||t(\"CriOS\"))&&!t(\"Edge\")};function w(){return t(\"iPhone\")&&!t(\"iPod\")&&!t(\"iPad\")};var y=t(\"Opera\"),z=t(\"Trident\")||t(\"MSIE\"),A=t(\"Edge\"),B=t(\"Gecko\")&&!(-1!=p.toLowerCase().indexOf(\"webkit\")&&!t(\"Edge\"))&&!(t(\"Trident\")||t(\"MSIE\"))&&!t(\"Edge\"),C=-1!=p.toLowerCase().indexOf(\"webkit\")&&!t(\"Edge\");function D(){var a=d.document;return a?a.documentMode:void 0}var E;\na:{var F=\"\",G=function(){var a=p;if(B)return/rv:([^\\);]+)(\\)|;)/.exec(a);if(A)return/Edge\\/([\\d\\.]+)/.exec(a);if(z)return/\\b(?:MSIE|rv)[: ]([^\\);]+)(\\)|;)/.exec(a);if(C)return/WebKit\\/(\\S+)/.exec(a);if(y)return/(?:Version)[ \\/]?(\\S+)/.exec(a)}();G&&(F=G?G[1]:\"\");if(z){var H=D();if(null!=H&&H>parseFloat(F)){E=String(H);break a}}E=F}var I;I=d.document&&z?D():void 0;var J=u(),K=w()||t(\"iPod\"),L=t(\"iPad\"),M=t(\"Android\")&&!(v()||u()||t(\"Opera\")||t(\"Silk\")),N=v(),aa=t(\"Safari\")&&!(v()||t(\"Coast\")||t(\"Opera\")||t(\"Edge\")||t(\"Edg/\")||t(\"OPR\")||u()||t(\"Silk\")||t(\"Android\"))&&!(w()||t(\"iPad\")||t(\"iPod\"));function O(a){return(a=a.exec(p))?a[1]:\"\"}(function(){if(J)return O(/Firefox\\/([0-9.]+)/);if(z||A||y)return E;if(N)return w()||t(\"iPad\")||t(\"iPod\")?O(/CriOS\\/([0-9.]+)/):O(/Chrome\\/([0-9.]+)/);if(aa&&!(w()||t(\"iPad\")||t(\"iPod\")))return O(/Version\\/([0-9.]+)/);if(K||L){var a=/Version\\/(\\S+).*Mobile\\/(\\S+)/.exec(p);if(a)return a[1]+\".\"+a[2]}else if(M)return(a=O(/Android\\s+([0-9.]+)/))?a:O(/Version\\/([0-9.]+)/);return\"\"})();var P=z&&!(8\u003C=Number(I)),ba=z&&!(9\u003C=Number(I));var ca={SCRIPT:1,STYLE:1,HEAD:1,IFRAME:1,OBJECT:1},Q={IMG:\" \",BR:\"\\n\"};function R(a,b,c){if(!(a.nodeName in ca))if(3==a.nodeType)c?b.push(String(a.nodeValue).replace(/(\\r\\n|\\r|\\n)/g,\"\")):b.push(a.nodeValue);else if(a.nodeName in Q)b.push(Q[a.nodeName]);else for(a=a.firstChild;a;)R(a,b,c),a=a.nextSibling};function S(a,b){b=b.toLowerCase();return\"style\"==b?da(a.style.cssText):P&&\"value\"==b&&T(a,\"INPUT\")?a.value:ba&&!0===a[b]?String(a.getAttribute(b)):(a=a.getAttributeNode(b))&&a.specified?a.value:null}var ea=/[;]+(?=(?:(?:[^\"]*\"){2})*[^\"]*$)(?=(?:(?:[^']*'){2})*[^']*$)(?=(?:[^()]*\\([^()]*\\))*[^()]*$)/;\nfunction da(a){var b=[];k(a.split(ea),function(c){var e=c.indexOf(\":\");0\u003Ce&&(c=[c.slice(0,e),c.slice(e+1)],2==c.length&&b.push(c[0].toLowerCase(),\":\",c[1],\";\"))});b=b.join(\"\");return b=\";\"==b.charAt(b.length-1)?b:b+\";\"}function U(a,b){P&&\"value\"==b&&T(a,\"OPTION\")&&null===S(a,\"value\")?(b=[],R(a,b,!1),a=b.join(\"\")):a=a[b];return a}\nfunction T(a,b){b&&\"string\"!==typeof b&&(b=b.toString());return a instanceof HTMLFormElement?!!a&&1==a.nodeType&&(!b||\"FORM\"==b):!!a&&1==a.nodeType&&(!b||a.tagName.toUpperCase()==b)}function V(a){return T(a,\"OPTION\")?!0:T(a,\"INPUT\")?(a=a.type.toLowerCase(),\"checkbox\"==a||\"radio\"==a):!1};var fa={\"class\":\"className\",readonly:\"readOnly\"},ha=\"allowfullscreen allowpaymentrequest allowusermedia async autofocus autoplay checked compact complete controls declare default defaultchecked defaultselected defer disabled ended formnovalidate hidden indeterminate iscontenteditable ismap itemscope loop multiple muted nohref nomodule noresize noshade novalidate nowrap open paused playsinline pubdate readonly required reversed scoped seamless seeking selected truespeed typemustmatch willvalidate\".split(\" \");function W(a,b){var c=null,e=b.toLowerCase();if(\"style\"==e)return(c=a.style)&&\"string\"!=typeof c&&(c=c.cssText),c;if((\"selected\"==e||\"checked\"==e)&&V(a)){if(!V(a))throw new l(15,\"Element is not selectable\");b=\"selected\";c=a.type&&a.type.toLowerCase();if(\"checkbox\"==c||\"radio\"==c)b=\"checked\";return U(a,b)?\"true\":null}var g=T(a,\"A\");if(T(a,\"IMG\")&&\"src\"==e||g&&\"href\"==e)return(c=S(a,e))&&(c=U(a,e)),c;if(\"spellcheck\"==e){c=S(a,e);if(null!==c){if(\"false\"==c.toLowerCase())return\"false\";if(\"true\"==c.toLowerCase())return\"true\"}return U(a,\ne)+\"\"}g=fa[b]||b;if(0\u003C=h(ha,e))return(c=null!==S(a,b)||U(a,g))?\"true\":null;try{var x=U(a,g)}catch(ia){}(e=null==x)||(e=typeof x,e=\"object\"==e&&null!=x||\"function\"==e);e?c=S(a,b):c=x;return null!=c?c.toString():null}var X=[\"se_exportedFunctionSymbol\"],Y=d;X[0]in Y||\"undefined\"==typeof Y.execScript||Y.execScript(\"var \"+X[0]);for(var Z;X.length&&(Z=X.shift());)X.length||void 0===W?Y[Z]&&Y[Z]!==Object.prototype[Z]?Y=Y[Z]:Y=Y[Z]={}:Y[Z]=W;; return this.se_exportedFunctionSymbol.apply(null,arguments);}).apply(window, arguments);}\n).apply(null, arguments);"
}
[1769669277.688][INFO]: Waiting for pending navigations...
[1769669277.689][INFO]: Done waiting for pending navigations. Status: ok
[1769669277.691][INFO]: Waiting for pending navigations...
[1769669277.691][INFO]: Done waiting for pending navigations. Status: ok
[1769669277.691][INFO]: [e9bdbd4df8cae9f7a7b05ef895e65b5c] RESPONSE ExecuteScript "https://gg.asuracomic.net/storage/media/405815/conversions/09-optimized.webp"
[1769669277.692][INFO]: [e9bdbd4df8cae9f7a7b05ef895e65b5c] COMMAND ExecuteScript {
   "args": [ {
      "element-6066-11e4-a52e-4f735466cecf": "f.CAA1FE4C08EC3FB8AD3888983C4001B7.d.728B49898D8128A16D8B333025A9BEAB.e.34"
   }, "alt" ],
   "script": "/* getAttribute */return (function(){return (function(){var d=this||self;function f(a,b){function c(){}c.prototype=b.prototype;a.prototype=new c;a.prototype.constructor=a};var h=Array.prototype.indexOf?function(a,b){return Array.prototype.indexOf.call(a,b,void 0)}:function(a,b){if(\"string\"===typeof a)return\"string\"!==typeof b||1!=b.length?-1:a.indexOf(b,0);for(var c=0;c\u003Ca.length;c++)if(c in a&&a[c]===b)return c;return-1},k=Array.prototype.forEach?function(a,b){Array.prototype.forEach.call(a,b,void 0)}:function(a,b){for(var c=a.length,e=\"string\"===typeof a?a.split(\"\"):a,g=0;g\u003Cc;g++)g in e&&b.call(void 0,e[g],g,a)};function l(a,b){this.code=a;this.a=m[a]||n;this.message=b||\"\";a=this.a.replace(/((?:^|\\s+)[a-z])/g,function(c){return c.toUpperCase().replace(/^[\\s\\xa0]+/g,\"\")});b=a.length-5;if(0>b||a.indexOf(\"Error\",b)!=b)a+=\"Error\";this.name=a;a=Error(this.message);a.name=this.name;this.stack=a.stack||\"\"}f(l,Error);var n=\"unknown error\",m={15:\"element not selectable\",11:\"element not visible\"};m[31]=n;m[30]=n;m[24]=\"invalid cookie domain\";m[29]=\"invalid element coordinates\";m[12]=\"invalid element state\";m[32]=\"invalid selector\";\nm[51]=\"invalid selector\";m[52]=\"invalid selector\";m[17]=\"javascript error\";m[405]=\"unsupported operation\";m[34]=\"move target out of bounds\";m[27]=\"no such alert\";m[7]=\"no such element\";m[8]=\"no such frame\";m[23]=\"no such window\";m[28]=\"script timeout\";m[33]=\"session not created\";m[10]=\"stale element reference\";m[21]=\"timeout\";m[25]=\"unable to set cookie\";m[26]=\"unexpected alert open\";m[13]=n;m[9]=\"unknown command\";var p;a:{var q=d.navigator;if(q){var r=q.userAgent;if(r){p=r;break a}}p=\"\"}function t(a){return-1!=p.indexOf(a)};function u(){return t(\"Firefox\")||t(\"FxiOS\")}function v(){return(t(\"Chrome\")||t(\"CriOS\"))&&!t(\"Edge\")};function w(){return t(\"iPhone\")&&!t(\"iPod\")&&!t(\"iPad\")};var y=t(\"Opera\"),z=t(\"Trident\")||t(\"MSIE\"),A=t(\"Edge\"),B=t(\"Gecko\")&&!(-1!=p.toLowerCase().indexOf(\"webkit\")&&!t(\"Edge\"))&&!(t(\"Trident\")||t(\"MSIE\"))&&!t(\"Edge\"),C=-1!=p.toLowerCase().indexOf(\"webkit\")&&!t(\"Edge\");function D(){var a=d.document;return a?a.documentMode:void 0}var E;\na:{var F=\"\",G=function(){var a=p;if(B)return/rv:([^\\);]+)(\\)|;)/.exec(a);if(A)return/Edge\\/([\\d\\.]+)/.exec(a);if(z)return/\\b(?:MSIE|rv)[: ]([^\\);]+)(\\)|;)/.exec(a);if(C)return/WebKit\\/(\\S+)/.exec(a);if(y)return/(?:Version)[ \\/]?(\\S+)/.exec(a)}();G&&(F=G?G[1]:\"\");if(z){var H=D();if(null!=H&&H>parseFloat(F)){E=String(H);break a}}E=F}var I;I=d.document&&z?D():void 0;var J=u(),K=w()||t(\"iPod\"),L=t(\"iPad\"),M=t(\"Android\")&&!(v()||u()||t(\"Opera\")||t(\"Silk\")),N=v(),aa=t(\"Safari\")&&!(v()||t(\"Coast\")||t(\"Opera\")||t(\"Edge\")||t(\"Edg/\")||t(\"OPR\")||u()||t(\"Silk\")||t(\"Android\"))&&!(w()||t(\"iPad\")||t(\"iPod\"));function O(a){return(a=a.exec(p))?a[1]:\"\"}(function(){if(J)return O(/Firefox\\/([0-9.]+)/);if(z||A||y)return E;if(N)return w()||t(\"iPad\")||t(\"iPod\")?O(/CriOS\\/([0-9.]+)/):O(/Chrome\\/([0-9.]+)/);if(aa&&!(w()||t(\"iPad\")||t(\"iPod\")))return O(/Version\\/([0-9.]+)/);if(K||L){var a=/Version\\/(\\S+).*Mobile\\/(\\S+)/.exec(p);if(a)return a[1]+\".\"+a[2]}else if(M)return(a=O(/Android\\s+([0-9.]+)/))?a:O(/Version\\/([0-9.]+)/);return\"\"})();var P=z&&!(8\u003C=Number(I)),ba=z&&!(9\u003C=Number(I));var ca={SCRIPT:1,STYLE:1,HEAD:1,IFRAME:1,OBJECT:1},Q={IMG:\" \",BR:\"\\n\"};function R(a,b,c){if(!(a.nodeName in ca))if(3==a.nodeType)c?b.push(String(a.nodeValue).replace(/(\\r\\n|\\r|\\n)/g,\"\")):b.push(a.nodeValue);else if(a.nodeName in Q)b.push(Q[a.nodeName]);else for(a=a.firstChild;a;)R(a,b,c),a=a.nextSibling};function S(a,b){b=b.toLowerCase();return\"style\"==b?da(a.style.cssText):P&&\"value\"==b&&T(a,\"INPUT\")?a.value:ba&&!0===a[b]?String(a.getAttribute(b)):(a=a.getAttributeNode(b))&&a.specified?a.value:null}var ea=/[;]+(?=(?:(?:[^\"]*\"){2})*[^\"]*$)(?=(?:(?:[^']*'){2})*[^']*$)(?=(?:[^()]*\\([^()]*\\))*[^()]*$)/;\nfunction da(a){var b=[];k(a.split(ea),function(c){var e=c.indexOf(\":\");0\u003Ce&&(c=[c.slice(0,e),c.slice(e+1)],2==c.length&&b.push(c[0].toLowerCase(),\":\",c[1],\";\"))});b=b.join(\"\");return b=\";\"==b.charAt(b.length-1)?b:b+\";\"}function U(a,b){P&&\"value\"==b&&T(a,\"OPTION\")&&null===S(a,\"value\")?(b=[],R(a,b,!1),a=b.join(\"\")):a=a[b];return a}\nfunction T(a,b){b&&\"string\"!==typeof b&&(b=b.toString());return a instanceof HTMLFormElement?!!a&&1==a.nodeType&&(!b||\"FORM\"==b):!!a&&1==a.nodeType&&(!b||a.tagName.toUpperCase()==b)}function V(a){return T(a,\"OPTION\")?!0:T(a,\"INPUT\")?(a=a.type.toLowerCase(),\"checkbox\"==a||\"radio\"==a):!1};var fa={\"class\":\"className\",readonly:\"readOnly\"},ha=\"allowfullscreen allowpaymentrequest allowusermedia async autofocus autoplay checked compact complete controls declare default defaultchecked defaultselected defer disabled ended formnovalidate hidden indeterminate iscontenteditable ismap itemscope loop multiple muted nohref nomodule noresize noshade novalidate nowrap open paused playsinline pubdate readonly required reversed scoped seamless seeking selected truespeed typemustmatch willvalidate\".split(\" \");function W(a,b){var c=null,e=b.toLowerCase();if(\"style\"==e)return(c=a.style)&&\"string\"!=typeof c&&(c=c.cssText),c;if((\"selected\"==e||\"checked\"==e)&&V(a)){if(!V(a))throw new l(15,\"Element is not selectable\");b=\"selected\";c=a.type&&a.type.toLowerCase();if(\"checkbox\"==c||\"radio\"==c)b=\"checked\";return U(a,b)?\"true\":null}var g=T(a,\"A\");if(T(a,\"IMG\")&&\"src\"==e||g&&\"href\"==e)return(c=S(a,e))&&(c=U(a,e)),c;if(\"spellcheck\"==e){c=S(a,e);if(null!==c){if(\"false\"==c.toLowerCase())return\"false\";if(\"true\"==c.toLowerCase())return\"true\"}return U(a,\ne)+\"\"}g=fa[b]||b;if(0\u003C=h(ha,e))return(c=null!==S(a,b)||U(a,g))?\"true\":null;try{var x=U(a,g)}catch(ia){}(e=null==x)||(e=typeof x,e=\"object\"==e&&null!=x||\"function\"==e);e?c=S(a,b):c=x;return null!=c?c.toString():null}var X=[\"se_exportedFunctionSymbol\"],Y=d;X[0]in Y||\"undefined\"==typeof Y.execScript||Y.execScript(\"var \"+X[0]);for(var Z;X.length&&(Z=X.shift());)X.length||void 0===W?Y[Z]&&Y[Z]!==Object.prototype[Z]?Y=Y[Z]:Y=Y[Z]={}:Y[Z]=W;; return this.se_exportedFunctionSymbol.apply(null,arguments);}).apply(window, arguments);}\n).apply(null, arguments);"
}
[1769669277.692][INFO]: Waiting for pending navigations...
[1769669277.692][INFO]: Done waiting for pending navigations. Status: ok
[1769669277.694][INFO]: Waiting for pending navigations...
[1769669277.695][INFO]: Done waiting for pending navigations. Status: ok
[1769669277.695][INFO]: [e9bdbd4df8cae9f7a7b05ef895e65b5c] RESPONSE ExecuteScript "chapter page 11"
[1769669277.696][INFO]: [e9bdbd4df8cae9f7a7b05ef895e65b5c] COMMAND ExecuteScript {
   "args": [ {
      "element-6066-11e4-a52e-4f735466cecf": "f.CAA1FE4C08EC3FB8AD3888983C4001B7.d.728B49898D8128A16D8B333025A9BEAB.e.34"
   }, "currentSrc" ],
   "script": "/* getAttribute */return (function(){return (function(){var d=this||self;function f(a,b){function c(){}c.prototype=b.prototype;a.prototype=new c;a.prototype.constructor=a};var h=Array.prototype.indexOf?function(a,b){return Array.prototype.indexOf.call(a,b,void 0)}:function(a,b){if(\"string\"===typeof a)return\"string\"!==typeof b||1!=b.length?-1:a.indexOf(b,0);for(var c=0;c\u003Ca.length;c++)if(c in a&&a[c]===b)return c;return-1},k=Array.prototype.forEach?function(a,b){Array.prototype.forEach.call(a,b,void 0)}:function(a,b){for(var c=a.length,e=\"string\"===typeof a?a.split(\"\"):a,g=0;g\u003Cc;g++)g in e&&b.call(void 0,e[g],g,a)};function l(a,b){this.code=a;this.a=m[a]||n;this.message=b||\"\";a=this.a.replace(/((?:^|\\s+)[a-z])/g,function(c){return c.toUpperCase().replace(/^[\\s\\xa0]+/g,\"\")});b=a.length-5;if(0>b||a.indexOf(\"Error\",b)!=b)a+=\"Error\";this.name=a;a=Error(this.message);a.name=this.name;this.stack=a.stack||\"\"}f(l,Error);var n=\"unknown error\",m={15:\"element not selectable\",11:\"element not visible\"};m[31]=n;m[30]=n;m[24]=\"invalid cookie domain\";m[29]=\"invalid element coordinates\";m[12]=\"invalid element state\";m[32]=\"invalid selector\";\nm[51]=\"invalid selector\";m[52]=\"invalid selector\";m[17]=\"javascript error\";m[405]=\"unsupported operation\";m[34]=\"move target out of bounds\";m[27]=\"no such alert\";m[7]=\"no such element\";m[8]=\"no such frame\";m[23]=\"no such window\";m[28]=\"script timeout\";m[33]=\"session not created\";m[10]=\"stale element reference\";m[21]=\"timeout\";m[25]=\"unable to set cookie\";m[26]=\"unexpected alert open\";m[13]=n;m[9]=\"unknown command\";var p;a:{var q=d.navigator;if(q){var r=q.userAgent;if(r){p=r;break a}}p=\"\"}function t(a){return-1!=p.indexOf(a)};function u(){return t(\"Firefox\")||t(\"FxiOS\")}function v(){return(t(\"Chrome\")||t(\"CriOS\"))&&!t(\"Edge\")};function w(){return t(\"iPhone\")&&!t(\"iPod\")&&!t(\"iPad\")};var y=t(\"Opera\"),z=t(\"Trident\")||t(\"MSIE\"),A=t(\"Edge\"),B=t(\"Gecko\")&&!(-1!=p.toLowerCase().indexOf(\"webkit\")&&!t(\"Edge\"))&&!(t(\"Trident\")||t(\"MSIE\"))&&!t(\"Edge\"),C=-1!=p.toLowerCase().indexOf(\"webkit\")&&!t(\"Edge\");function D(){var a=d.document;return a?a.documentMode:void 0}var E;\na:{var F=\"\",G=function(){var a=p;if(B)return/rv:([^\\);]+)(\\)|;)/.exec(a);if(A)return/Edge\\/([\\d\\.]+)/.exec(a);if(z)return/\\b(?:MSIE|rv)[: ]([^\\);]+)(\\)|;)/.exec(a);if(C)return/WebKit\\/(\\S+)/.exec(a);if(y)return/(?:Version)[ \\/]?(\\S+)/.exec(a)}();G&&(F=G?G[1]:\"\");if(z){var H=D();if(null!=H&&H>parseFloat(F)){E=String(H);break a}}E=F}var I;I=d.document&&z?D():void 0;var J=u(),K=w()||t(\"iPod\"),L=t(\"iPad\"),M=t(\"Android\")&&!(v()||u()||t(\"Opera\")||t(\"Silk\")),N=v(),aa=t(\"Safari\")&&!(v()||t(\"Coast\")||t(\"Opera\")||t(\"Edge\")||t(\"Edg/\")||t(\"OPR\")||u()||t(\"Silk\")||t(\"Android\"))&&!(w()||t(\"iPad\")||t(\"iPod\"));function O(a){return(a=a.exec(p))?a[1]:\"\"}(function(){if(J)return O(/Firefox\\/([0-9.]+)/);if(z||A||y)return E;if(N)return w()||t(\"iPad\")||t(\"iPod\")?O(/CriOS\\/([0-9.]+)/):O(/Chrome\\/([0-9.]+)/);if(aa&&!(w()||t(\"iPad\")||t(\"iPod\")))return O(/Version\\/([0-9.]+)/);if(K||L){var a=/Version\\/(\\S+).*Mobile\\/(\\S+)/.exec(p);if(a)return a[1]+\".\"+a[2]}else if(M)return(a=O(/Android\\s+([0-9.]+)/))?a:O(/Version\\/([0-9.]+)/);return\"\"})();var P=z&&!(8\u003C=Number(I)),ba=z&&!(9\u003C=Number(I));var ca={SCRIPT:1,STYLE:1,HEAD:1,IFRAME:1,OBJECT:1},Q={IMG:\" \",BR:\"\\n\"};function R(a,b,c){if(!(a.nodeName in ca))if(3==a.nodeType)c?b.push(String(a.nodeValue).replace(/(\\r\\n|\\r|\\n)/g,\"\")):b.push(a.nodeValue);else if(a.nodeName in Q)b.push(Q[a.nodeName]);else for(a=a.firstChild;a;)R(a,b,c),a=a.nextSibling};function S(a,b){b=b.toLowerCase();return\"style\"==b?da(a.style.cssText):P&&\"value\"==b&&T(a,\"INPUT\")?a.value:ba&&!0===a[b]?String(a.getAttribute(b)):(a=a.getAttributeNode(b))&&a.specified?a.value:null}var ea=/[;]+(?=(?:(?:[^\"]*\"){2})*[^\"]*$)(?=(?:(?:[^']*'){2})*[^']*$)(?=(?:[^()]*\\([^()]*\\))*[^()]*$)/;\nfunction da(a){var b=[];k(a.split(ea),function(c){var e=c.indexOf(\":\");0\u003Ce&&(c=[c.slice(0,e),c.slice(e+1)],2==c.length&&b.push(c[0].toLowerCase(),\":\",c[1],\";\"))});b=b.join(\"\");return b=\";\"==b.charAt(b.length-1)?b:b+\";\"}function U(a,b){P&&\"value\"==b&&T(a,\"OPTION\")&&null===S(a,\"value\")?(b=[],R(a,b,!1),a=b.join(\"\")):a=a[b];return a}\nfunction T(a,b){b&&\"string\"!==typeof b&&(b=b.toString());return a instanceof HTMLFormElement?!!a&&1==a.nodeType&&(!b||\"FORM\"==b):!!a&&1==a.nodeType&&(!b||a.tagName.toUpperCase()==b)}function V(a){return T(a,\"OPTION\")?!0:T(a,\"INPUT\")?(a=a.type.toLowerCase(),\"checkbox\"==a||\"radio\"==a):!1};var fa={\"class\":\"className\",readonly:\"readOnly\"},ha=\"allowfullscreen allowpaymentrequest allowusermedia async autofocus autoplay checked compact complete controls declare default defaultchecked defaultselected defer disabled ended formnovalidate hidden indeterminate iscontenteditable ismap itemscope loop multiple muted nohref nomodule noresize noshade novalidate nowrap open paused playsinline pubdate readonly required reversed scoped seamless seeking selected truespeed typemustmatch willvalidate\".split(\" \");function W(a,b){var c=null,e=b.toLowerCase();if(\"style\"==e)return(c=a.style)&&\"string\"!=typeof c&&(c=c.cssText),c;if((\"selected\"==e||\"checked\"==e)&&V(a)){if(!V(a))throw new l(15,\"Element is not selectable\");b=\"selected\";c=a.type&&a.type.toLowerCase();if(\"checkbox\"==c||\"radio\"==c)b=\"checked\";return U(a,b)?\"true\":null}var g=T(a,\"A\");if(T(a,\"IMG\")&&\"src\"==e||g&&\"href\"==e)return(c=S(a,e))&&(c=U(a,e)),c;if(\"spellcheck\"==e){c=S(a,e);if(null!==c){if(\"false\"==c.toLowerCase())return\"false\";if(\"true\"==c.toLowerCase())return\"true\"}return U(a,\ne)+\"\"}g=fa[b]||b;if(0\u003C=h(ha,e))return(c=null!==S(a,b)||U(a,g))?\"true\":null;try{var x=U(a,g)}catch(ia){}(e=null==x)||(e=typeof x,e=\"object\"==e&&null!=x||\"function\"==e);e?c=S(a,b):c=x;return null!=c?c.toString():null}var X=[\"se_exportedFunctionSymbol\"],Y=d;X[0]in Y||\"undefined\"==typeof Y.execScript||Y.execScript(\"var \"+X[0]);for(var Z;X.length&&(Z=X.shift());)X.length||void 0===W?Y[Z]&&Y[Z]!==Object.prototype[Z]?Y=Y[Z]:Y=Y[Z]={}:Y[Z]=W;; return this.se_exportedFunctionSymbol.apply(null,arguments);}).apply(window, arguments);}\n).apply(null, arguments);"
}
[1769669277.696][INFO]: Waiting for pending navigations...
[1769669277.696][INFO]: Done waiting for pending navigations. Status: ok
[1769669277.698][INFO]: Waiting for pending navigations...
[1769669277.698][INFO]: Done waiting for pending navigations. Status: ok
[1769669277.698][INFO]: [e9bdbd4df8cae9f7a7b05ef895e65b5c] RESPONSE ExecuteScript "https://gg.asuracomic.net/storage/media/405816/conversions/10-optimized.webp"
[1769669277.699][INFO]: [e9bdbd4df8cae9f7a7b05ef895e65b5c] COMMAND ExecuteScript {
   "args": [ {
      "element-6066-11e4-a52e-4f735466cecf": "f.CAA1FE4C08EC3FB8AD3888983C4001B7.d.728B49898D8128A16D8B333025A9BEAB.e.35"
   }, "alt" ],
   "script": "/* getAttribute */return (function(){return (function(){var d=this||self;function f(a,b){function c(){}c.prototype=b.prototype;a.prototype=new c;a.prototype.constructor=a};var h=Array.prototype.indexOf?function(a,b){return Array.prototype.indexOf.call(a,b,void 0)}:function(a,b){if(\"string\"===typeof a)return\"string\"!==typeof b||1!=b.length?-1:a.indexOf(b,0);for(var c=0;c\u003Ca.length;c++)if(c in a&&a[c]===b)return c;return-1},k=Array.prototype.forEach?function(a,b){Array.prototype.forEach.call(a,b,void 0)}:function(a,b){for(var c=a.length,e=\"string\"===typeof a?a.split(\"\"):a,g=0;g\u003Cc;g++)g in e&&b.call(void 0,e[g],g,a)};function l(a,b){this.code=a;this.a=m[a]||n;this.message=b||\"\";a=this.a.replace(/((?:^|\\s+)[a-z])/g,function(c){return c.toUpperCase().replace(/^[\\s\\xa0]+/g,\"\")});b=a.length-5;if(0>b||a.indexOf(\"Error\",b)!=b)a+=\"Error\";this.name=a;a=Error(this.message);a.name=this.name;this.stack=a.stack||\"\"}f(l,Error);var n=\"unknown error\",m={15:\"element not selectable\",11:\"element not visible\"};m[31]=n;m[30]=n;m[24]=\"invalid cookie domain\";m[29]=\"invalid element coordinates\";m[12]=\"invalid element state\";m[32]=\"invalid selector\";\nm[51]=\"invalid selector\";m[52]=\"invalid selector\";m[17]=\"javascript error\";m[405]=\"unsupported operation\";m[34]=\"move target out of bounds\";m[27]=\"no such alert\";m[7]=\"no such element\";m[8]=\"no such frame\";m[23]=\"no such window\";m[28]=\"script timeout\";m[33]=\"session not created\";m[10]=\"stale element reference\";m[21]=\"timeout\";m[25]=\"unable to set cookie\";m[26]=\"unexpected alert open\";m[13]=n;m[9]=\"unknown command\";var p;a:{var q=d.navigator;if(q){var r=q.userAgent;if(r){p=r;break a}}p=\"\"}function t(a){return-1!=p.indexOf(a)};function u(){return t(\"Firefox\")||t(\"FxiOS\")}function v(){return(t(\"Chrome\")||t(\"CriOS\"))&&!t(\"Edge\")};function w(){return t(\"iPhone\")&&!t(\"iPod\")&&!t(\"iPad\")};var y=t(\"Opera\"),z=t(\"Trident\")||t(\"MSIE\"),A=t(\"Edge\"),B=t(\"Gecko\")&&!(-1!=p.toLowerCase().indexOf(\"webkit\")&&!t(\"Edge\"))&&!(t(\"Trident\")||t(\"MSIE\"))&&!t(\"Edge\"),C=-1!=p.toLowerCase().indexOf(\"webkit\")&&!t(\"Edge\");function D(){var a=d.document;return a?a.documentMode:void 0}var E;\na:{var F=\"\",G=function(){var a=p;if(B)return/rv:([^\\);]+)(\\)|;)/.exec(a);if(A)return/Edge\\/([\\d\\.]+)/.exec(a);if(z)return/\\b(?:MSIE|rv)[: ]([^\\);]+)(\\)|;)/.exec(a);if(C)return/WebKit\\/(\\S+)/.exec(a);if(y)return/(?:Version)[ \\/]?(\\S+)/.exec(a)}();G&&(F=G?G[1]:\"\");if(z){var H=D();if(null!=H&&H>parseFloat(F)){E=String(H);break a}}E=F}var I;I=d.document&&z?D():void 0;var J=u(),K=w()||t(\"iPod\"),L=t(\"iPad\"),M=t(\"Android\")&&!(v()||u()||t(\"Opera\")||t(\"Silk\")),N=v(),aa=t(\"Safari\")&&!(v()||t(\"Coast\")||t(\"Opera\")||t(\"Edge\")||t(\"Edg/\")||t(\"OPR\")||u()||t(\"Silk\")||t(\"Android\"))&&!(w()||t(\"iPad\")||t(\"iPod\"));function O(a){return(a=a.exec(p))?a[1]:\"\"}(function(){if(J)return O(/Firefox\\/([0-9.]+)/);if(z||A||y)return E;if(N)return w()||t(\"iPad\")||t(\"iPod\")?O(/CriOS\\/([0-9.]+)/):O(/Chrome\\/([0-9.]+)/);if(aa&&!(w()||t(\"iPad\")||t(\"iPod\")))return O(/Version\\/([0-9.]+)/);if(K||L){var a=/Version\\/(\\S+).*Mobile\\/(\\S+)/.exec(p);if(a)return a[1]+\".\"+a[2]}else if(M)return(a=O(/Android\\s+([0-9.]+)/))?a:O(/Version\\/([0-9.]+)/);return\"\"})();var P=z&&!(8\u003C=Number(I)),ba=z&&!(9\u003C=Number(I));var ca={SCRIPT:1,STYLE:1,HEAD:1,IFRAME:1,OBJECT:1},Q={IMG:\" \",BR:\"\\n\"};function R(a,b,c){if(!(a.nodeName in ca))if(3==a.nodeType)c?b.push(String(a.nodeValue).replace(/(\\r\\n|\\r|\\n)/g,\"\")):b.push(a.nodeValue);else if(a.nodeName in Q)b.push(Q[a.nodeName]);else for(a=a.firstChild;a;)R(a,b,c),a=a.nextSibling};function S(a,b){b=b.toLowerCase();return\"style\"==b?da(a.style.cssText):P&&\"value\"==b&&T(a,\"INPUT\")?a.value:ba&&!0===a[b]?String(a.getAttribute(b)):(a=a.getAttributeNode(b))&&a.specified?a.value:null}var ea=/[;]+(?=(?:(?:[^\"]*\"){2})*[^\"]*$)(?=(?:(?:[^']*'){2})*[^']*$)(?=(?:[^()]*\\([^()]*\\))*[^()]*$)/;\nfunction da(a){var b=[];k(a.split(ea),function(c){var e=c.indexOf(\":\");0\u003Ce&&(c=[c.slice(0,e),c.slice(e+1)],2==c.length&&b.push(c[0].toLowerCase(),\":\",c[1],\";\"))});b=b.join(\"\");return b=\";\"==b.charAt(b.length-1)?b:b+\";\"}function U(a,b){P&&\"value\"==b&&T(a,\"OPTION\")&&null===S(a,\"value\")?(b=[],R(a,b,!1),a=b.join(\"\")):a=a[b];return a}\nfunction T(a,b){b&&\"string\"!==typeof b&&(b=b.toString());return a instanceof HTMLFormElement?!!a&&1==a.nodeType&&(!b||\"FORM\"==b):!!a&&1==a.nodeType&&(!b||a.tagName.toUpperCase()==b)}function V(a){return T(a,\"OPTION\")?!0:T(a,\"INPUT\")?(a=a.type.toLowerCase(),\"checkbox\"==a||\"radio\"==a):!1};var fa={\"class\":\"className\",readonly:\"readOnly\"},ha=\"allowfullscreen allowpaymentrequest allowusermedia async autofocus autoplay checked compact complete controls declare default defaultchecked defaultselected defer disabled ended formnovalidate hidden indeterminate iscontenteditable ismap itemscope loop multiple muted nohref nomodule noresize noshade novalidate nowrap open paused playsinline pubdate readonly required reversed scoped seamless seeking selected truespeed typemustmatch willvalidate\".split(\" \");function W(a,b){var c=null,e=b.toLowerCase();if(\"style\"==e)return(c=a.style)&&\"string\"!=typeof c&&(c=c.cssText),c;if((\"selected\"==e||\"checked\"==e)&&V(a)){if(!V(a))throw new l(15,\"Element is not selectable\");b=\"selected\";c=a.type&&a.type.toLowerCase();if(\"checkbox\"==c||\"radio\"==c)b=\"checked\";return U(a,b)?\"true\":null}var g=T(a,\"A\");if(T(a,\"IMG\")&&\"src\"==e||g&&\"href\"==e)return(c=S(a,e))&&(c=U(a,e)),c;if(\"spellcheck\"==e){c=S(a,e);if(null!==c){if(\"false\"==c.toLowerCase())return\"false\";if(\"true\"==c.toLowerCase())return\"true\"}return U(a,\ne)+\"\"}g=fa[b]||b;if(0\u003C=h(ha,e))return(c=null!==S(a,b)||U(a,g))?\"true\":null;try{var x=U(a,g)}catch(ia){}(e=null==x)||(e=typeof x,e=\"object\"==e&&null!=x||\"function\"==e);e?c=S(a,b):c=x;return null!=c?c.toString():null}var X=[\"se_exportedFunctionSymbol\"],Y=d;X[0]in Y||\"undefined\"==typeof Y.execScript||Y.execScript(\"var \"+X[0]);for(var Z;X.length&&(Z=X.shift());)X.length||void 0===W?Y[Z]&&Y[Z]!==Object.prototype[Z]?Y=Y[Z]:Y=Y[Z]={}:Y[Z]=W;; return this.se_exportedFunctionSymbol.apply(null,arguments);}).apply(window, arguments);}\n).apply(null, arguments);"
}
[1769669277.699][INFO]: Waiting for pending navigations...
[1769669277.699][INFO]: Done waiting for pending navigations. Status: ok
[1769669277.701][INFO]: Waiting for pending navigations...
[1769669277.702][INFO]: Done waiting for pending navigations. Status: ok
[1769669277.702][INFO]: [e9bdbd4df8cae9f7a7b05ef895e65b5c] RESPONSE ExecuteScript "chapter page 12"
[1769669277.703][INFO]: [e9bdbd4df8cae9f7a7b05ef895e65b5c] COMMAND ExecuteScript {
   "args": [ {
      "element-6066-11e4-a52e-4f735466cecf": "f.CAA1FE4C08EC3FB8AD3888983C4001B7.d.728B49898D8128A16D8B333025A9BEAB.e.35"
   }, "currentSrc" ],
   "script": "/* getAttribute */return (function(){return (function(){var d=this||self;function f(a,b){function c(){}c.prototype=b.prototype;a.prototype=new c;a.prototype.constructor=a};var h=Array.prototype.indexOf?function(a,b){return Array.prototype.indexOf.call(a,b,void 0)}:function(a,b){if(\"string\"===typeof a)return\"string\"!==typeof b||1!=b.length?-1:a.indexOf(b,0);for(var c=0;c\u003Ca.length;c++)if(c in a&&a[c]===b)return c;return-1},k=Array.prototype.forEach?function(a,b){Array.prototype.forEach.call(a,b,void 0)}:function(a,b){for(var c=a.length,e=\"string\"===typeof a?a.split(\"\"):a,g=0;g\u003Cc;g++)g in e&&b.call(void 0,e[g],g,a)};function l(a,b){this.code=a;this.a=m[a]||n;this.message=b||\"\";a=this.a.replace(/((?:^|\\s+)[a-z])/g,function(c){return c.toUpperCase().replace(/^[\\s\\xa0]+/g,\"\")});b=a.length-5;if(0>b||a.indexOf(\"Error\",b)!=b)a+=\"Error\";this.name=a;a=Error(this.message);a.name=this.name;this.stack=a.stack||\"\"}f(l,Error);var n=\"unknown error\",m={15:\"element not selectable\",11:\"element not visible\"};m[31]=n;m[30]=n;m[24]=\"invalid cookie domain\";m[29]=\"invalid element coordinates\";m[12]=\"invalid element state\";m[32]=\"invalid selector\";\nm[51]=\"invalid selector\";m[52]=\"invalid selector\";m[17]=\"javascript error\";m[405]=\"unsupported operation\";m[34]=\"move target out of bounds\";m[27]=\"no such alert\";m[7]=\"no such element\";m[8]=\"no such frame\";m[23]=\"no such window\";m[28]=\"script timeout\";m[33]=\"session not created\";m[10]=\"stale element reference\";m[21]=\"timeout\";m[25]=\"unable to set cookie\";m[26]=\"unexpected alert open\";m[13]=n;m[9]=\"unknown command\";var p;a:{var q=d.navigator;if(q){var r=q.userAgent;if(r){p=r;break a}}p=\"\"}function t(a){return-1!=p.indexOf(a)};function u(){return t(\"Firefox\")||t(\"FxiOS\")}function v(){return(t(\"Chrome\")||t(\"CriOS\"))&&!t(\"Edge\")};function w(){return t(\"iPhone\")&&!t(\"iPod\")&&!t(\"iPad\")};var y=t(\"Opera\"),z=t(\"Trident\")||t(\"MSIE\"),A=t(\"Edge\"),B=t(\"Gecko\")&&!(-1!=p.toLowerCase().indexOf(\"webkit\")&&!t(\"Edge\"))&&!(t(\"Trident\")||t(\"MSIE\"))&&!t(\"Edge\"),C=-1!=p.toLowerCase().indexOf(\"webkit\")&&!t(\"Edge\");function D(){var a=d.document;return a?a.documentMode:void 0}var E;\na:{var F=\"\",G=function(){var a=p;if(B)return/rv:([^\\);]+)(\\)|;)/.exec(a);if(A)return/Edge\\/([\\d\\.]+)/.exec(a);if(z)return/\\b(?:MSIE|rv)[: ]([^\\);]+)(\\)|;)/.exec(a);if(C)return/WebKit\\/(\\S+)/.exec(a);if(y)return/(?:Version)[ \\/]?(\\S+)/.exec(a)}();G&&(F=G?G[1]:\"\");if(z){var H=D();if(null!=H&&H>parseFloat(F)){E=String(H);break a}}E=F}var I;I=d.document&&z?D():void 0;var J=u(),K=w()||t(\"iPod\"),L=t(\"iPad\"),M=t(\"Android\")&&!(v()||u()||t(\"Opera\")||t(\"Silk\")),N=v(),aa=t(\"Safari\")&&!(v()||t(\"Coast\")||t(\"Opera\")||t(\"Edge\")||t(\"Edg/\")||t(\"OPR\")||u()||t(\"Silk\")||t(\"Android\"))&&!(w()||t(\"iPad\")||t(\"iPod\"));function O(a){return(a=a.exec(p))?a[1]:\"\"}(function(){if(J)return O(/Firefox\\/([0-9.]+)/);if(z||A||y)return E;if(N)return w()||t(\"iPad\")||t(\"iPod\")?O(/CriOS\\/([0-9.]+)/):O(/Chrome\\/([0-9.]+)/);if(aa&&!(w()||t(\"iPad\")||t(\"iPod\")))return O(/Version\\/([0-9.]+)/);if(K||L){var a=/Version\\/(\\S+).*Mobile\\/(\\S+)/.exec(p);if(a)return a[1]+\".\"+a[2]}else if(M)return(a=O(/Android\\s+([0-9.]+)/))?a:O(/Version\\/([0-9.]+)/);return\"\"})();var P=z&&!(8\u003C=Number(I)),ba=z&&!(9\u003C=Number(I));var ca={SCRIPT:1,STYLE:1,HEAD:1,IFRAME:1,OBJECT:1},Q={IMG:\" \",BR:\"\\n\"};function R(a,b,c){if(!(a.nodeName in ca))if(3==a.nodeType)c?b.push(String(a.nodeValue).replace(/(\\r\\n|\\r|\\n)/g,\"\")):b.push(a.nodeValue);else if(a.nodeName in Q)b.push(Q[a.nodeName]);else for(a=a.firstChild;a;)R(a,b,c),a=a.nextSibling};function S(a,b){b=b.toLowerCase();return\"style\"==b?da(a.style.cssText):P&&\"value\"==b&&T(a,\"INPUT\")?a.value:ba&&!0===a[b]?String(a.getAttribute(b)):(a=a.getAttributeNode(b))&&a.specified?a.value:null}var ea=/[;]+(?=(?:(?:[^\"]*\"){2})*[^\"]*$)(?=(?:(?:[^']*'){2})*[^']*$)(?=(?:[^()]*\\([^()]*\\))*[^()]*$)/;\nfunction da(a){var b=[];k(a.split(ea),function(c){var e=c.indexOf(\":\");0\u003Ce&&(c=[c.slice(0,e),c.slice(e+1)],2==c.length&&b.push(c[0].toLowerCase(),\":\",c[1],\";\"))});b=b.join(\"\");return b=\";\"==b.charAt(b.length-1)?b:b+\";\"}function U(a,b){P&&\"value\"==b&&T(a,\"OPTION\")&&null===S(a,\"value\")?(b=[],R(a,b,!1),a=b.join(\"\")):a=a[b];return a}\nfunction T(a,b){b&&\"string\"!==typeof b&&(b=b.toString());return a instanceof HTMLFormElement?!!a&&1==a.nodeType&&(!b||\"FORM\"==b):!!a&&1==a.nodeType&&(!b||a.tagName.toUpperCase()==b)}function V(a){return T(a,\"OPTION\")?!0:T(a,\"INPUT\")?(a=a.type.toLowerCase(),\"checkbox\"==a||\"radio\"==a):!1};var fa={\"class\":\"className\",readonly:\"readOnly\"},ha=\"allowfullscreen allowpaymentrequest allowusermedia async autofocus autoplay checked compact complete controls declare default defaultchecked defaultselected defer disabled ended formnovalidate hidden indeterminate iscontenteditable ismap itemscope loop multiple muted nohref nomodule noresize noshade novalidate nowrap open paused playsinline pubdate readonly required reversed scoped seamless seeking selected truespeed typemustmatch willvalidate\".split(\" \");function W(a,b){var c=null,e=b.toLowerCase();if(\"style\"==e)return(c=a.style)&&\"string\"!=typeof c&&(c=c.cssText),c;if((\"selected\"==e||\"checked\"==e)&&V(a)){if(!V(a))throw new l(15,\"Element is not selectable\");b=\"selected\";c=a.type&&a.type.toLowerCase();if(\"checkbox\"==c||\"radio\"==c)b=\"checked\";return U(a,b)?\"true\":null}var g=T(a,\"A\");if(T(a,\"IMG\")&&\"src\"==e||g&&\"href\"==e)return(c=S(a,e))&&(c=U(a,e)),c;if(\"spellcheck\"==e){c=S(a,e);if(null!==c){if(\"false\"==c.toLowerCase())return\"false\";if(\"true\"==c.toLowerCase())return\"true\"}return U(a,\ne)+\"\"}g=fa[b]||b;if(0\u003C=h(ha,e))return(c=null!==S(a,b)||U(a,g))?\"true\":null;try{var x=U(a,g)}catch(ia){}(e=null==x)||(e=typeof x,e=\"object\"==e&&null!=x||\"function\"==e);e?c=S(a,b):c=x;return null!=c?c.toString():null}var X=[\"se_exportedFunctionSymbol\"],Y=d;X[0]in Y||\"undefined\"==typeof Y.execScript||Y.execScript(\"var \"+X[0]);for(var Z;X.length&&(Z=X.shift());)X.length||void 0===W?Y[Z]&&Y[Z]!==Object.prototype[Z]?Y=Y[Z]:Y=Y[Z]={}:Y[Z]=W;; return this.se_exportedFunctionSymbol.apply(null,arguments);}).apply(window, arguments);}\n).apply(null, arguments);"
}
[1769669277.703][INFO]: Waiting for pending navigations...
[1769669277.703][INFO]: Done waiting for pending navigations. Status: ok
[1769669277.705][INFO]: Waiting for pending navigations...
[1769669277.705][INFO]: Done waiting for pending navigations. Status: ok
[1769669277.705][INFO]: [e9bdbd4df8cae9f7a7b05ef895e65b5c] RESPONSE ExecuteScript "https://gg.asuracomic.net/storage/media/405817/conversions/11-optimized.webp"
[1769669277.706][INFO]: [e9bdbd4df8cae9f7a7b05ef895e65b5c] COMMAND ExecuteScript {
   "args": [  ],
   "script": "window.scrollBy(0, Math.floor(window.innerHeight * 0.9));"
}
[1769669277.706][INFO]: Waiting for pending navigations...
[1769669277.706][INFO]: Done waiting for pending navigations. Status: ok
[1769669277.708][INFO]: Waiting for pending navigations...
[1769669277.708][INFO]: Done waiting for pending navigations. Status: ok
[1769669277.708][INFO]: [e9bdbd4df8cae9f7a7b05ef895e65b5c] RESPONSE ExecuteScript null
[1769669278.110][INFO]: [e9bdbd4df8cae9f7a7b05ef895e65b5c] COMMAND FindElements {
   "using": "css selector",
   "value": "div.w-full.mx-auto.center img"
}
[1769669278.110][INFO]: Waiting for pending navigations...
[1769669278.110][INFO]: Done waiting for pending navigations. Status: ok
Trying to load the allocator multiple times. This is *not* supported.
[1769669278.114][INFO]: Waiting for pending navigations...
[1769669278.115][INFO]: Done waiting for pending navigations. Status: ok
[1769669278.115][INFO]: [e9bdbd4df8cae9f7a7b05ef895e65b5c] RESPONSE FindElements [ {
   "element-6066-11e4-a52e-4f735466cecf": "f.CAA1FE4C08EC3FB8AD3888983C4001B7.d.728B49898D8128A16D8B333025A9BEAB.e.24"
}, {
   "element-6066-11e4-a52e-4f735466cecf": "f.CAA1FE4C08EC3FB8AD3888983C4001B7.d.728B49898D8128A16D8B333025A9BEAB.e.25"
}, {
   "element-6066-11e4-a52e-4f735466cecf": "f.CAA1FE4C08EC3FB8AD3888983C4001B7.d.728B49898D8128A16D8B333025A9BEAB.e.26"
}, {
   "element-6066-11e4-a52e-4f735466cecf": "f.CAA1FE4C08EC3FB8AD3888983C4001B7.d.728B49898D8128A16D8B333025A9BEAB.e.27"
}, {
   "element-6066-11e4-a52e-4f735466cecf": "f.CAA1FE4C08EC3FB8AD3888983C4001B7.d.728B49898D8128A16D8B333025A9BEAB.e.28"
}, {
   "element-6066-11e4-a52e-4f735466cecf": "f.CAA1FE4C08EC3FB8AD3888983C4001B7.d.728B49898D8128A16D8B333025A9BEAB.e.29"
}, {
   "element-6066-11e4-a52e-4f735466cecf": "f.CAA1FE4C08EC3FB8AD3888983C4001B7.d.728B49898D8128A16D8B333025A9BEAB.e.30"
}, {
   "element-6066-11e4-a52e-4f735466cecf": "f.CAA1FE4C08EC3FB8AD3888983C4001B7.d.728B49898D8128A16D8B333025A9BEAB.e.31"
}, {
   "element-6066-11e4-a52e-4f735466cecf": "f.CAA1FE4C08EC3FB8AD3888983C4001B7.d.728B49898D8128A16D8B333025A9BEAB.e.32"
}, {
   "element-6066-11e4-a52e-4f735466cecf": "f.CAA1FE4C08EC3FB8AD3888983C4001B7.d.728B49898D8128A16D8B333025A9BEAB.e.33"
}, {
   "element-6066-11e4-a52e-4f735466cecf": "f.CAA1FE4C08EC3FB8AD3888983C4001B7.d.728B49898D8128A16D8B333025A9BEAB.e.34"
}, {
   "element-6066-11e4-a52e-4f735466cecf": "f.CAA1FE4C08EC3FB8AD3888983C4001B7.d.728B49898D8128A16D8B333025A9BEAB.e.35"
} ]
[1769669278.116][INFO]: [e9bdbd4df8cae9f7a7b05ef895e65b5c] COMMAND ExecuteScript {
   "args": [ {
      "element-6066-11e4-a52e-4f735466cecf": "f.CAA1FE4C08EC3FB8AD3888983C4001B7.d.728B49898D8128A16D8B333025A9BEAB.e.24"
   }, "alt" ],
   "script": "/* getAttribute */return (function(){return (function(){var d=this||self;function f(a,b){function c(){}c.prototype=b.prototype;a.prototype=new c;a.prototype.constructor=a};var h=Array.prototype.indexOf?function(a,b){return Array.prototype.indexOf.call(a,b,void 0)}:function(a,b){if(\"string\"===typeof a)return\"string\"!==typeof b||1!=b.length?-1:a.indexOf(b,0);for(var c=0;c\u003Ca.length;c++)if(c in a&&a[c]===b)return c;return-1},k=Array.prototype.forEach?function(a,b){Array.prototype.forEach.call(a,b,void 0)}:function(a,b){for(var c=a.length,e=\"string\"===typeof a?a.split(\"\"):a,g=0;g\u003Cc;g++)g in e&&b.call(void 0,e[g],g,a)};function l(a,b){this.code=a;this.a=m[a]||n;this.message=b||\"\";a=this.a.replace(/((?:^|\\s+)[a-z])/g,function(c){return c.toUpperCase().replace(/^[\\s\\xa0]+/g,\"\")});b=a.length-5;if(0>b||a.indexOf(\"Error\",b)!=b)a+=\"Error\";this.name=a;a=Error(this.message);a.name=this.name;this.stack=a.stack||\"\"}f(l,Error);var n=\"unknown error\",m={15:\"element not selectable\",11:\"element not visible\"};m[31]=n;m[30]=n;m[24]=\"invalid cookie domain\";m[29]=\"invalid element coordinates\";m[12]=\"invalid element state\";m[32]=\"invalid selector\";\nm[51]=\"invalid selector\";m[52]=\"invalid selector\";m[17]=\"javascript error\";m[405]=\"unsupported operation\";m[34]=\"move target out of bounds\";m[27]=\"no such alert\";m[7]=\"no such element\";m[8]=\"no such frame\";m[23]=\"no such window\";m[28]=\"script timeout\";m[33]=\"session not created\";m[10]=\"stale element reference\";m[21]=\"timeout\";m[25]=\"unable to set cookie\";m[26]=\"unexpected alert open\";m[13]=n;m[9]=\"unknown command\";var p;a:{var q=d.navigator;if(q){var r=q.userAgent;if(r){p=r;break a}}p=\"\"}function t(a){return-1!=p.indexOf(a)};function u(){return t(\"Firefox\")||t(\"FxiOS\")}function v(){return(t(\"Chrome\")||t(\"CriOS\"))&&!t(\"Edge\")};function w(){return t(\"iPhone\")&&!t(\"iPod\")&&!t(\"iPad\")};var y=t(\"Opera\"),z=t(\"Trident\")||t(\"MSIE\"),A=t(\"Edge\"),B=t(\"Gecko\")&&!(-1!=p.toLowerCase().indexOf(\"webkit\")&&!t(\"Edge\"))&&!(t(\"Trident\")||t(\"MSIE\"))&&!t(\"Edge\"),C=-1!=p.toLowerCase().indexOf(\"webkit\")&&!t(\"Edge\");function D(){var a=d.document;return a?a.documentMode:void 0}var E;\na:{var F=\"\",G=function(){var a=p;if(B)return/rv:([^\\);]+)(\\)|;)/.exec(a);if(A)return/Edge\\/([\\d\\.]+)/.exec(a);if(z)return/\\b(?:MSIE|rv)[: ]([^\\);]+)(\\)|;)/.exec(a);if(C)return/WebKit\\/(\\S+)/.exec(a);if(y)return/(?:Version)[ \\/]?(\\S+)/.exec(a)}();G&&(F=G?G[1]:\"\");if(z){var H=D();if(null!=H&&H>parseFloat(F)){E=String(H);break a}}E=F}var I;I=d.document&&z?D():void 0;var J=u(),K=w()||t(\"iPod\"),L=t(\"iPad\"),M=t(\"Android\")&&!(v()||u()||t(\"Opera\")||t(\"Silk\")),N=v(),aa=t(\"Safari\")&&!(v()||t(\"Coast\")||t(\"Opera\")||t(\"Edge\")||t(\"Edg/\")||t(\"OPR\")||u()||t(\"Silk\")||t(\"Android\"))&&!(w()||t(\"iPad\")||t(\"iPod\"));function O(a){return(a=a.exec(p))?a[1]:\"\"}(function(){if(J)return O(/Firefox\\/([0-9.]+)/);if(z||A||y)return E;if(N)return w()||t(\"iPad\")||t(\"iPod\")?O(/CriOS\\/([0-9.]+)/):O(/Chrome\\/([0-9.]+)/);if(aa&&!(w()||t(\"iPad\")||t(\"iPod\")))return O(/Version\\/([0-9.]+)/);if(K||L){var a=/Version\\/(\\S+).*Mobile\\/(\\S+)/.exec(p);if(a)return a[1]+\".\"+a[2]}else if(M)return(a=O(/Android\\s+([0-9.]+)/))?a:O(/Version\\/([0-9.]+)/);return\"\"})();var P=z&&!(8\u003C=Number(I)),ba=z&&!(9\u003C=Number(I));var ca={SCRIPT:1,STYLE:1,HEAD:1,IFRAME:1,OBJECT:1},Q={IMG:\" \",BR:\"\\n\"};function R(a,b,c){if(!(a.nodeName in ca))if(3==a.nodeType)c?b.push(String(a.nodeValue).replace(/(\\r\\n|\\r|\\n)/g,\"\")):b.push(a.nodeValue);else if(a.nodeName in Q)b.push(Q[a.nodeName]);else for(a=a.firstChild;a;)R(a,b,c),a=a.nextSibling};function S(a,b){b=b.toLowerCase();return\"style\"==b?da(a.style.cssText):P&&\"value\"==b&&T(a,\"INPUT\")?a.value:ba&&!0===a[b]?String(a.getAttribute(b)):(a=a.getAttributeNode(b))&&a.specified?a.value:null}var ea=/[;]+(?=(?:(?:[^\"]*\"){2})*[^\"]*$)(?=(?:(?:[^']*'){2})*[^']*$)(?=(?:[^()]*\\([^()]*\\))*[^()]*$)/;\nfunction da(a){var b=[];k(a.split(ea),function(c){var e=c.indexOf(\":\");0\u003Ce&&(c=[c.slice(0,e),c.slice(e+1)],2==c.length&&b.push(c[0].toLowerCase(),\":\",c[1],\";\"))});b=b.join(\"\");return b=\";\"==b.charAt(b.length-1)?b:b+\";\"}function U(a,b){P&&\"value\"==b&&T(a,\"OPTION\")&&null===S(a,\"value\")?(b=[],R(a,b,!1),a=b.join(\"\")):a=a[b];return a}\nfunction T(a,b){b&&\"string\"!==typeof b&&(b=b.toString());return a instanceof HTMLFormElement?!!a&&1==a.nodeType&&(!b||\"FORM\"==b):!!a&&1==a.nodeType&&(!b||a.tagName.toUpperCase()==b)}function V(a){return T(a,\"OPTION\")?!0:T(a,\"INPUT\")?(a=a.type.toLowerCase(),\"checkbox\"==a||\"radio\"==a):!1};var fa={\"class\":\"className\",readonly:\"readOnly\"},ha=\"allowfullscreen allowpaymentrequest allowusermedia async autofocus autoplay checked compact complete controls declare default defaultchecked defaultselected defer disabled ended formnovalidate hidden indeterminate iscontenteditable ismap itemscope loop multiple muted nohref nomodule noresize noshade novalidate nowrap open paused playsinline pubdate readonly required reversed scoped seamless seeking selected truespeed typemustmatch willvalidate\".split(\" \");function W(a,b){var c=null,e=b.toLowerCase();if(\"style\"==e)return(c=a.style)&&\"string\"!=typeof c&&(c=c.cssText),c;if((\"selected\"==e||\"checked\"==e)&&V(a)){if(!V(a))throw new l(15,\"Element is not selectable\");b=\"selected\";c=a.type&&a.type.toLowerCase();if(\"checkbox\"==c||\"radio\"==c)b=\"checked\";return U(a,b)?\"true\":null}var g=T(a,\"A\");if(T(a,\"IMG\")&&\"src\"==e||g&&\"href\"==e)return(c=S(a,e))&&(c=U(a,e)),c;if(\"spellcheck\"==e){c=S(a,e);if(null!==c){if(\"false\"==c.toLowerCase())return\"false\";if(\"true\"==c.toLowerCase())return\"true\"}return U(a,\ne)+\"\"}g=fa[b]||b;if(0\u003C=h(ha,e))return(c=null!==S(a,b)||U(a,g))?\"true\":null;try{var x=U(a,g)}catch(ia){}(e=null==x)||(e=typeof x,e=\"object\"==e&&null!=x||\"function\"==e);e?c=S(a,b):c=x;return null!=c?c.toString():null}var X=[\"se_exportedFunctionSymbol\"],Y=d;X[0]in Y||\"undefined\"==typeof Y.execScript||Y.execScript(\"var \"+X[0]);for(var Z;X.length&&(Z=X.shift());)X.length||void 0===W?Y[Z]&&Y[Z]!==Object.prototype[Z]?Y=Y[Z]:Y=Y[Z]={}:Y[Z]=W;; return this.se_exportedFunctionSymbol.apply(null,arguments);}).apply(window, arguments);}\n).apply(null, arguments);"
}
[1769669278.116][INFO]: Waiting for pending navigations...
[1769669278.116][INFO]: Done waiting for pending navigations. Status: ok
[1769669278.118][INFO]: Waiting for pending navigations...
[1769669278.118][INFO]: Done waiting for pending navigations. Status: ok
[1769669278.118][INFO]: [e9bdbd4df8cae9f7a7b05ef895e65b5c] RESPONSE ExecuteScript "chapter page 1"
[1769669278.119][INFO]: [e9bdbd4df8cae9f7a7b05ef895e65b5c] COMMAND ExecuteScript {
   "args": [ {
      "element-6066-11e4-a52e-4f735466cecf": "f.CAA1FE4C08EC3FB8AD3888983C4001B7.d.728B49898D8128A16D8B333025A9BEAB.e.24"
   }, "currentSrc" ],
   "script": "/* getAttribute */return (function(){return (function(){var d=this||self;function f(a,b){function c(){}c.prototype=b.prototype;a.prototype=new c;a.prototype.constructor=a};var h=Array.prototype.indexOf?function(a,b){return Array.prototype.indexOf.call(a,b,void 0)}:function(a,b){if(\"string\"===typeof a)return\"string\"!==typeof b||1!=b.length?-1:a.indexOf(b,0);for(var c=0;c\u003Ca.length;c++)if(c in a&&a[c]===b)return c;return-1},k=Array.prototype.forEach?function(a,b){Array.prototype.forEach.call(a,b,void 0)}:function(a,b){for(var c=a.length,e=\"string\"===typeof a?a.split(\"\"):a,g=0;g\u003Cc;g++)g in e&&b.call(void 0,e[g],g,a)};function l(a,b){this.code=a;this.a=m[a]||n;this.message=b||\"\";a=this.a.replace(/((?:^|\\s+)[a-z])/g,function(c){return c.toUpperCase().replace(/^[\\s\\xa0]+/g,\"\")});b=a.length-5;if(0>b||a.indexOf(\"Error\",b)!=b)a+=\"Error\";this.name=a;a=Error(this.message);a.name=this.name;this.stack=a.stack||\"\"}f(l,Error);var n=\"unknown error\",m={15:\"element not selectable\",11:\"element not visible\"};m[31]=n;m[30]=n;m[24]=\"invalid cookie domain\";m[29]=\"invalid element coordinates\";m[12]=\"invalid element state\";m[32]=\"invalid selector\";\nm[51]=\"invalid selector\";m[52]=\"invalid selector\";m[17]=\"javascript error\";m[405]=\"unsupported operation\";m[34]=\"move target out of bounds\";m[27]=\"no such alert\";m[7]=\"no such element\";m[8]=\"no such frame\";m[23]=\"no such window\";m[28]=\"script timeout\";m[33]=\"session not created\";m[10]=\"stale element reference\";m[21]=\"timeout\";m[25]=\"unable to set cookie\";m[26]=\"unexpected alert open\";m[13]=n;m[9]=\"unknown command\";var p;a:{var q=d.navigator;if(q){var r=q.userAgent;if(r){p=r;break a}}p=\"\"}function t(a){return-1!=p.indexOf(a)};function u(){return t(\"Firefox\")||t(\"FxiOS\")}function v(){return(t(\"Chrome\")||t(\"CriOS\"))&&!t(\"Edge\")};function w(){return t(\"iPhone\")&&!t(\"iPod\")&&!t(\"iPad\")};var y=t(\"Opera\"),z=t(\"Trident\")||t(\"MSIE\"),A=t(\"Edge\"),B=t(\"Gecko\")&&!(-1!=p.toLowerCase().indexOf(\"webkit\")&&!t(\"Edge\"))&&!(t(\"Trident\")||t(\"MSIE\"))&&!t(\"Edge\"),C=-1!=p.toLowerCase().indexOf(\"webkit\")&&!t(\"Edge\");function D(){var a=d.document;return a?a.documentMode:void 0}var E;\na:{var F=\"\",G=function(){var a=p;if(B)return/rv:([^\\);]+)(\\)|;)/.exec(a);if(A)return/Edge\\/([\\d\\.]+)/.exec(a);if(z)return/\\b(?:MSIE|rv)[: ]([^\\);]+)(\\)|;)/.exec(a);if(C)return/WebKit\\/(\\S+)/.exec(a);if(y)return/(?:Version)[ \\/]?(\\S+)/.exec(a)}();G&&(F=G?G[1]:\"\");if(z){var H=D();if(null!=H&&H>parseFloat(F)){E=String(H);break a}}E=F}var I;I=d.document&&z?D():void 0;var J=u(),K=w()||t(\"iPod\"),L=t(\"iPad\"),M=t(\"Android\")&&!(v()||u()||t(\"Opera\")||t(\"Silk\")),N=v(),aa=t(\"Safari\")&&!(v()||t(\"Coast\")||t(\"Opera\")||t(\"Edge\")||t(\"Edg/\")||t(\"OPR\")||u()||t(\"Silk\")||t(\"Android\"))&&!(w()||t(\"iPad\")||t(\"iPod\"));function O(a){return(a=a.exec(p))?a[1]:\"\"}(function(){if(J)return O(/Firefox\\/([0-9.]+)/);if(z||A||y)return E;if(N)return w()||t(\"iPad\")||t(\"iPod\")?O(/CriOS\\/([0-9.]+)/):O(/Chrome\\/([0-9.]+)/);if(aa&&!(w()||t(\"iPad\")||t(\"iPod\")))return O(/Version\\/([0-9.]+)/);if(K||L){var a=/Version\\/(\\S+).*Mobile\\/(\\S+)/.exec(p);if(a)return a[1]+\".\"+a[2]}else if(M)return(a=O(/Android\\s+([0-9.]+)/))?a:O(/Version\\/([0-9.]+)/);return\"\"})();var P=z&&!(8\u003C=Number(I)),ba=z&&!(9\u003C=Number(I));var ca={SCRIPT:1,STYLE:1,HEAD:1,IFRAME:1,OBJECT:1},Q={IMG:\" \",BR:\"\\n\"};function R(a,b,c){if(!(a.nodeName in ca))if(3==a.nodeType)c?b.push(String(a.nodeValue).replace(/(\\r\\n|\\r|\\n)/g,\"\")):b.push(a.nodeValue);else if(a.nodeName in Q)b.push(Q[a.nodeName]);else for(a=a.firstChild;a;)R(a,b,c),a=a.nextSibling};function S(a,b){b=b.toLowerCase();return\"style\"==b?da(a.style.cssText):P&&\"value\"==b&&T(a,\"INPUT\")?a.value:ba&&!0===a[b]?String(a.getAttribute(b)):(a=a.getAttributeNode(b))&&a.specified?a.value:null}var ea=/[;]+(?=(?:(?:[^\"]*\"){2})*[^\"]*$)(?=(?:(?:[^']*'){2})*[^']*$)(?=(?:[^()]*\\([^()]*\\))*[^()]*$)/;\nfunction da(a){var b=[];k(a.split(ea),function(c){var e=c.indexOf(\":\");0\u003Ce&&(c=[c.slice(0,e),c.slice(e+1)],2==c.length&&b.push(c[0].toLowerCase(),\":\",c[1],\";\"))});b=b.join(\"\");return b=\";\"==b.charAt(b.length-1)?b:b+\";\"}function U(a,b){P&&\"value\"==b&&T(a,\"OPTION\")&&null===S(a,\"value\")?(b=[],R(a,b,!1),a=b.join(\"\")):a=a[b];return a}\nfunction T(a,b){b&&\"string\"!==typeof b&&(b=b.toString());return a instanceof HTMLFormElement?!!a&&1==a.nodeType&&(!b||\"FORM\"==b):!!a&&1==a.nodeType&&(!b||a.tagName.toUpperCase()==b)}function V(a){return T(a,\"OPTION\")?!0:T(a,\"INPUT\")?(a=a.type.toLowerCase(),\"checkbox\"==a||\"radio\"==a):!1};var fa={\"class\":\"className\",readonly:\"readOnly\"},ha=\"allowfullscreen allowpaymentrequest allowusermedia async autofocus autoplay checked compact complete controls declare default defaultchecked defaultselected defer disabled ended formnovalidate hidden indeterminate iscontenteditable ismap itemscope loop multiple muted nohref nomodule noresize noshade novalidate nowrap open paused playsinline pubdate readonly required reversed scoped seamless seeking selected truespeed typemustmatch willvalidate\".split(\" \");function W(a,b){var c=null,e=b.toLowerCase();if(\"style\"==e)return(c=a.style)&&\"string\"!=typeof c&&(c=c.cssText),c;if((\"selected\"==e||\"checked\"==e)&&V(a)){if(!V(a))throw new l(15,\"Element is not selectable\");b=\"selected\";c=a.type&&a.type.toLowerCase();if(\"checkbox\"==c||\"radio\"==c)b=\"checked\";return U(a,b)?\"true\":null}var g=T(a,\"A\");if(T(a,\"IMG\")&&\"src\"==e||g&&\"href\"==e)return(c=S(a,e))&&(c=U(a,e)),c;if(\"spellcheck\"==e){c=S(a,e);if(null!==c){if(\"false\"==c.toLowerCase())return\"false\";if(\"true\"==c.toLowerCase())return\"true\"}return U(a,\ne)+\"\"}g=fa[b]||b;if(0\u003C=h(ha,e))return(c=null!==S(a,b)||U(a,g))?\"true\":null;try{var x=U(a,g)}catch(ia){}(e=null==x)||(e=typeof x,e=\"object\"==e&&null!=x||\"function\"==e);e?c=S(a,b):c=x;return null!=c?c.toString():null}var X=[\"se_exportedFunctionSymbol\"],Y=d;X[0]in Y||\"undefined\"==typeof Y.execScript||Y.execScript(\"var \"+X[0]);for(var Z;X.length&&(Z=X.shift());)X.length||void 0===W?Y[Z]&&Y[Z]!==Object.prototype[Z]?Y=Y[Z]:Y=Y[Z]={}:Y[Z]=W;; return this.se_exportedFunctionSymbol.apply(null,arguments);}).apply(window, arguments);}\n).apply(null, arguments);"
}
[1769669278.119][INFO]: Waiting for pending navigations...
[1769669278.119][INFO]: Done waiting for pending navigations. Status: ok
[1769669278.121][INFO]: Waiting for pending navigations...
[1769669278.122][INFO]: Done waiting for pending navigations. Status: ok
[1769669278.122][INFO]: [e9bdbd4df8cae9f7a7b05ef895e65b5c] RESPONSE ExecuteScript "https://gg.asuracomic.net/storage/media/405806/conversions/00000-copy-optimized.webp"
[1769669278.123][INFO]: [e9bdbd4df8cae9f7a7b05ef895e65b5c] COMMAND ExecuteScript {
   "args": [ {
      "element-6066-11e4-a52e-4f735466cecf": "f.CAA1FE4C08EC3FB8AD3888983C4001B7.d.728B49898D8128A16D8B333025A9BEAB.e.25"
   }, "alt" ],
   "script": "/* getAttribute */return (function(){return (function(){var d=this||self;function f(a,b){function c(){}c.prototype=b.prototype;a.prototype=new c;a.prototype.constructor=a};var h=Array.prototype.indexOf?function(a,b){return Array.prototype.indexOf.call(a,b,void 0)}:function(a,b){if(\"string\"===typeof a)return\"string\"!==typeof b||1!=b.length?-1:a.indexOf(b,0);for(var c=0;c\u003Ca.length;c++)if(c in a&&a[c]===b)return c;return-1},k=Array.prototype.forEach?function(a,b){Array.prototype.forEach.call(a,b,void 0)}:function(a,b){for(var c=a.length,e=\"string\"===typeof a?a.split(\"\"):a,g=0;g\u003Cc;g++)g in e&&b.call(void 0,e[g],g,a)};function l(a,b){this.code=a;this.a=m[a]||n;this.message=b||\"\";a=this.a.replace(/((?:^|\\s+)[a-z])/g,function(c){return c.toUpperCase().replace(/^[\\s\\xa0]+/g,\"\")});b=a.length-5;if(0>b||a.indexOf(\"Error\",b)!=b)a+=\"Error\";this.name=a;a=Error(this.message);a.name=this.name;this.stack=a.stack||\"\"}f(l,Error);var n=\"unknown error\",m={15:\"element not selectable\",11:\"element not visible\"};m[31]=n;m[30]=n;m[24]=\"invalid cookie domain\";m[29]=\"invalid element coordinates\";m[12]=\"invalid element state\";m[32]=\"invalid selector\";\nm[51]=\"invalid selector\";m[52]=\"invalid selector\";m[17]=\"javascript error\";m[405]=\"unsupported operation\";m[34]=\"move target out of bounds\";m[27]=\"no such alert\";m[7]=\"no such element\";m[8]=\"no such frame\";m[23]=\"no such window\";m[28]=\"script timeout\";m[33]=\"session not created\";m[10]=\"stale element reference\";m[21]=\"timeout\";m[25]=\"unable to set cookie\";m[26]=\"unexpected alert open\";m[13]=n;m[9]=\"unknown command\";var p;a:{var q=d.navigator;if(q){var r=q.userAgent;if(r){p=r;break a}}p=\"\"}function t(a){return-1!=p.indexOf(a)};function u(){return t(\"Firefox\")||t(\"FxiOS\")}function v(){return(t(\"Chrome\")||t(\"CriOS\"))&&!t(\"Edge\")};function w(){return t(\"iPhone\")&&!t(\"iPod\")&&!t(\"iPad\")};var y=t(\"Opera\"),z=t(\"Trident\")||t(\"MSIE\"),A=t(\"Edge\"),B=t(\"Gecko\")&&!(-1!=p.toLowerCase().indexOf(\"webkit\")&&!t(\"Edge\"))&&!(t(\"Trident\")||t(\"MSIE\"))&&!t(\"Edge\"),C=-1!=p.toLowerCase().indexOf(\"webkit\")&&!t(\"Edge\");function D(){var a=d.document;return a?a.documentMode:void 0}var E;\na:{var F=\"\",G=function(){var a=p;if(B)return/rv:([^\\);]+)(\\)|;)/.exec(a);if(A)return/Edge\\/([\\d\\.]+)/.exec(a);if(z)return/\\b(?:MSIE|rv)[: ]([^\\);]+)(\\)|;)/.exec(a);if(C)return/WebKit\\/(\\S+)/.exec(a);if(y)return/(?:Version)[ \\/]?(\\S+)/.exec(a)}();G&&(F=G?G[1]:\"\");if(z){var H=D();if(null!=H&&H>parseFloat(F)){E=String(H);break a}}E=F}var I;I=d.document&&z?D():void 0;var J=u(),K=w()||t(\"iPod\"),L=t(\"iPad\"),M=t(\"Android\")&&!(v()||u()||t(\"Opera\")||t(\"Silk\")),N=v(),aa=t(\"Safari\")&&!(v()||t(\"Coast\")||t(\"Opera\")||t(\"Edge\")||t(\"Edg/\")||t(\"OPR\")||u()||t(\"Silk\")||t(\"Android\"))&&!(w()||t(\"iPad\")||t(\"iPod\"));function O(a){return(a=a.exec(p))?a[1]:\"\"}(function(){if(J)return O(/Firefox\\/([0-9.]+)/);if(z||A||y)return E;if(N)return w()||t(\"iPad\")||t(\"iPod\")?O(/CriOS\\/([0-9.]+)/):O(/Chrome\\/([0-9.]+)/);if(aa&&!(w()||t(\"iPad\")||t(\"iPod\")))return O(/Version\\/([0-9.]+)/);if(K||L){var a=/Version\\/(\\S+).*Mobile\\/(\\S+)/.exec(p);if(a)return a[1]+\".\"+a[2]}else if(M)return(a=O(/Android\\s+([0-9.]+)/))?a:O(/Version\\/([0-9.]+)/);return\"\"})();var P=z&&!(8\u003C=Number(I)),ba=z&&!(9\u003C=Number(I));var ca={SCRIPT:1,STYLE:1,HEAD:1,IFRAME:1,OBJECT:1},Q={IMG:\" \",BR:\"\\n\"};function R(a,b,c){if(!(a.nodeName in ca))if(3==a.nodeType)c?b.push(String(a.nodeValue).replace(/(\\r\\n|\\r|\\n)/g,\"\")):b.push(a.nodeValue);else if(a.nodeName in Q)b.push(Q[a.nodeName]);else for(a=a.firstChild;a;)R(a,b,c),a=a.nextSibling};function S(a,b){b=b.toLowerCase();return\"style\"==b?da(a.style.cssText):P&&\"value\"==b&&T(a,\"INPUT\")?a.value:ba&&!0===a[b]?String(a.getAttribute(b)):(a=a.getAttributeNode(b))&&a.specified?a.value:null}var ea=/[;]+(?=(?:(?:[^\"]*\"){2})*[^\"]*$)(?=(?:(?:[^']*'){2})*[^']*$)(?=(?:[^()]*\\([^()]*\\))*[^()]*$)/;\nfunction da(a){var b=[];k(a.split(ea),function(c){var e=c.indexOf(\":\");0\u003Ce&&(c=[c.slice(0,e),c.slice(e+1)],2==c.length&&b.push(c[0].toLowerCase(),\":\",c[1],\";\"))});b=b.join(\"\");return b=\";\"==b.charAt(b.length-1)?b:b+\";\"}function U(a,b){P&&\"value\"==b&&T(a,\"OPTION\")&&null===S(a,\"value\")?(b=[],R(a,b,!1),a=b.join(\"\")):a=a[b];return a}\nfunction T(a,b){b&&\"string\"!==typeof b&&(b=b.toString());return a instanceof HTMLFormElement?!!a&&1==a.nodeType&&(!b||\"FORM\"==b):!!a&&1==a.nodeType&&(!b||a.tagName.toUpperCase()==b)}function V(a){return T(a,\"OPTION\")?!0:T(a,\"INPUT\")?(a=a.type.toLowerCase(),\"checkbox\"==a||\"radio\"==a):!1};var fa={\"class\":\"className\",readonly:\"readOnly\"},ha=\"allowfullscreen allowpaymentrequest allowusermedia async autofocus autoplay checked compact complete controls declare default defaultchecked defaultselected defer disabled ended formnovalidate hidden indeterminate iscontenteditable ismap itemscope loop multiple muted nohref nomodule noresize noshade novalidate nowrap open paused playsinline pubdate readonly required reversed scoped seamless seeking selected truespeed typemustmatch willvalidate\".split(\" \");function W(a,b){var c=null,e=b.toLowerCase();if(\"style\"==e)return(c=a.style)&&\"string\"!=typeof c&&(c=c.cssText),c;if((\"selected\"==e||\"checked\"==e)&&V(a)){if(!V(a))throw new l(15,\"Element is not selectable\");b=\"selected\";c=a.type&&a.type.toLowerCase();if(\"checkbox\"==c||\"radio\"==c)b=\"checked\";return U(a,b)?\"true\":null}var g=T(a,\"A\");if(T(a,\"IMG\")&&\"src\"==e||g&&\"href\"==e)return(c=S(a,e))&&(c=U(a,e)),c;if(\"spellcheck\"==e){c=S(a,e);if(null!==c){if(\"false\"==c.toLowerCase())return\"false\";if(\"true\"==c.toLowerCase())return\"true\"}return U(a,\ne)+\"\"}g=fa[b]||b;if(0\u003C=h(ha,e))return(c=null!==S(a,b)||U(a,g))?\"true\":null;try{var x=U(a,g)}catch(ia){}(e=null==x)||(e=typeof x,e=\"object\"==e&&null!=x||\"function\"==e);e?c=S(a,b):c=x;return null!=c?c.toString():null}var X=[\"se_exportedFunctionSymbol\"],Y=d;X[0]in Y||\"undefined\"==typeof Y.execScript||Y.execScript(\"var \"+X[0]);for(var Z;X.length&&(Z=X.shift());)X.length||void 0===W?Y[Z]&&Y[Z]!==Object.prototype[Z]?Y=Y[Z]:Y=Y[Z]={}:Y[Z]=W;; return this.se_exportedFunctionSymbol.apply(null,arguments);}).apply(window, arguments);}\n).apply(null, arguments);"
}
[1769669278.123][INFO]: Waiting for pending navigations...
[1769669278.124][INFO]: Done waiting for pending navigations. Status: ok
[1769669278.126][INFO]: Waiting for pending navigations...
[1769669278.126][INFO]: Done waiting for pending navigations. Status: ok
[1769669278.126][INFO]: [e9bdbd4df8cae9f7a7b05ef895e65b5c] RESPONSE ExecuteScript "chapter page 2"
[1769669278.127][INFO]: [e9bdbd4df8cae9f7a7b05ef895e65b5c] COMMAND ExecuteScript {
   "args": [ {
      "element-6066-11e4-a52e-4f735466cecf": "f.CAA1FE4C08EC3FB8AD3888983C4001B7.d.728B49898D8128A16D8B333025A9BEAB.e.25"
   }, "currentSrc" ],
   "script": "/* getAttribute */return (function(){return (function(){var d=this||self;function f(a,b){function c(){}c.prototype=b.prototype;a.prototype=new c;a.prototype.constructor=a};var h=Array.prototype.indexOf?function(a,b){return Array.prototype.indexOf.call(a,b,void 0)}:function(a,b){if(\"string\"===typeof a)return\"string\"!==typeof b||1!=b.length?-1:a.indexOf(b,0);for(var c=0;c\u003Ca.length;c++)if(c in a&&a[c]===b)return c;return-1},k=Array.prototype.forEach?function(a,b){Array.prototype.forEach.call(a,b,void 0)}:function(a,b){for(var c=a.length,e=\"string\"===typeof a?a.split(\"\"):a,g=0;g\u003Cc;g++)g in e&&b.call(void 0,e[g],g,a)};function l(a,b){this.code=a;this.a=m[a]||n;this.message=b||\"\";a=this.a.replace(/((?:^|\\s+)[a-z])/g,function(c){return c.toUpperCase().replace(/^[\\s\\xa0]+/g,\"\")});b=a.length-5;if(0>b||a.indexOf(\"Error\",b)!=b)a+=\"Error\";this.name=a;a=Error(this.message);a.name=this.name;this.stack=a.stack||\"\"}f(l,Error);var n=\"unknown error\",m={15:\"element not selectable\",11:\"element not visible\"};m[31]=n;m[30]=n;m[24]=\"invalid cookie domain\";m[29]=\"invalid element coordinates\";m[12]=\"invalid element state\";m[32]=\"invalid selector\";\nm[51]=\"invalid selector\";m[52]=\"invalid selector\";m[17]=\"javascript error\";m[405]=\"unsupported operation\";m[34]=\"move target out of bounds\";m[27]=\"no such alert\";m[7]=\"no such element\";m[8]=\"no such frame\";m[23]=\"no such window\";m[28]=\"script timeout\";m[33]=\"session not created\";m[10]=\"stale element reference\";m[21]=\"timeout\";m[25]=\"unable to set cookie\";m[26]=\"unexpected alert open\";m[13]=n;m[9]=\"unknown command\";var p;a:{var q=d.navigator;if(q){var r=q.userAgent;if(r){p=r;break a}}p=\"\"}function t(a){return-1!=p.indexOf(a)};function u(){return t(\"Firefox\")||t(\"FxiOS\")}function v(){return(t(\"Chrome\")||t(\"CriOS\"))&&!t(\"Edge\")};function w(){return t(\"iPhone\")&&!t(\"iPod\")&&!t(\"iPad\")};var y=t(\"Opera\"),z=t(\"Trident\")||t(\"MSIE\"),A=t(\"Edge\"),B=t(\"Gecko\")&&!(-1!=p.toLowerCase().indexOf(\"webkit\")&&!t(\"Edge\"))&&!(t(\"Trident\")||t(\"MSIE\"))&&!t(\"Edge\"),C=-1!=p.toLowerCase().indexOf(\"webkit\")&&!t(\"Edge\");function D(){var a=d.document;return a?a.documentMode:void 0}var E;\na:{var F=\"\",G=function(){var a=p;if(B)return/rv:([^\\);]+)(\\)|;)/.exec(a);if(A)return/Edge\\/([\\d\\.]+)/.exec(a);if(z)return/\\b(?:MSIE|rv)[: ]([^\\);]+)(\\)|;)/.exec(a);if(C)return/WebKit\\/(\\S+)/.exec(a);if(y)return/(?:Version)[ \\/]?(\\S+)/.exec(a)}();G&&(F=G?G[1]:\"\");if(z){var H=D();if(null!=H&&H>parseFloat(F)){E=String(H);break a}}E=F}var I;I=d.document&&z?D():void 0;var J=u(),K=w()||t(\"iPod\"),L=t(\"iPad\"),M=t(\"Android\")&&!(v()||u()||t(\"Opera\")||t(\"Silk\")),N=v(),aa=t(\"Safari\")&&!(v()||t(\"Coast\")||t(\"Opera\")||t(\"Edge\")||t(\"Edg/\")||t(\"OPR\")||u()||t(\"Silk\")||t(\"Android\"))&&!(w()||t(\"iPad\")||t(\"iPod\"));function O(a){return(a=a.exec(p))?a[1]:\"\"}(function(){if(J)return O(/Firefox\\/([0-9.]+)/);if(z||A||y)return E;if(N)return w()||t(\"iPad\")||t(\"iPod\")?O(/CriOS\\/([0-9.]+)/):O(/Chrome\\/([0-9.]+)/);if(aa&&!(w()||t(\"iPad\")||t(\"iPod\")))return O(/Version\\/([0-9.]+)/);if(K||L){var a=/Version\\/(\\S+).*Mobile\\/(\\S+)/.exec(p);if(a)return a[1]+\".\"+a[2]}else if(M)return(a=O(/Android\\s+([0-9.]+)/))?a:O(/Version\\/([0-9.]+)/);return\"\"})();var P=z&&!(8\u003C=Number(I)),ba=z&&!(9\u003C=Number(I));var ca={SCRIPT:1,STYLE:1,HEAD:1,IFRAME:1,OBJECT:1},Q={IMG:\" \",BR:\"\\n\"};function R(a,b,c){if(!(a.nodeName in ca))if(3==a.nodeType)c?b.push(String(a.nodeValue).replace(/(\\r\\n|\\r|\\n)/g,\"\")):b.push(a.nodeValue);else if(a.nodeName in Q)b.push(Q[a.nodeName]);else for(a=a.firstChild;a;)R(a,b,c),a=a.nextSibling};function S(a,b){b=b.toLowerCase();return\"style\"==b?da(a.style.cssText):P&&\"value\"==b&&T(a,\"INPUT\")?a.value:ba&&!0===a[b]?String(a.getAttribute(b)):(a=a.getAttributeNode(b))&&a.specified?a.value:null}var ea=/[;]+(?=(?:(?:[^\"]*\"){2})*[^\"]*$)(?=(?:(?:[^']*'){2})*[^']*$)(?=(?:[^()]*\\([^()]*\\))*[^()]*$)/;\nfunction da(a){var b=[];k(a.split(ea),function(c){var e=c.indexOf(\":\");0\u003Ce&&(c=[c.slice(0,e),c.slice(e+1)],2==c.length&&b.push(c[0].toLowerCase(),\":\",c[1],\";\"))});b=b.join(\"\");return b=\";\"==b.charAt(b.length-1)?b:b+\";\"}function U(a,b){P&&\"value\"==b&&T(a,\"OPTION\")&&null===S(a,\"value\")?(b=[],R(a,b,!1),a=b.join(\"\")):a=a[b];return a}\nfunction T(a,b){b&&\"string\"!==typeof b&&(b=b.toString());return a instanceof HTMLFormElement?!!a&&1==a.nodeType&&(!b||\"FORM\"==b):!!a&&1==a.nodeType&&(!b||a.tagName.toUpperCase()==b)}function V(a){return T(a,\"OPTION\")?!0:T(a,\"INPUT\")?(a=a.type.toLowerCase(),\"checkbox\"==a||\"radio\"==a):!1};var fa={\"class\":\"className\",readonly:\"readOnly\"},ha=\"allowfullscreen allowpaymentrequest allowusermedia async autofocus autoplay checked compact complete controls declare default defaultchecked defaultselected defer disabled ended formnovalidate hidden indeterminate iscontenteditable ismap itemscope loop multiple muted nohref nomodule noresize noshade novalidate nowrap open paused playsinline pubdate readonly required reversed scoped seamless seeking selected truespeed typemustmatch willvalidate\".split(\" \");function W(a,b){var c=null,e=b.toLowerCase();if(\"style\"==e)return(c=a.style)&&\"string\"!=typeof c&&(c=c.cssText),c;if((\"selected\"==e||\"checked\"==e)&&V(a)){if(!V(a))throw new l(15,\"Element is not selectable\");b=\"selected\";c=a.type&&a.type.toLowerCase();if(\"checkbox\"==c||\"radio\"==c)b=\"checked\";return U(a,b)?\"true\":null}var g=T(a,\"A\");if(T(a,\"IMG\")&&\"src\"==e||g&&\"href\"==e)return(c=S(a,e))&&(c=U(a,e)),c;if(\"spellcheck\"==e){c=S(a,e);if(null!==c){if(\"false\"==c.toLowerCase())return\"false\";if(\"true\"==c.toLowerCase())return\"true\"}return U(a,\ne)+\"\"}g=fa[b]||b;if(0\u003C=h(ha,e))return(c=null!==S(a,b)||U(a,g))?\"true\":null;try{var x=U(a,g)}catch(ia){}(e=null==x)||(e=typeof x,e=\"object\"==e&&null!=x||\"function\"==e);e?c=S(a,b):c=x;return null!=c?c.toString():null}var X=[\"se_exportedFunctionSymbol\"],Y=d;X[0]in Y||\"undefined\"==typeof Y.execScript||Y.execScript(\"var \"+X[0]);for(var Z;X.length&&(Z=X.shift());)X.length||void 0===W?Y[Z]&&Y[Z]!==Object.prototype[Z]?Y=Y[Z]:Y=Y[Z]={}:Y[Z]=W;; return this.se_exportedFunctionSymbol.apply(null,arguments);}).apply(window, arguments);}\n).apply(null, arguments);"
}
[1769669278.127][INFO]: Waiting for pending navigations...
[1769669278.127][INFO]: Done waiting for pending navigations. Status: ok
[1769669278.129][INFO]: Waiting for pending navigations...
[1769669278.129][INFO]: Done waiting for pending navigations. Status: ok
[1769669278.129][INFO]: [e9bdbd4df8cae9f7a7b05ef895e65b5c] RESPONSE ExecuteScript "https://gg.asuracomic.net/storage/media/405807/conversions/01-optimized.webp"
[1769669278.130][INFO]: [e9bdbd4df8cae9f7a7b05ef895e65b5c] COMMAND ExecuteScript {
   "args": [ {
      "element-6066-11e4-a52e-4f735466cecf": "f.CAA1FE4C08EC3FB8AD3888983C4001B7.d.728B49898D8128A16D8B333025A9BEAB.e.26"
   }, "alt" ],
   "script": "/* getAttribute */return (function(){return (function(){var d=this||self;function f(a,b){function c(){}c.prototype=b.prototype;a.prototype=new c;a.prototype.constructor=a};var h=Array.prototype.indexOf?function(a,b){return Array.prototype.indexOf.call(a,b,void 0)}:function(a,b){if(\"string\"===typeof a)return\"string\"!==typeof b||1!=b.length?-1:a.indexOf(b,0);for(var c=0;c\u003Ca.length;c++)if(c in a&&a[c]===b)return c;return-1},k=Array.prototype.forEach?function(a,b){Array.prototype.forEach.call(a,b,void 0)}:function(a,b){for(var c=a.length,e=\"string\"===typeof a?a.split(\"\"):a,g=0;g\u003Cc;g++)g in e&&b.call(void 0,e[g],g,a)};function l(a,b){this.code=a;this.a=m[a]||n;this.message=b||\"\";a=this.a.replace(/((?:^|\\s+)[a-z])/g,function(c){return c.toUpperCase().replace(/^[\\s\\xa0]+/g,\"\")});b=a.length-5;if(0>b||a.indexOf(\"Error\",b)!=b)a+=\"Error\";this.name=a;a=Error(this.message);a.name=this.name;this.stack=a.stack||\"\"}f(l,Error);var n=\"unknown error\",m={15:\"element not selectable\",11:\"element not visible\"};m[31]=n;m[30]=n;m[24]=\"invalid cookie domain\";m[29]=\"invalid element coordinates\";m[12]=\"invalid element state\";m[32]=\"invalid selector\";\nm[51]=\"invalid selector\";m[52]=\"invalid selector\";m[17]=\"javascript error\";m[405]=\"unsupported operation\";m[34]=\"move target out of bounds\";m[27]=\"no such alert\";m[7]=\"no such element\";m[8]=\"no such frame\";m[23]=\"no such window\";m[28]=\"script timeout\";m[33]=\"session not created\";m[10]=\"stale element reference\";m[21]=\"timeout\";m[25]=\"unable to set cookie\";m[26]=\"unexpected alert open\";m[13]=n;m[9]=\"unknown command\";var p;a:{var q=d.navigator;if(q){var r=q.userAgent;if(r){p=r;break a}}p=\"\"}function t(a){return-1!=p.indexOf(a)};function u(){return t(\"Firefox\")||t(\"FxiOS\")}function v(){return(t(\"Chrome\")||t(\"CriOS\"))&&!t(\"Edge\")};function w(){return t(\"iPhone\")&&!t(\"iPod\")&&!t(\"iPad\")};var y=t(\"Opera\"),z=t(\"Trident\")||t(\"MSIE\"),A=t(\"Edge\"),B=t(\"Gecko\")&&!(-1!=p.toLowerCase().indexOf(\"webkit\")&&!t(\"Edge\"))&&!(t(\"Trident\")||t(\"MSIE\"))&&!t(\"Edge\"),C=-1!=p.toLowerCase().indexOf(\"webkit\")&&!t(\"Edge\");function D(){var a=d.document;return a?a.documentMode:void 0}var E;\na:{var F=\"\",G=function(){var a=p;if(B)return/rv:([^\\);]+)(\\)|;)/.exec(a);if(A)return/Edge\\/([\\d\\.]+)/.exec(a);if(z)return/\\b(?:MSIE|rv)[: ]([^\\);]+)(\\)|;)/.exec(a);if(C)return/WebKit\\/(\\S+)/.exec(a);if(y)return/(?:Version)[ \\/]?(\\S+)/.exec(a)}();G&&(F=G?G[1]:\"\");if(z){var H=D();if(null!=H&&H>parseFloat(F)){E=String(H);break a}}E=F}var I;I=d.document&&z?D():void 0;var J=u(),K=w()||t(\"iPod\"),L=t(\"iPad\"),M=t(\"Android\")&&!(v()||u()||t(\"Opera\")||t(\"Silk\")),N=v(),aa=t(\"Safari\")&&!(v()||t(\"Coast\")||t(\"Opera\")||t(\"Edge\")||t(\"Edg/\")||t(\"OPR\")||u()||t(\"Silk\")||t(\"Android\"))&&!(w()||t(\"iPad\")||t(\"iPod\"));function O(a){return(a=a.exec(p))?a[1]:\"\"}(function(){if(J)return O(/Firefox\\/([0-9.]+)/);if(z||A||y)return E;if(N)return w()||t(\"iPad\")||t(\"iPod\")?O(/CriOS\\/([0-9.]+)/):O(/Chrome\\/([0-9.]+)/);if(aa&&!(w()||t(\"iPad\")||t(\"iPod\")))return O(/Version\\/([0-9.]+)/);if(K||L){var a=/Version\\/(\\S+).*Mobile\\/(\\S+)/.exec(p);if(a)return a[1]+\".\"+a[2]}else if(M)return(a=O(/Android\\s+([0-9.]+)/))?a:O(/Version\\/([0-9.]+)/);return\"\"})();var P=z&&!(8\u003C=Number(I)),ba=z&&!(9\u003C=Number(I));var ca={SCRIPT:1,STYLE:1,HEAD:1,IFRAME:1,OBJECT:1},Q={IMG:\" \",BR:\"\\n\"};function R(a,b,c){if(!(a.nodeName in ca))if(3==a.nodeType)c?b.push(String(a.nodeValue).replace(/(\\r\\n|\\r|\\n)/g,\"\")):b.push(a.nodeValue);else if(a.nodeName in Q)b.push(Q[a.nodeName]);else for(a=a.firstChild;a;)R(a,b,c),a=a.nextSibling};function S(a,b){b=b.toLowerCase();return\"style\"==b?da(a.style.cssText):P&&\"value\"==b&&T(a,\"INPUT\")?a.value:ba&&!0===a[b]?String(a.getAttribute(b)):(a=a.getAttributeNode(b))&&a.specified?a.value:null}var ea=/[;]+(?=(?:(?:[^\"]*\"){2})*[^\"]*$)(?=(?:(?:[^']*'){2})*[^']*$)(?=(?:[^()]*\\([^()]*\\))*[^()]*$)/;\nfunction da(a){var b=[];k(a.split(ea),function(c){var e=c.indexOf(\":\");0\u003Ce&&(c=[c.slice(0,e),c.slice(e+1)],2==c.length&&b.push(c[0].toLowerCase(),\":\",c[1],\";\"))});b=b.join(\"\");return b=\";\"==b.charAt(b.length-1)?b:b+\";\"}function U(a,b){P&&\"value\"==b&&T(a,\"OPTION\")&&null===S(a,\"value\")?(b=[],R(a,b,!1),a=b.join(\"\")):a=a[b];return a}\nfunction T(a,b){b&&\"string\"!==typeof b&&(b=b.toString());return a instanceof HTMLFormElement?!!a&&1==a.nodeType&&(!b||\"FORM\"==b):!!a&&1==a.nodeType&&(!b||a.tagName.toUpperCase()==b)}function V(a){return T(a,\"OPTION\")?!0:T(a,\"INPUT\")?(a=a.type.toLowerCase(),\"checkbox\"==a||\"radio\"==a):!1};var fa={\"class\":\"className\",readonly:\"readOnly\"},ha=\"allowfullscreen allowpaymentrequest allowusermedia async autofocus autoplay checked compact complete controls declare default defaultchecked defaultselected defer disabled ended formnovalidate hidden indeterminate iscontenteditable ismap itemscope loop multiple muted nohref nomodule noresize noshade novalidate nowrap open paused playsinline pubdate readonly required reversed scoped seamless seeking selected truespeed typemustmatch willvalidate\".split(\" \");function W(a,b){var c=null,e=b.toLowerCase();if(\"style\"==e)return(c=a.style)&&\"string\"!=typeof c&&(c=c.cssText),c;if((\"selected\"==e||\"checked\"==e)&&V(a)){if(!V(a))throw new l(15,\"Element is not selectable\");b=\"selected\";c=a.type&&a.type.toLowerCase();if(\"checkbox\"==c||\"radio\"==c)b=\"checked\";return U(a,b)?\"true\":null}var g=T(a,\"A\");if(T(a,\"IMG\")&&\"src\"==e||g&&\"href\"==e)return(c=S(a,e))&&(c=U(a,e)),c;if(\"spellcheck\"==e){c=S(a,e);if(null!==c){if(\"false\"==c.toLowerCase())return\"false\";if(\"true\"==c.toLowerCase())return\"true\"}return U(a,\ne)+\"\"}g=fa[b]||b;if(0\u003C=h(ha,e))return(c=null!==S(a,b)||U(a,g))?\"true\":null;try{var x=U(a,g)}catch(ia){}(e=null==x)||(e=typeof x,e=\"object\"==e&&null!=x||\"function\"==e);e?c=S(a,b):c=x;return null!=c?c.toString():null}var X=[\"se_exportedFunctionSymbol\"],Y=d;X[0]in Y||\"undefined\"==typeof Y.execScript||Y.execScript(\"var \"+X[0]);for(var Z;X.length&&(Z=X.shift());)X.length||void 0===W?Y[Z]&&Y[Z]!==Object.prototype[Z]?Y=Y[Z]:Y=Y[Z]={}:Y[Z]=W;; return this.se_exportedFunctionSymbol.apply(null,arguments);}).apply(window, arguments);}\n).apply(null, arguments);"
}
[1769669278.130][INFO]: Waiting for pending navigations...
[1769669278.130][INFO]: Done waiting for pending navigations. Status: ok
[1769669278.132][INFO]: Waiting for pending navigations...
[1769669278.132][INFO]: Done waiting for pending navigations. Status: ok
[1769669278.132][INFO]: [e9bdbd4df8cae9f7a7b05ef895e65b5c] RESPONSE ExecuteScript "chapter page 3"
[1769669278.133][INFO]: [e9bdbd4df8cae9f7a7b05ef895e65b5c] COMMAND ExecuteScript {
   "args": [ {
      "element-6066-11e4-a52e-4f735466cecf": "f.CAA1FE4C08EC3FB8AD3888983C4001B7.d.728B49898D8128A16D8B333025A9BEAB.e.26"
   }, "currentSrc" ],
   "script": "/* getAttribute */return (function(){return (function(){var d=this||self;function f(a,b){function c(){}c.prototype=b.prototype;a.prototype=new c;a.prototype.constructor=a};var h=Array.prototype.indexOf?function(a,b){return Array.prototype.indexOf.call(a,b,void 0)}:function(a,b){if(\"string\"===typeof a)return\"string\"!==typeof b||1!=b.length?-1:a.indexOf(b,0);for(var c=0;c\u003Ca.length;c++)if(c in a&&a[c]===b)return c;return-1},k=Array.prototype.forEach?function(a,b){Array.prototype.forEach.call(a,b,void 0)}:function(a,b){for(var c=a.length,e=\"string\"===typeof a?a.split(\"\"):a,g=0;g\u003Cc;g++)g in e&&b.call(void 0,e[g],g,a)};function l(a,b){this.code=a;this.a=m[a]||n;this.message=b||\"\";a=this.a.replace(/((?:^|\\s+)[a-z])/g,function(c){return c.toUpperCase().replace(/^[\\s\\xa0]+/g,\"\")});b=a.length-5;if(0>b||a.indexOf(\"Error\",b)!=b)a+=\"Error\";this.name=a;a=Error(this.message);a.name=this.name;this.stack=a.stack||\"\"}f(l,Error);var n=\"unknown error\",m={15:\"element not selectable\",11:\"element not visible\"};m[31]=n;m[30]=n;m[24]=\"invalid cookie domain\";m[29]=\"invalid element coordinates\";m[12]=\"invalid element state\";m[32]=\"invalid selector\";\nm[51]=\"invalid selector\";m[52]=\"invalid selector\";m[17]=\"javascript error\";m[405]=\"unsupported operation\";m[34]=\"move target out of bounds\";m[27]=\"no such alert\";m[7]=\"no such element\";m[8]=\"no such frame\";m[23]=\"no such window\";m[28]=\"script timeout\";m[33]=\"session not created\";m[10]=\"stale element reference\";m[21]=\"timeout\";m[25]=\"unable to set cookie\";m[26]=\"unexpected alert open\";m[13]=n;m[9]=\"unknown command\";var p;a:{var q=d.navigator;if(q){var r=q.userAgent;if(r){p=r;break a}}p=\"\"}function t(a){return-1!=p.indexOf(a)};function u(){return t(\"Firefox\")||t(\"FxiOS\")}function v(){return(t(\"Chrome\")||t(\"CriOS\"))&&!t(\"Edge\")};function w(){return t(\"iPhone\")&&!t(\"iPod\")&&!t(\"iPad\")};var y=t(\"Opera\"),z=t(\"Trident\")||t(\"MSIE\"),A=t(\"Edge\"),B=t(\"Gecko\")&&!(-1!=p.toLowerCase().indexOf(\"webkit\")&&!t(\"Edge\"))&&!(t(\"Trident\")||t(\"MSIE\"))&&!t(\"Edge\"),C=-1!=p.toLowerCase().indexOf(\"webkit\")&&!t(\"Edge\");function D(){var a=d.document;return a?a.documentMode:void 0}var E;\na:{var F=\"\",G=function(){var a=p;if(B)return/rv:([^\\);]+)(\\)|;)/.exec(a);if(A)return/Edge\\/([\\d\\.]+)/.exec(a);if(z)return/\\b(?:MSIE|rv)[: ]([^\\);]+)(\\)|;)/.exec(a);if(C)return/WebKit\\/(\\S+)/.exec(a);if(y)return/(?:Version)[ \\/]?(\\S+)/.exec(a)}();G&&(F=G?G[1]:\"\");if(z){var H=D();if(null!=H&&H>parseFloat(F)){E=String(H);break a}}E=F}var I;I=d.document&&z?D():void 0;var J=u(),K=w()||t(\"iPod\"),L=t(\"iPad\"),M=t(\"Android\")&&!(v()||u()||t(\"Opera\")||t(\"Silk\")),N=v(),aa=t(\"Safari\")&&!(v()||t(\"Coast\")||t(\"Opera\")||t(\"Edge\")||t(\"Edg/\")||t(\"OPR\")||u()||t(\"Silk\")||t(\"Android\"))&&!(w()||t(\"iPad\")||t(\"iPod\"));function O(a){return(a=a.exec(p))?a[1]:\"\"}(function(){if(J)return O(/Firefox\\/([0-9.]+)/);if(z||A||y)return E;if(N)return w()||t(\"iPad\")||t(\"iPod\")?O(/CriOS\\/([0-9.]+)/):O(/Chrome\\/([0-9.]+)/);if(aa&&!(w()||t(\"iPad\")||t(\"iPod\")))return O(/Version\\/([0-9.]+)/);if(K||L){var a=/Version\\/(\\S+).*Mobile\\/(\\S+)/.exec(p);if(a)return a[1]+\".\"+a[2]}else if(M)return(a=O(/Android\\s+([0-9.]+)/))?a:O(/Version\\/([0-9.]+)/);return\"\"})();var P=z&&!(8\u003C=Number(I)),ba=z&&!(9\u003C=Number(I));var ca={SCRIPT:1,STYLE:1,HEAD:1,IFRAME:1,OBJECT:1},Q={IMG:\" \",BR:\"\\n\"};function R(a,b,c){if(!(a.nodeName in ca))if(3==a.nodeType)c?b.push(String(a.nodeValue).replace(/(\\r\\n|\\r|\\n)/g,\"\")):b.push(a.nodeValue);else if(a.nodeName in Q)b.push(Q[a.nodeName]);else for(a=a.firstChild;a;)R(a,b,c),a=a.nextSibling};function S(a,b){b=b.toLowerCase();return\"style\"==b?da(a.style.cssText):P&&\"value\"==b&&T(a,\"INPUT\")?a.value:ba&&!0===a[b]?String(a.getAttribute(b)):(a=a.getAttributeNode(b))&&a.specified?a.value:null}var ea=/[;]+(?=(?:(?:[^\"]*\"){2})*[^\"]*$)(?=(?:(?:[^']*'){2})*[^']*$)(?=(?:[^()]*\\([^()]*\\))*[^()]*$)/;\nfunction da(a){var b=[];k(a.split(ea),function(c){var e=c.indexOf(\":\");0\u003Ce&&(c=[c.slice(0,e),c.slice(e+1)],2==c.length&&b.push(c[0].toLowerCase(),\":\",c[1],\";\"))});b=b.join(\"\");return b=\";\"==b.charAt(b.length-1)?b:b+\";\"}function U(a,b){P&&\"value\"==b&&T(a,\"OPTION\")&&null===S(a,\"value\")?(b=[],R(a,b,!1),a=b.join(\"\")):a=a[b];return a}\nfunction T(a,b){b&&\"string\"!==typeof b&&(b=b.toString());return a instanceof HTMLFormElement?!!a&&1==a.nodeType&&(!b||\"FORM\"==b):!!a&&1==a.nodeType&&(!b||a.tagName.toUpperCase()==b)}function V(a){return T(a,\"OPTION\")?!0:T(a,\"INPUT\")?(a=a.type.toLowerCase(),\"checkbox\"==a||\"radio\"==a):!1};var fa={\"class\":\"className\",readonly:\"readOnly\"},ha=\"allowfullscreen allowpaymentrequest allowusermedia async autofocus autoplay checked compact complete controls declare default defaultchecked defaultselected defer disabled ended formnovalidate hidden indeterminate iscontenteditable ismap itemscope loop multiple muted nohref nomodule noresize noshade novalidate nowrap open paused playsinline pubdate readonly required reversed scoped seamless seeking selected truespeed typemustmatch willvalidate\".split(\" \");function W(a,b){var c=null,e=b.toLowerCase();if(\"style\"==e)return(c=a.style)&&\"string\"!=typeof c&&(c=c.cssText),c;if((\"selected\"==e||\"checked\"==e)&&V(a)){if(!V(a))throw new l(15,\"Element is not selectable\");b=\"selected\";c=a.type&&a.type.toLowerCase();if(\"checkbox\"==c||\"radio\"==c)b=\"checked\";return U(a,b)?\"true\":null}var g=T(a,\"A\");if(T(a,\"IMG\")&&\"src\"==e||g&&\"href\"==e)return(c=S(a,e))&&(c=U(a,e)),c;if(\"spellcheck\"==e){c=S(a,e);if(null!==c){if(\"false\"==c.toLowerCase())return\"false\";if(\"true\"==c.toLowerCase())return\"true\"}return U(a,\ne)+\"\"}g=fa[b]||b;if(0\u003C=h(ha,e))return(c=null!==S(a,b)||U(a,g))?\"true\":null;try{var x=U(a,g)}catch(ia){}(e=null==x)||(e=typeof x,e=\"object\"==e&&null!=x||\"function\"==e);e?c=S(a,b):c=x;return null!=c?c.toString():null}var X=[\"se_exportedFunctionSymbol\"],Y=d;X[0]in Y||\"undefined\"==typeof Y.execScript||Y.execScript(\"var \"+X[0]);for(var Z;X.length&&(Z=X.shift());)X.length||void 0===W?Y[Z]&&Y[Z]!==Object.prototype[Z]?Y=Y[Z]:Y=Y[Z]={}:Y[Z]=W;; return this.se_exportedFunctionSymbol.apply(null,arguments);}).apply(window, arguments);}\n).apply(null, arguments);"
}
[1769669278.133][INFO]: Waiting for pending navigations...
[1769669278.133][INFO]: Done waiting for pending navigations. Status: ok
[1769669278.135][INFO]: Waiting for pending navigations...
[1769669278.135][INFO]: Done waiting for pending navigations. Status: ok
[1769669278.135][INFO]: [e9bdbd4df8cae9f7a7b05ef895e65b5c] RESPONSE ExecuteScript "https://gg.asuracomic.net/storage/media/405808/conversions/02-optimized.webp"
[1769669278.136][INFO]: [e9bdbd4df8cae9f7a7b05ef895e65b5c] COMMAND ExecuteScript {
   "args": [ {
      "element-6066-11e4-a52e-4f735466cecf": "f.CAA1FE4C08EC3FB8AD3888983C4001B7.d.728B49898D8128A16D8B333025A9BEAB.e.27"
   }, "alt" ],
   "script": "/* getAttribute */return (function(){return (function(){var d=this||self;function f(a,b){function c(){}c.prototype=b.prototype;a.prototype=new c;a.prototype.constructor=a};var h=Array.prototype.indexOf?function(a,b){return Array.prototype.indexOf.call(a,b,void 0)}:function(a,b){if(\"string\"===typeof a)return\"string\"!==typeof b||1!=b.length?-1:a.indexOf(b,0);for(var c=0;c\u003Ca.length;c++)if(c in a&&a[c]===b)return c;return-1},k=Array.prototype.forEach?function(a,b){Array.prototype.forEach.call(a,b,void 0)}:function(a,b){for(var c=a.length,e=\"string\"===typeof a?a.split(\"\"):a,g=0;g\u003Cc;g++)g in e&&b.call(void 0,e[g],g,a)};function l(a,b){this.code=a;this.a=m[a]||n;this.message=b||\"\";a=this.a.replace(/((?:^|\\s+)[a-z])/g,function(c){return c.toUpperCase().replace(/^[\\s\\xa0]+/g,\"\")});b=a.length-5;if(0>b||a.indexOf(\"Error\",b)!=b)a+=\"Error\";this.name=a;a=Error(this.message);a.name=this.name;this.stack=a.stack||\"\"}f(l,Error);var n=\"unknown error\",m={15:\"element not selectable\",11:\"element not visible\"};m[31]=n;m[30]=n;m[24]=\"invalid cookie domain\";m[29]=\"invalid element coordinates\";m[12]=\"invalid element state\";m[32]=\"invalid selector\";\nm[51]=\"invalid selector\";m[52]=\"invalid selector\";m[17]=\"javascript error\";m[405]=\"unsupported operation\";m[34]=\"move target out of bounds\";m[27]=\"no such alert\";m[7]=\"no such element\";m[8]=\"no such frame\";m[23]=\"no such window\";m[28]=\"script timeout\";m[33]=\"session not created\";m[10]=\"stale element reference\";m[21]=\"timeout\";m[25]=\"unable to set cookie\";m[26]=\"unexpected alert open\";m[13]=n;m[9]=\"unknown command\";var p;a:{var q=d.navigator;if(q){var r=q.userAgent;if(r){p=r;break a}}p=\"\"}function t(a){return-1!=p.indexOf(a)};function u(){return t(\"Firefox\")||t(\"FxiOS\")}function v(){return(t(\"Chrome\")||t(\"CriOS\"))&&!t(\"Edge\")};function w(){return t(\"iPhone\")&&!t(\"iPod\")&&!t(\"iPad\")};var y=t(\"Opera\"),z=t(\"Trident\")||t(\"MSIE\"),A=t(\"Edge\"),B=t(\"Gecko\")&&!(-1!=p.toLowerCase().indexOf(\"webkit\")&&!t(\"Edge\"))&&!(t(\"Trident\")||t(\"MSIE\"))&&!t(\"Edge\"),C=-1!=p.toLowerCase().indexOf(\"webkit\")&&!t(\"Edge\");function D(){var a=d.document;return a?a.documentMode:void 0}var E;\na:{var F=\"\",G=function(){var a=p;if(B)return/rv:([^\\);]+)(\\)|;)/.exec(a);if(A)return/Edge\\/([\\d\\.]+)/.exec(a);if(z)return/\\b(?:MSIE|rv)[: ]([^\\);]+)(\\)|;)/.exec(a);if(C)return/WebKit\\/(\\S+)/.exec(a);if(y)return/(?:Version)[ \\/]?(\\S+)/.exec(a)}();G&&(F=G?G[1]:\"\");if(z){var H=D();if(null!=H&&H>parseFloat(F)){E=String(H);break a}}E=F}var I;I=d.document&&z?D():void 0;var J=u(),K=w()||t(\"iPod\"),L=t(\"iPad\"),M=t(\"Android\")&&!(v()||u()||t(\"Opera\")||t(\"Silk\")),N=v(),aa=t(\"Safari\")&&!(v()||t(\"Coast\")||t(\"Opera\")||t(\"Edge\")||t(\"Edg/\")||t(\"OPR\")||u()||t(\"Silk\")||t(\"Android\"))&&!(w()||t(\"iPad\")||t(\"iPod\"));function O(a){return(a=a.exec(p))?a[1]:\"\"}(function(){if(J)return O(/Firefox\\/([0-9.]+)/);if(z||A||y)return E;if(N)return w()||t(\"iPad\")||t(\"iPod\")?O(/CriOS\\/([0-9.]+)/):O(/Chrome\\/([0-9.]+)/);if(aa&&!(w()||t(\"iPad\")||t(\"iPod\")))return O(/Version\\/([0-9.]+)/);if(K||L){var a=/Version\\/(\\S+).*Mobile\\/(\\S+)/.exec(p);if(a)return a[1]+\".\"+a[2]}else if(M)return(a=O(/Android\\s+([0-9.]+)/))?a:O(/Version\\/([0-9.]+)/);return\"\"})();var P=z&&!(8\u003C=Number(I)),ba=z&&!(9\u003C=Number(I));var ca={SCRIPT:1,STYLE:1,HEAD:1,IFRAME:1,OBJECT:1},Q={IMG:\" \",BR:\"\\n\"};function R(a,b,c){if(!(a.nodeName in ca))if(3==a.nodeType)c?b.push(String(a.nodeValue).replace(/(\\r\\n|\\r|\\n)/g,\"\")):b.push(a.nodeValue);else if(a.nodeName in Q)b.push(Q[a.nodeName]);else for(a=a.firstChild;a;)R(a,b,c),a=a.nextSibling};function S(a,b){b=b.toLowerCase();return\"style\"==b?da(a.style.cssText):P&&\"value\"==b&&T(a,\"INPUT\")?a.value:ba&&!0===a[b]?String(a.getAttribute(b)):(a=a.getAttributeNode(b))&&a.specified?a.value:null}var ea=/[;]+(?=(?:(?:[^\"]*\"){2})*[^\"]*$)(?=(?:(?:[^']*'){2})*[^']*$)(?=(?:[^()]*\\([^()]*\\))*[^()]*$)/;\nfunction da(a){var b=[];k(a.split(ea),function(c){var e=c.indexOf(\":\");0\u003Ce&&(c=[c.slice(0,e),c.slice(e+1)],2==c.length&&b.push(c[0].toLowerCase(),\":\",c[1],\";\"))});b=b.join(\"\");return b=\";\"==b.charAt(b.length-1)?b:b+\";\"}function U(a,b){P&&\"value\"==b&&T(a,\"OPTION\")&&null===S(a,\"value\")?(b=[],R(a,b,!1),a=b.join(\"\")):a=a[b];return a}\nfunction T(a,b){b&&\"string\"!==typeof b&&(b=b.toString());return a instanceof HTMLFormElement?!!a&&1==a.nodeType&&(!b||\"FORM\"==b):!!a&&1==a.nodeType&&(!b||a.tagName.toUpperCase()==b)}function V(a){return T(a,\"OPTION\")?!0:T(a,\"INPUT\")?(a=a.type.toLowerCase(),\"checkbox\"==a||\"radio\"==a):!1};var fa={\"class\":\"className\",readonly:\"readOnly\"},ha=\"allowfullscreen allowpaymentrequest allowusermedia async autofocus autoplay checked compact complete controls declare default defaultchecked defaultselected defer disabled ended formnovalidate hidden indeterminate iscontenteditable ismap itemscope loop multiple muted nohref nomodule noresize noshade novalidate nowrap open paused playsinline pubdate readonly required reversed scoped seamless seeking selected truespeed typemustmatch willvalidate\".split(\" \");function W(a,b){var c=null,e=b.toLowerCase();if(\"style\"==e)return(c=a.style)&&\"string\"!=typeof c&&(c=c.cssText),c;if((\"selected\"==e||\"checked\"==e)&&V(a)){if(!V(a))throw new l(15,\"Element is not selectable\");b=\"selected\";c=a.type&&a.type.toLowerCase();if(\"checkbox\"==c||\"radio\"==c)b=\"checked\";return U(a,b)?\"true\":null}var g=T(a,\"A\");if(T(a,\"IMG\")&&\"src\"==e||g&&\"href\"==e)return(c=S(a,e))&&(c=U(a,e)),c;if(\"spellcheck\"==e){c=S(a,e);if(null!==c){if(\"false\"==c.toLowerCase())return\"false\";if(\"true\"==c.toLowerCase())return\"true\"}return U(a,\ne)+\"\"}g=fa[b]||b;if(0\u003C=h(ha,e))return(c=null!==S(a,b)||U(a,g))?\"true\":null;try{var x=U(a,g)}catch(ia){}(e=null==x)||(e=typeof x,e=\"object\"==e&&null!=x||\"function\"==e);e?c=S(a,b):c=x;return null!=c?c.toString():null}var X=[\"se_exportedFunctionSymbol\"],Y=d;X[0]in Y||\"undefined\"==typeof Y.execScript||Y.execScript(\"var \"+X[0]);for(var Z;X.length&&(Z=X.shift());)X.length||void 0===W?Y[Z]&&Y[Z]!==Object.prototype[Z]?Y=Y[Z]:Y=Y[Z]={}:Y[Z]=W;; return this.se_exportedFunctionSymbol.apply(null,arguments);}).apply(window, arguments);}\n).apply(null, arguments);"
}
[1769669278.136][INFO]: Waiting for pending navigations...
[1769669278.136][INFO]: Done waiting for pending navigations. Status: ok
[1769669278.138][INFO]: Waiting for pending navigations...
[1769669278.138][INFO]: Done waiting for pending navigations. Status: ok
[1769669278.138][INFO]: [e9bdbd4df8cae9f7a7b05ef895e65b5c] RESPONSE ExecuteScript "chapter page 4"
[1769669278.139][INFO]: [e9bdbd4df8cae9f7a7b05ef895e65b5c] COMMAND ExecuteScript {
   "args": [ {
      "element-6066-11e4-a52e-4f735466cecf": "f.CAA1FE4C08EC3FB8AD3888983C4001B7.d.728B49898D8128A16D8B333025A9BEAB.e.27"
   }, "currentSrc" ],
   "script": "/* getAttribute */return (function(){return (function(){var d=this||self;function f(a,b){function c(){}c.prototype=b.prototype;a.prototype=new c;a.prototype.constructor=a};var h=Array.prototype.indexOf?function(a,b){return Array.prototype.indexOf.call(a,b,void 0)}:function(a,b){if(\"string\"===typeof a)return\"string\"!==typeof b||1!=b.length?-1:a.indexOf(b,0);for(var c=0;c\u003Ca.length;c++)if(c in a&&a[c]===b)return c;return-1},k=Array.prototype.forEach?function(a,b){Array.prototype.forEach.call(a,b,void 0)}:function(a,b){for(var c=a.length,e=\"string\"===typeof a?a.split(\"\"):a,g=0;g\u003Cc;g++)g in e&&b.call(void 0,e[g],g,a)};function l(a,b){this.code=a;this.a=m[a]||n;this.message=b||\"\";a=this.a.replace(/((?:^|\\s+)[a-z])/g,function(c){return c.toUpperCase().replace(/^[\\s\\xa0]+/g,\"\")});b=a.length-5;if(0>b||a.indexOf(\"Error\",b)!=b)a+=\"Error\";this.name=a;a=Error(this.message);a.name=this.name;this.stack=a.stack||\"\"}f(l,Error);var n=\"unknown error\",m={15:\"element not selectable\",11:\"element not visible\"};m[31]=n;m[30]=n;m[24]=\"invalid cookie domain\";m[29]=\"invalid element coordinates\";m[12]=\"invalid element state\";m[32]=\"invalid selector\";\nm[51]=\"invalid selector\";m[52]=\"invalid selector\";m[17]=\"javascript error\";m[405]=\"unsupported operation\";m[34]=\"move target out of bounds\";m[27]=\"no such alert\";m[7]=\"no such element\";m[8]=\"no such frame\";m[23]=\"no such window\";m[28]=\"script timeout\";m[33]=\"session not created\";m[10]=\"stale element reference\";m[21]=\"timeout\";m[25]=\"unable to set cookie\";m[26]=\"unexpected alert open\";m[13]=n;m[9]=\"unknown command\";var p;a:{var q=d.navigator;if(q){var r=q.userAgent;if(r){p=r;break a}}p=\"\"}function t(a){return-1!=p.indexOf(a)};function u(){return t(\"Firefox\")||t(\"FxiOS\")}function v(){return(t(\"Chrome\")||t(\"CriOS\"))&&!t(\"Edge\")};function w(){return t(\"iPhone\")&&!t(\"iPod\")&&!t(\"iPad\")};var y=t(\"Opera\"),z=t(\"Trident\")||t(\"MSIE\"),A=t(\"Edge\"),B=t(\"Gecko\")&&!(-1!=p.toLowerCase().indexOf(\"webkit\")&&!t(\"Edge\"))&&!(t(\"Trident\")||t(\"MSIE\"))&&!t(\"Edge\"),C=-1!=p.toLowerCase().indexOf(\"webkit\")&&!t(\"Edge\");function D(){var a=d.document;return a?a.documentMode:void 0}var E;\na:{var F=\"\",G=function(){var a=p;if(B)return/rv:([^\\);]+)(\\)|;)/.exec(a);if(A)return/Edge\\/([\\d\\.]+)/.exec(a);if(z)return/\\b(?:MSIE|rv)[: ]([^\\);]+)(\\)|;)/.exec(a);if(C)return/WebKit\\/(\\S+)/.exec(a);if(y)return/(?:Version)[ \\/]?(\\S+)/.exec(a)}();G&&(F=G?G[1]:\"\");if(z){var H=D();if(null!=H&&H>parseFloat(F)){E=String(H);break a}}E=F}var I;I=d.document&&z?D():void 0;var J=u(),K=w()||t(\"iPod\"),L=t(\"iPad\"),M=t(\"Android\")&&!(v()||u()||t(\"Opera\")||t(\"Silk\")),N=v(),aa=t(\"Safari\")&&!(v()||t(\"Coast\")||t(\"Opera\")||t(\"Edge\")||t(\"Edg/\")||t(\"OPR\")||u()||t(\"Silk\")||t(\"Android\"))&&!(w()||t(\"iPad\")||t(\"iPod\"));function O(a){return(a=a.exec(p))?a[1]:\"\"}(function(){if(J)return O(/Firefox\\/([0-9.]+)/);if(z||A||y)return E;if(N)return w()||t(\"iPad\")||t(\"iPod\")?O(/CriOS\\/([0-9.]+)/):O(/Chrome\\/([0-9.]+)/);if(aa&&!(w()||t(\"iPad\")||t(\"iPod\")))return O(/Version\\/([0-9.]+)/);if(K||L){var a=/Version\\/(\\S+).*Mobile\\/(\\S+)/.exec(p);if(a)return a[1]+\".\"+a[2]}else if(M)return(a=O(/Android\\s+([0-9.]+)/))?a:O(/Version\\/([0-9.]+)/);return\"\"})();var P=z&&!(8\u003C=Number(I)),ba=z&&!(9\u003C=Number(I));var ca={SCRIPT:1,STYLE:1,HEAD:1,IFRAME:1,OBJECT:1},Q={IMG:\" \",BR:\"\\n\"};function R(a,b,c){if(!(a.nodeName in ca))if(3==a.nodeType)c?b.push(String(a.nodeValue).replace(/(\\r\\n|\\r|\\n)/g,\"\")):b.push(a.nodeValue);else if(a.nodeName in Q)b.push(Q[a.nodeName]);else for(a=a.firstChild;a;)R(a,b,c),a=a.nextSibling};function S(a,b){b=b.toLowerCase();return\"style\"==b?da(a.style.cssText):P&&\"value\"==b&&T(a,\"INPUT\")?a.value:ba&&!0===a[b]?String(a.getAttribute(b)):(a=a.getAttributeNode(b))&&a.specified?a.value:null}var ea=/[;]+(?=(?:(?:[^\"]*\"){2})*[^\"]*$)(?=(?:(?:[^']*'){2})*[^']*$)(?=(?:[^()]*\\([^()]*\\))*[^()]*$)/;\nfunction da(a){var b=[];k(a.split(ea),function(c){var e=c.indexOf(\":\");0\u003Ce&&(c=[c.slice(0,e),c.slice(e+1)],2==c.length&&b.push(c[0].toLowerCase(),\":\",c[1],\";\"))});b=b.join(\"\");return b=\";\"==b.charAt(b.length-1)?b:b+\";\"}function U(a,b){P&&\"value\"==b&&T(a,\"OPTION\")&&null===S(a,\"value\")?(b=[],R(a,b,!1),a=b.join(\"\")):a=a[b];return a}\nfunction T(a,b){b&&\"string\"!==typeof b&&(b=b.toString());return a instanceof HTMLFormElement?!!a&&1==a.nodeType&&(!b||\"FORM\"==b):!!a&&1==a.nodeType&&(!b||a.tagName.toUpperCase()==b)}function V(a){return T(a,\"OPTION\")?!0:T(a,\"INPUT\")?(a=a.type.toLowerCase(),\"checkbox\"==a||\"radio\"==a):!1};var fa={\"class\":\"className\",readonly:\"readOnly\"},ha=\"allowfullscreen allowpaymentrequest allowusermedia async autofocus autoplay checked compact complete controls declare default defaultchecked defaultselected defer disabled ended formnovalidate hidden indeterminate iscontenteditable ismap itemscope loop multiple muted nohref nomodule noresize noshade novalidate nowrap open paused playsinline pubdate readonly required reversed scoped seamless seeking selected truespeed typemustmatch willvalidate\".split(\" \");function W(a,b){var c=null,e=b.toLowerCase();if(\"style\"==e)return(c=a.style)&&\"string\"!=typeof c&&(c=c.cssText),c;if((\"selected\"==e||\"checked\"==e)&&V(a)){if(!V(a))throw new l(15,\"Element is not selectable\");b=\"selected\";c=a.type&&a.type.toLowerCase();if(\"checkbox\"==c||\"radio\"==c)b=\"checked\";return U(a,b)?\"true\":null}var g=T(a,\"A\");if(T(a,\"IMG\")&&\"src\"==e||g&&\"href\"==e)return(c=S(a,e))&&(c=U(a,e)),c;if(\"spellcheck\"==e){c=S(a,e);if(null!==c){if(\"false\"==c.toLowerCase())return\"false\";if(\"true\"==c.toLowerCase())return\"true\"}return U(a,\ne)+\"\"}g=fa[b]||b;if(0\u003C=h(ha,e))return(c=null!==S(a,b)||U(a,g))?\"true\":null;try{var x=U(a,g)}catch(ia){}(e=null==x)||(e=typeof x,e=\"object\"==e&&null!=x||\"function\"==e);e?c=S(a,b):c=x;return null!=c?c.toString():null}var X=[\"se_exportedFunctionSymbol\"],Y=d;X[0]in Y||\"undefined\"==typeof Y.execScript||Y.execScript(\"var \"+X[0]);for(var Z;X.length&&(Z=X.shift());)X.length||void 0===W?Y[Z]&&Y[Z]!==Object.prototype[Z]?Y=Y[Z]:Y=Y[Z]={}:Y[Z]=W;; return this.se_exportedFunctionSymbol.apply(null,arguments);}).apply(window, arguments);}\n).apply(null, arguments);"
}
[1769669278.139][INFO]: Waiting for pending navigations...
[1769669278.139][INFO]: Done waiting for pending navigations. Status: ok
[1769669278.141][INFO]: Waiting for pending navigations...
[1769669278.141][INFO]: Done waiting for pending navigations. Status: ok
[1769669278.141][INFO]: [e9bdbd4df8cae9f7a7b05ef895e65b5c] RESPONSE ExecuteScript "https://gg.asuracomic.net/storage/media/405809/conversions/03-optimized.webp"
[1769669278.142][INFO]: [e9bdbd4df8cae9f7a7b05ef895e65b5c] COMMAND ExecuteScript {
   "args": [ {
      "element-6066-11e4-a52e-4f735466cecf": "f.CAA1FE4C08EC3FB8AD3888983C4001B7.d.728B49898D8128A16D8B333025A9BEAB.e.28"
   }, "alt" ],
   "script": "/* getAttribute */return (function(){return (function(){var d=this||self;function f(a,b){function c(){}c.prototype=b.prototype;a.prototype=new c;a.prototype.constructor=a};var h=Array.prototype.indexOf?function(a,b){return Array.prototype.indexOf.call(a,b,void 0)}:function(a,b){if(\"string\"===typeof a)return\"string\"!==typeof b||1!=b.length?-1:a.indexOf(b,0);for(var c=0;c\u003Ca.length;c++)if(c in a&&a[c]===b)return c;return-1},k=Array.prototype.forEach?function(a,b){Array.prototype.forEach.call(a,b,void 0)}:function(a,b){for(var c=a.length,e=\"string\"===typeof a?a.split(\"\"):a,g=0;g\u003Cc;g++)g in e&&b.call(void 0,e[g],g,a)};function l(a,b){this.code=a;this.a=m[a]||n;this.message=b||\"\";a=this.a.replace(/((?:^|\\s+)[a-z])/g,function(c){return c.toUpperCase().replace(/^[\\s\\xa0]+/g,\"\")});b=a.length-5;if(0>b||a.indexOf(\"Error\",b)!=b)a+=\"Error\";this.name=a;a=Error(this.message);a.name=this.name;this.stack=a.stack||\"\"}f(l,Error);var n=\"unknown error\",m={15:\"element not selectable\",11:\"element not visible\"};m[31]=n;m[30]=n;m[24]=\"invalid cookie domain\";m[29]=\"invalid element coordinates\";m[12]=\"invalid element state\";m[32]=\"invalid selector\";\nm[51]=\"invalid selector\";m[52]=\"invalid selector\";m[17]=\"javascript error\";m[405]=\"unsupported operation\";m[34]=\"move target out of bounds\";m[27]=\"no such alert\";m[7]=\"no such element\";m[8]=\"no such frame\";m[23]=\"no such window\";m[28]=\"script timeout\";m[33]=\"session not created\";m[10]=\"stale element reference\";m[21]=\"timeout\";m[25]=\"unable to set cookie\";m[26]=\"unexpected alert open\";m[13]=n;m[9]=\"unknown command\";var p;a:{var q=d.navigator;if(q){var r=q.userAgent;if(r){p=r;break a}}p=\"\"}function t(a){return-1!=p.indexOf(a)};function u(){return t(\"Firefox\")||t(\"FxiOS\")}function v(){return(t(\"Chrome\")||t(\"CriOS\"))&&!t(\"Edge\")};function w(){return t(\"iPhone\")&&!t(\"iPod\")&&!t(\"iPad\")};var y=t(\"Opera\"),z=t(\"Trident\")||t(\"MSIE\"),A=t(\"Edge\"),B=t(\"Gecko\")&&!(-1!=p.toLowerCase().indexOf(\"webkit\")&&!t(\"Edge\"))&&!(t(\"Trident\")||t(\"MSIE\"))&&!t(\"Edge\"),C=-1!=p.toLowerCase().indexOf(\"webkit\")&&!t(\"Edge\");function D(){var a=d.document;return a?a.documentMode:void 0}var E;\na:{var F=\"\",G=function(){var a=p;if(B)return/rv:([^\\);]+)(\\)|;)/.exec(a);if(A)return/Edge\\/([\\d\\.]+)/.exec(a);if(z)return/\\b(?:MSIE|rv)[: ]([^\\);]+)(\\)|;)/.exec(a);if(C)return/WebKit\\/(\\S+)/.exec(a);if(y)return/(?:Version)[ \\/]?(\\S+)/.exec(a)}();G&&(F=G?G[1]:\"\");if(z){var H=D();if(null!=H&&H>parseFloat(F)){E=String(H);break a}}E=F}var I;I=d.document&&z?D():void 0;var J=u(),K=w()||t(\"iPod\"),L=t(\"iPad\"),M=t(\"Android\")&&!(v()||u()||t(\"Opera\")||t(\"Silk\")),N=v(),aa=t(\"Safari\")&&!(v()||t(\"Coast\")||t(\"Opera\")||t(\"Edge\")||t(\"Edg/\")||t(\"OPR\")||u()||t(\"Silk\")||t(\"Android\"))&&!(w()||t(\"iPad\")||t(\"iPod\"));function O(a){return(a=a.exec(p))?a[1]:\"\"}(function(){if(J)return O(/Firefox\\/([0-9.]+)/);if(z||A||y)return E;if(N)return w()||t(\"iPad\")||t(\"iPod\")?O(/CriOS\\/([0-9.]+)/):O(/Chrome\\/([0-9.]+)/);if(aa&&!(w()||t(\"iPad\")||t(\"iPod\")))return O(/Version\\/([0-9.]+)/);if(K||L){var a=/Version\\/(\\S+).*Mobile\\/(\\S+)/.exec(p);if(a)return a[1]+\".\"+a[2]}else if(M)return(a=O(/Android\\s+([0-9.]+)/))?a:O(/Version\\/([0-9.]+)/);return\"\"})();var P=z&&!(8\u003C=Number(I)),ba=z&&!(9\u003C=Number(I));var ca={SCRIPT:1,STYLE:1,HEAD:1,IFRAME:1,OBJECT:1},Q={IMG:\" \",BR:\"\\n\"};function R(a,b,c){if(!(a.nodeName in ca))if(3==a.nodeType)c?b.push(String(a.nodeValue).replace(/(\\r\\n|\\r|\\n)/g,\"\")):b.push(a.nodeValue);else if(a.nodeName in Q)b.push(Q[a.nodeName]);else for(a=a.firstChild;a;)R(a,b,c),a=a.nextSibling};function S(a,b){b=b.toLowerCase();return\"style\"==b?da(a.style.cssText):P&&\"value\"==b&&T(a,\"INPUT\")?a.value:ba&&!0===a[b]?String(a.getAttribute(b)):(a=a.getAttributeNode(b))&&a.specified?a.value:null}var ea=/[;]+(?=(?:(?:[^\"]*\"){2})*[^\"]*$)(?=(?:(?:[^']*'){2})*[^']*$)(?=(?:[^()]*\\([^()]*\\))*[^()]*$)/;\nfunction da(a){var b=[];k(a.split(ea),function(c){var e=c.indexOf(\":\");0\u003Ce&&(c=[c.slice(0,e),c.slice(e+1)],2==c.length&&b.push(c[0].toLowerCase(),\":\",c[1],\";\"))});b=b.join(\"\");return b=\";\"==b.charAt(b.length-1)?b:b+\";\"}function U(a,b){P&&\"value\"==b&&T(a,\"OPTION\")&&null===S(a,\"value\")?(b=[],R(a,b,!1),a=b.join(\"\")):a=a[b];return a}\nfunction T(a,b){b&&\"string\"!==typeof b&&(b=b.toString());return a instanceof HTMLFormElement?!!a&&1==a.nodeType&&(!b||\"FORM\"==b):!!a&&1==a.nodeType&&(!b||a.tagName.toUpperCase()==b)}function V(a){return T(a,\"OPTION\")?!0:T(a,\"INPUT\")?(a=a.type.toLowerCase(),\"checkbox\"==a||\"radio\"==a):!1};var fa={\"class\":\"className\",readonly:\"readOnly\"},ha=\"allowfullscreen allowpaymentrequest allowusermedia async autofocus autoplay checked compact complete controls declare default defaultchecked defaultselected defer disabled ended formnovalidate hidden indeterminate iscontenteditable ismap itemscope loop multiple muted nohref nomodule noresize noshade novalidate nowrap open paused playsinline pubdate readonly required reversed scoped seamless seeking selected truespeed typemustmatch willvalidate\".split(\" \");function W(a,b){var c=null,e=b.toLowerCase();if(\"style\"==e)return(c=a.style)&&\"string\"!=typeof c&&(c=c.cssText),c;if((\"selected\"==e||\"checked\"==e)&&V(a)){if(!V(a))throw new l(15,\"Element is not selectable\");b=\"selected\";c=a.type&&a.type.toLowerCase();if(\"checkbox\"==c||\"radio\"==c)b=\"checked\";return U(a,b)?\"true\":null}var g=T(a,\"A\");if(T(a,\"IMG\")&&\"src\"==e||g&&\"href\"==e)return(c=S(a,e))&&(c=U(a,e)),c;if(\"spellcheck\"==e){c=S(a,e);if(null!==c){if(\"false\"==c.toLowerCase())return\"false\";if(\"true\"==c.toLowerCase())return\"true\"}return U(a,\ne)+\"\"}g=fa[b]||b;if(0\u003C=h(ha,e))return(c=null!==S(a,b)||U(a,g))?\"true\":null;try{var x=U(a,g)}catch(ia){}(e=null==x)||(e=typeof x,e=\"object\"==e&&null!=x||\"function\"==e);e?c=S(a,b):c=x;return null!=c?c.toString():null}var X=[\"se_exportedFunctionSymbol\"],Y=d;X[0]in Y||\"undefined\"==typeof Y.execScript||Y.execScript(\"var \"+X[0]);for(var Z;X.length&&(Z=X.shift());)X.length||void 0===W?Y[Z]&&Y[Z]!==Object.prototype[Z]?Y=Y[Z]:Y=Y[Z]={}:Y[Z]=W;; return this.se_exportedFunctionSymbol.apply(null,arguments);}).apply(window, arguments);}\n).apply(null, arguments);"
}
[1769669278.142][INFO]: Waiting for pending navigations...
[1769669278.142][INFO]: Done waiting for pending navigations. Status: ok
[1769669278.144][INFO]: Waiting for pending navigations...
[1769669278.144][INFO]: Done waiting for pending navigations. Status: ok
[1769669278.144][INFO]: [e9bdbd4df8cae9f7a7b05ef895e65b5c] RESPONSE ExecuteScript "chapter page 5"
[1769669278.145][INFO]: [e9bdbd4df8cae9f7a7b05ef895e65b5c] COMMAND ExecuteScript {
   "args": [ {
      "element-6066-11e4-a52e-4f735466cecf": "f.CAA1FE4C08EC3FB8AD3888983C4001B7.d.728B49898D8128A16D8B333025A9BEAB.e.28"
   }, "currentSrc" ],
   "script": "/* getAttribute */return (function(){return (function(){var d=this||self;function f(a,b){function c(){}c.prototype=b.prototype;a.prototype=new c;a.prototype.constructor=a};var h=Array.prototype.indexOf?function(a,b){return Array.prototype.indexOf.call(a,b,void 0)}:function(a,b){if(\"string\"===typeof a)return\"string\"!==typeof b||1!=b.length?-1:a.indexOf(b,0);for(var c=0;c\u003Ca.length;c++)if(c in a&&a[c]===b)return c;return-1},k=Array.prototype.forEach?function(a,b){Array.prototype.forEach.call(a,b,void 0)}:function(a,b){for(var c=a.length,e=\"string\"===typeof a?a.split(\"\"):a,g=0;g\u003Cc;g++)g in e&&b.call(void 0,e[g],g,a)};function l(a,b){this.code=a;this.a=m[a]||n;this.message=b||\"\";a=this.a.replace(/((?:^|\\s+)[a-z])/g,function(c){return c.toUpperCase().replace(/^[\\s\\xa0]+/g,\"\")});b=a.length-5;if(0>b||a.indexOf(\"Error\",b)!=b)a+=\"Error\";this.name=a;a=Error(this.message);a.name=this.name;this.stack=a.stack||\"\"}f(l,Error);var n=\"unknown error\",m={15:\"element not selectable\",11:\"element not visible\"};m[31]=n;m[30]=n;m[24]=\"invalid cookie domain\";m[29]=\"invalid element coordinates\";m[12]=\"invalid element state\";m[32]=\"invalid selector\";\nm[51]=\"invalid selector\";m[52]=\"invalid selector\";m[17]=\"javascript error\";m[405]=\"unsupported operation\";m[34]=\"move target out of bounds\";m[27]=\"no such alert\";m[7]=\"no such element\";m[8]=\"no such frame\";m[23]=\"no such window\";m[28]=\"script timeout\";m[33]=\"session not created\";m[10]=\"stale element reference\";m[21]=\"timeout\";m[25]=\"unable to set cookie\";m[26]=\"unexpected alert open\";m[13]=n;m[9]=\"unknown command\";var p;a:{var q=d.navigator;if(q){var r=q.userAgent;if(r){p=r;break a}}p=\"\"}function t(a){return-1!=p.indexOf(a)};function u(){return t(\"Firefox\")||t(\"FxiOS\")}function v(){return(t(\"Chrome\")||t(\"CriOS\"))&&!t(\"Edge\")};function w(){return t(\"iPhone\")&&!t(\"iPod\")&&!t(\"iPad\")};var y=t(\"Opera\"),z=t(\"Trident\")||t(\"MSIE\"),A=t(\"Edge\"),B=t(\"Gecko\")&&!(-1!=p.toLowerCase().indexOf(\"webkit\")&&!t(\"Edge\"))&&!(t(\"Trident\")||t(\"MSIE\"))&&!t(\"Edge\"),C=-1!=p.toLowerCase().indexOf(\"webkit\")&&!t(\"Edge\");function D(){var a=d.document;return a?a.documentMode:void 0}var E;\na:{var F=\"\",G=function(){var a=p;if(B)return/rv:([^\\);]+)(\\)|;)/.exec(a);if(A)return/Edge\\/([\\d\\.]+)/.exec(a);if(z)return/\\b(?:MSIE|rv)[: ]([^\\);]+)(\\)|;)/.exec(a);if(C)return/WebKit\\/(\\S+)/.exec(a);if(y)return/(?:Version)[ \\/]?(\\S+)/.exec(a)}();G&&(F=G?G[1]:\"\");if(z){var H=D();if(null!=H&&H>parseFloat(F)){E=String(H);break a}}E=F}var I;I=d.document&&z?D():void 0;var J=u(),K=w()||t(\"iPod\"),L=t(\"iPad\"),M=t(\"Android\")&&!(v()||u()||t(\"Opera\")||t(\"Silk\")),N=v(),aa=t(\"Safari\")&&!(v()||t(\"Coast\")||t(\"Opera\")||t(\"Edge\")||t(\"Edg/\")||t(\"OPR\")||u()||t(\"Silk\")||t(\"Android\"))&&!(w()||t(\"iPad\")||t(\"iPod\"));function O(a){return(a=a.exec(p))?a[1]:\"\"}(function(){if(J)return O(/Firefox\\/([0-9.]+)/);if(z||A||y)return E;if(N)return w()||t(\"iPad\")||t(\"iPod\")?O(/CriOS\\/([0-9.]+)/):O(/Chrome\\/([0-9.]+)/);if(aa&&!(w()||t(\"iPad\")||t(\"iPod\")))return O(/Version\\/([0-9.]+)/);if(K||L){var a=/Version\\/(\\S+).*Mobile\\/(\\S+)/.exec(p);if(a)return a[1]+\".\"+a[2]}else if(M)return(a=O(/Android\\s+([0-9.]+)/))?a:O(/Version\\/([0-9.]+)/);return\"\"})();var P=z&&!(8\u003C=Number(I)),ba=z&&!(9\u003C=Number(I));var ca={SCRIPT:1,STYLE:1,HEAD:1,IFRAME:1,OBJECT:1},Q={IMG:\" \",BR:\"\\n\"};function R(a,b,c){if(!(a.nodeName in ca))if(3==a.nodeType)c?b.push(String(a.nodeValue).replace(/(\\r\\n|\\r|\\n)/g,\"\")):b.push(a.nodeValue);else if(a.nodeName in Q)b.push(Q[a.nodeName]);else for(a=a.firstChild;a;)R(a,b,c),a=a.nextSibling};function S(a,b){b=b.toLowerCase();return\"style\"==b?da(a.style.cssText):P&&\"value\"==b&&T(a,\"INPUT\")?a.value:ba&&!0===a[b]?String(a.getAttribute(b)):(a=a.getAttributeNode(b))&&a.specified?a.value:null}var ea=/[;]+(?=(?:(?:[^\"]*\"){2})*[^\"]*$)(?=(?:(?:[^']*'){2})*[^']*$)(?=(?:[^()]*\\([^()]*\\))*[^()]*$)/;\nfunction da(a){var b=[];k(a.split(ea),function(c){var e=c.indexOf(\":\");0\u003Ce&&(c=[c.slice(0,e),c.slice(e+1)],2==c.length&&b.push(c[0].toLowerCase(),\":\",c[1],\";\"))});b=b.join(\"\");return b=\";\"==b.charAt(b.length-1)?b:b+\";\"}function U(a,b){P&&\"value\"==b&&T(a,\"OPTION\")&&null===S(a,\"value\")?(b=[],R(a,b,!1),a=b.join(\"\")):a=a[b];return a}\nfunction T(a,b){b&&\"string\"!==typeof b&&(b=b.toString());return a instanceof HTMLFormElement?!!a&&1==a.nodeType&&(!b||\"FORM\"==b):!!a&&1==a.nodeType&&(!b||a.tagName.toUpperCase()==b)}function V(a){return T(a,\"OPTION\")?!0:T(a,\"INPUT\")?(a=a.type.toLowerCase(),\"checkbox\"==a||\"radio\"==a):!1};var fa={\"class\":\"className\",readonly:\"readOnly\"},ha=\"allowfullscreen allowpaymentrequest allowusermedia async autofocus autoplay checked compact complete controls declare default defaultchecked defaultselected defer disabled ended formnovalidate hidden indeterminate iscontenteditable ismap itemscope loop multiple muted nohref nomodule noresize noshade novalidate nowrap open paused playsinline pubdate readonly required reversed scoped seamless seeking selected truespeed typemustmatch willvalidate\".split(\" \");function W(a,b){var c=null,e=b.toLowerCase();if(\"style\"==e)return(c=a.style)&&\"string\"!=typeof c&&(c=c.cssText),c;if((\"selected\"==e||\"checked\"==e)&&V(a)){if(!V(a))throw new l(15,\"Element is not selectable\");b=\"selected\";c=a.type&&a.type.toLowerCase();if(\"checkbox\"==c||\"radio\"==c)b=\"checked\";return U(a,b)?\"true\":null}var g=T(a,\"A\");if(T(a,\"IMG\")&&\"src\"==e||g&&\"href\"==e)return(c=S(a,e))&&(c=U(a,e)),c;if(\"spellcheck\"==e){c=S(a,e);if(null!==c){if(\"false\"==c.toLowerCase())return\"false\";if(\"true\"==c.toLowerCase())return\"true\"}return U(a,\ne)+\"\"}g=fa[b]||b;if(0\u003C=h(ha,e))return(c=null!==S(a,b)||U(a,g))?\"true\":null;try{var x=U(a,g)}catch(ia){}(e=null==x)||(e=typeof x,e=\"object\"==e&&null!=x||\"function\"==e);e?c=S(a,b):c=x;return null!=c?c.toString():null}var X=[\"se_exportedFunctionSymbol\"],Y=d;X[0]in Y||\"undefined\"==typeof Y.execScript||Y.execScript(\"var \"+X[0]);for(var Z;X.length&&(Z=X.shift());)X.length||void 0===W?Y[Z]&&Y[Z]!==Object.prototype[Z]?Y=Y[Z]:Y=Y[Z]={}:Y[Z]=W;; return this.se_exportedFunctionSymbol.apply(null,arguments);}).apply(window, arguments);}\n).apply(null, arguments);"
}
[1769669278.145][INFO]: Waiting for pending navigations...
[1769669278.145][INFO]: Done waiting for pending navigations. Status: ok
[1769669278.147][INFO]: Waiting for pending navigations...
[1769669278.148][INFO]: Done waiting for pending navigations. Status: ok
[1769669278.148][INFO]: [e9bdbd4df8cae9f7a7b05ef895e65b5c] RESPONSE ExecuteScript "https://gg.asuracomic.net/storage/media/405810/conversions/04-optimized.webp"
[1769669278.148][INFO]: [e9bdbd4df8cae9f7a7b05ef895e65b5c] COMMAND ExecuteScript {
   "args": [ {
      "element-6066-11e4-a52e-4f735466cecf": "f.CAA1FE4C08EC3FB8AD3888983C4001B7.d.728B49898D8128A16D8B333025A9BEAB.e.29"
   }, "alt" ],
   "script": "/* getAttribute */return (function(){return (function(){var d=this||self;function f(a,b){function c(){}c.prototype=b.prototype;a.prototype=new c;a.prototype.constructor=a};var h=Array.prototype.indexOf?function(a,b){return Array.prototype.indexOf.call(a,b,void 0)}:function(a,b){if(\"string\"===typeof a)return\"string\"!==typeof b||1!=b.length?-1:a.indexOf(b,0);for(var c=0;c\u003Ca.length;c++)if(c in a&&a[c]===b)return c;return-1},k=Array.prototype.forEach?function(a,b){Array.prototype.forEach.call(a,b,void 0)}:function(a,b){for(var c=a.length,e=\"string\"===typeof a?a.split(\"\"):a,g=0;g\u003Cc;g++)g in e&&b.call(void 0,e[g],g,a)};function l(a,b){this.code=a;this.a=m[a]||n;this.message=b||\"\";a=this.a.replace(/((?:^|\\s+)[a-z])/g,function(c){return c.toUpperCase().replace(/^[\\s\\xa0]+/g,\"\")});b=a.length-5;if(0>b||a.indexOf(\"Error\",b)!=b)a+=\"Error\";this.name=a;a=Error(this.message);a.name=this.name;this.stack=a.stack||\"\"}f(l,Error);var n=\"unknown error\",m={15:\"element not selectable\",11:\"element not visible\"};m[31]=n;m[30]=n;m[24]=\"invalid cookie domain\";m[29]=\"invalid element coordinates\";m[12]=\"invalid element state\";m[32]=\"invalid selector\";\nm[51]=\"invalid selector\";m[52]=\"invalid selector\";m[17]=\"javascript error\";m[405]=\"unsupported operation\";m[34]=\"move target out of bounds\";m[27]=\"no such alert\";m[7]=\"no such element\";m[8]=\"no such frame\";m[23]=\"no such window\";m[28]=\"script timeout\";m[33]=\"session not created\";m[10]=\"stale element reference\";m[21]=\"timeout\";m[25]=\"unable to set cookie\";m[26]=\"unexpected alert open\";m[13]=n;m[9]=\"unknown command\";var p;a:{var q=d.navigator;if(q){var r=q.userAgent;if(r){p=r;break a}}p=\"\"}function t(a){return-1!=p.indexOf(a)};function u(){return t(\"Firefox\")||t(\"FxiOS\")}function v(){return(t(\"Chrome\")||t(\"CriOS\"))&&!t(\"Edge\")};function w(){return t(\"iPhone\")&&!t(\"iPod\")&&!t(\"iPad\")};var y=t(\"Opera\"),z=t(\"Trident\")||t(\"MSIE\"),A=t(\"Edge\"),B=t(\"Gecko\")&&!(-1!=p.toLowerCase().indexOf(\"webkit\")&&!t(\"Edge\"))&&!(t(\"Trident\")||t(\"MSIE\"))&&!t(\"Edge\"),C=-1!=p.toLowerCase().indexOf(\"webkit\")&&!t(\"Edge\");function D(){var a=d.document;return a?a.documentMode:void 0}var E;\na:{var F=\"\",G=function(){var a=p;if(B)return/rv:([^\\);]+)(\\)|;)/.exec(a);if(A)return/Edge\\/([\\d\\.]+)/.exec(a);if(z)return/\\b(?:MSIE|rv)[: ]([^\\);]+)(\\)|;)/.exec(a);if(C)return/WebKit\\/(\\S+)/.exec(a);if(y)return/(?:Version)[ \\/]?(\\S+)/.exec(a)}();G&&(F=G?G[1]:\"\");if(z){var H=D();if(null!=H&&H>parseFloat(F)){E=String(H);break a}}E=F}var I;I=d.document&&z?D():void 0;var J=u(),K=w()||t(\"iPod\"),L=t(\"iPad\"),M=t(\"Android\")&&!(v()||u()||t(\"Opera\")||t(\"Silk\")),N=v(),aa=t(\"Safari\")&&!(v()||t(\"Coast\")||t(\"Opera\")||t(\"Edge\")||t(\"Edg/\")||t(\"OPR\")||u()||t(\"Silk\")||t(\"Android\"))&&!(w()||t(\"iPad\")||t(\"iPod\"));function O(a){return(a=a.exec(p))?a[1]:\"\"}(function(){if(J)return O(/Firefox\\/([0-9.]+)/);if(z||A||y)return E;if(N)return w()||t(\"iPad\")||t(\"iPod\")?O(/CriOS\\/([0-9.]+)/):O(/Chrome\\/([0-9.]+)/);if(aa&&!(w()||t(\"iPad\")||t(\"iPod\")))return O(/Version\\/([0-9.]+)/);if(K||L){var a=/Version\\/(\\S+).*Mobile\\/(\\S+)/.exec(p);if(a)return a[1]+\".\"+a[2]}else if(M)return(a=O(/Android\\s+([0-9.]+)/))?a:O(/Version\\/([0-9.]+)/);return\"\"})();var P=z&&!(8\u003C=Number(I)),ba=z&&!(9\u003C=Number(I));var ca={SCRIPT:1,STYLE:1,HEAD:1,IFRAME:1,OBJECT:1},Q={IMG:\" \",BR:\"\\n\"};function R(a,b,c){if(!(a.nodeName in ca))if(3==a.nodeType)c?b.push(String(a.nodeValue).replace(/(\\r\\n|\\r|\\n)/g,\"\")):b.push(a.nodeValue);else if(a.nodeName in Q)b.push(Q[a.nodeName]);else for(a=a.firstChild;a;)R(a,b,c),a=a.nextSibling};function S(a,b){b=b.toLowerCase();return\"style\"==b?da(a.style.cssText):P&&\"value\"==b&&T(a,\"INPUT\")?a.value:ba&&!0===a[b]?String(a.getAttribute(b)):(a=a.getAttributeNode(b))&&a.specified?a.value:null}var ea=/[;]+(?=(?:(?:[^\"]*\"){2})*[^\"]*$)(?=(?:(?:[^']*'){2})*[^']*$)(?=(?:[^()]*\\([^()]*\\))*[^()]*$)/;\nfunction da(a){var b=[];k(a.split(ea),function(c){var e=c.indexOf(\":\");0\u003Ce&&(c=[c.slice(0,e),c.slice(e+1)],2==c.length&&b.push(c[0].toLowerCase(),\":\",c[1],\";\"))});b=b.join(\"\");return b=\";\"==b.charAt(b.length-1)?b:b+\";\"}function U(a,b){P&&\"value\"==b&&T(a,\"OPTION\")&&null===S(a,\"value\")?(b=[],R(a,b,!1),a=b.join(\"\")):a=a[b];return a}\nfunction T(a,b){b&&\"string\"!==typeof b&&(b=b.toString());return a instanceof HTMLFormElement?!!a&&1==a.nodeType&&(!b||\"FORM\"==b):!!a&&1==a.nodeType&&(!b||a.tagName.toUpperCase()==b)}function V(a){return T(a,\"OPTION\")?!0:T(a,\"INPUT\")?(a=a.type.toLowerCase(),\"checkbox\"==a||\"radio\"==a):!1};var fa={\"class\":\"className\",readonly:\"readOnly\"},ha=\"allowfullscreen allowpaymentrequest allowusermedia async autofocus autoplay checked compact complete controls declare default defaultchecked defaultselected defer disabled ended formnovalidate hidden indeterminate iscontenteditable ismap itemscope loop multiple muted nohref nomodule noresize noshade novalidate nowrap open paused playsinline pubdate readonly required reversed scoped seamless seeking selected truespeed typemustmatch willvalidate\".split(\" \");function W(a,b){var c=null,e=b.toLowerCase();if(\"style\"==e)return(c=a.style)&&\"string\"!=typeof c&&(c=c.cssText),c;if((\"selected\"==e||\"checked\"==e)&&V(a)){if(!V(a))throw new l(15,\"Element is not selectable\");b=\"selected\";c=a.type&&a.type.toLowerCase();if(\"checkbox\"==c||\"radio\"==c)b=\"checked\";return U(a,b)?\"true\":null}var g=T(a,\"A\");if(T(a,\"IMG\")&&\"src\"==e||g&&\"href\"==e)return(c=S(a,e))&&(c=U(a,e)),c;if(\"spellcheck\"==e){c=S(a,e);if(null!==c){if(\"false\"==c.toLowerCase())return\"false\";if(\"true\"==c.toLowerCase())return\"true\"}return U(a,\ne)+\"\"}g=fa[b]||b;if(0\u003C=h(ha,e))return(c=null!==S(a,b)||U(a,g))?\"true\":null;try{var x=U(a,g)}catch(ia){}(e=null==x)||(e=typeof x,e=\"object\"==e&&null!=x||\"function\"==e);e?c=S(a,b):c=x;return null!=c?c.toString():null}var X=[\"se_exportedFunctionSymbol\"],Y=d;X[0]in Y||\"undefined\"==typeof Y.execScript||Y.execScript(\"var \"+X[0]);for(var Z;X.length&&(Z=X.shift());)X.length||void 0===W?Y[Z]&&Y[Z]!==Object.prototype[Z]?Y=Y[Z]:Y=Y[Z]={}:Y[Z]=W;; return this.se_exportedFunctionSymbol.apply(null,arguments);}).apply(window, arguments);}\n).apply(null, arguments);"
}
[1769669278.148][INFO]: Waiting for pending navigations...
[1769669278.149][INFO]: Done waiting for pending navigations. Status: ok
[1769669278.150][INFO]: Waiting for pending navigations...
[1769669278.151][INFO]: Done waiting for pending navigations. Status: ok
[1769669278.151][INFO]: [e9bdbd4df8cae9f7a7b05ef895e65b5c] RESPONSE ExecuteScript "chapter page 6"
[1769669278.151][INFO]: [e9bdbd4df8cae9f7a7b05ef895e65b5c] COMMAND ExecuteScript {
   "args": [ {
      "element-6066-11e4-a52e-4f735466cecf": "f.CAA1FE4C08EC3FB8AD3888983C4001B7.d.728B49898D8128A16D8B333025A9BEAB.e.29"
   }, "currentSrc" ],
   "script": "/* getAttribute */return (function(){return (function(){var d=this||self;function f(a,b){function c(){}c.prototype=b.prototype;a.prototype=new c;a.prototype.constructor=a};var h=Array.prototype.indexOf?function(a,b){return Array.prototype.indexOf.call(a,b,void 0)}:function(a,b){if(\"string\"===typeof a)return\"string\"!==typeof b||1!=b.length?-1:a.indexOf(b,0);for(var c=0;c\u003Ca.length;c++)if(c in a&&a[c]===b)return c;return-1},k=Array.prototype.forEach?function(a,b){Array.prototype.forEach.call(a,b,void 0)}:function(a,b){for(var c=a.length,e=\"string\"===typeof a?a.split(\"\"):a,g=0;g\u003Cc;g++)g in e&&b.call(void 0,e[g],g,a)};function l(a,b){this.code=a;this.a=m[a]||n;this.message=b||\"\";a=this.a.replace(/((?:^|\\s+)[a-z])/g,function(c){return c.toUpperCase().replace(/^[\\s\\xa0]+/g,\"\")});b=a.length-5;if(0>b||a.indexOf(\"Error\",b)!=b)a+=\"Error\";this.name=a;a=Error(this.message);a.name=this.name;this.stack=a.stack||\"\"}f(l,Error);var n=\"unknown error\",m={15:\"element not selectable\",11:\"element not visible\"};m[31]=n;m[30]=n;m[24]=\"invalid cookie domain\";m[29]=\"invalid element coordinates\";m[12]=\"invalid element state\";m[32]=\"invalid selector\";\nm[51]=\"invalid selector\";m[52]=\"invalid selector\";m[17]=\"javascript error\";m[405]=\"unsupported operation\";m[34]=\"move target out of bounds\";m[27]=\"no such alert\";m[7]=\"no such element\";m[8]=\"no such frame\";m[23]=\"no such window\";m[28]=\"script timeout\";m[33]=\"session not created\";m[10]=\"stale element reference\";m[21]=\"timeout\";m[25]=\"unable to set cookie\";m[26]=\"unexpected alert open\";m[13]=n;m[9]=\"unknown command\";var p;a:{var q=d.navigator;if(q){var r=q.userAgent;if(r){p=r;break a}}p=\"\"}function t(a){return-1!=p.indexOf(a)};function u(){return t(\"Firefox\")||t(\"FxiOS\")}function v(){return(t(\"Chrome\")||t(\"CriOS\"))&&!t(\"Edge\")};function w(){return t(\"iPhone\")&&!t(\"iPod\")&&!t(\"iPad\")};var y=t(\"Opera\"),z=t(\"Trident\")||t(\"MSIE\"),A=t(\"Edge\"),B=t(\"Gecko\")&&!(-1!=p.toLowerCase().indexOf(\"webkit\")&&!t(\"Edge\"))&&!(t(\"Trident\")||t(\"MSIE\"))&&!t(\"Edge\"),C=-1!=p.toLowerCase().indexOf(\"webkit\")&&!t(\"Edge\");function D(){var a=d.document;return a?a.documentMode:void 0}var E;\na:{var F=\"\",G=function(){var a=p;if(B)return/rv:([^\\);]+)(\\)|;)/.exec(a);if(A)return/Edge\\/([\\d\\.]+)/.exec(a);if(z)return/\\b(?:MSIE|rv)[: ]([^\\);]+)(\\)|;)/.exec(a);if(C)return/WebKit\\/(\\S+)/.exec(a);if(y)return/(?:Version)[ \\/]?(\\S+)/.exec(a)}();G&&(F=G?G[1]:\"\");if(z){var H=D();if(null!=H&&H>parseFloat(F)){E=String(H);break a}}E=F}var I;I=d.document&&z?D():void 0;var J=u(),K=w()||t(\"iPod\"),L=t(\"iPad\"),M=t(\"Android\")&&!(v()||u()||t(\"Opera\")||t(\"Silk\")),N=v(),aa=t(\"Safari\")&&!(v()||t(\"Coast\")||t(\"Opera\")||t(\"Edge\")||t(\"Edg/\")||t(\"OPR\")||u()||t(\"Silk\")||t(\"Android\"))&&!(w()||t(\"iPad\")||t(\"iPod\"));function O(a){return(a=a.exec(p))?a[1]:\"\"}(function(){if(J)return O(/Firefox\\/([0-9.]+)/);if(z||A||y)return E;if(N)return w()||t(\"iPad\")||t(\"iPod\")?O(/CriOS\\/([0-9.]+)/):O(/Chrome\\/([0-9.]+)/);if(aa&&!(w()||t(\"iPad\")||t(\"iPod\")))return O(/Version\\/([0-9.]+)/);if(K||L){var a=/Version\\/(\\S+).*Mobile\\/(\\S+)/.exec(p);if(a)return a[1]+\".\"+a[2]}else if(M)return(a=O(/Android\\s+([0-9.]+)/))?a:O(/Version\\/([0-9.]+)/);return\"\"})();var P=z&&!(8\u003C=Number(I)),ba=z&&!(9\u003C=Number(I));var ca={SCRIPT:1,STYLE:1,HEAD:1,IFRAME:1,OBJECT:1},Q={IMG:\" \",BR:\"\\n\"};function R(a,b,c){if(!(a.nodeName in ca))if(3==a.nodeType)c?b.push(String(a.nodeValue).replace(/(\\r\\n|\\r|\\n)/g,\"\")):b.push(a.nodeValue);else if(a.nodeName in Q)b.push(Q[a.nodeName]);else for(a=a.firstChild;a;)R(a,b,c),a=a.nextSibling};function S(a,b){b=b.toLowerCase();return\"style\"==b?da(a.style.cssText):P&&\"value\"==b&&T(a,\"INPUT\")?a.value:ba&&!0===a[b]?String(a.getAttribute(b)):(a=a.getAttributeNode(b))&&a.specified?a.value:null}var ea=/[;]+(?=(?:(?:[^\"]*\"){2})*[^\"]*$)(?=(?:(?:[^']*'){2})*[^']*$)(?=(?:[^()]*\\([^()]*\\))*[^()]*$)/;\nfunction da(a){var b=[];k(a.split(ea),function(c){var e=c.indexOf(\":\");0\u003Ce&&(c=[c.slice(0,e),c.slice(e+1)],2==c.length&&b.push(c[0].toLowerCase(),\":\",c[1],\";\"))});b=b.join(\"\");return b=\";\"==b.charAt(b.length-1)?b:b+\";\"}function U(a,b){P&&\"value\"==b&&T(a,\"OPTION\")&&null===S(a,\"value\")?(b=[],R(a,b,!1),a=b.join(\"\")):a=a[b];return a}\nfunction T(a,b){b&&\"string\"!==typeof b&&(b=b.toString());return a instanceof HTMLFormElement?!!a&&1==a.nodeType&&(!b||\"FORM\"==b):!!a&&1==a.nodeType&&(!b||a.tagName.toUpperCase()==b)}function V(a){return T(a,\"OPTION\")?!0:T(a,\"INPUT\")?(a=a.type.toLowerCase(),\"checkbox\"==a||\"radio\"==a):!1};var fa={\"class\":\"className\",readonly:\"readOnly\"},ha=\"allowfullscreen allowpaymentrequest allowusermedia async autofocus autoplay checked compact complete controls declare default defaultchecked defaultselected defer disabled ended formnovalidate hidden indeterminate iscontenteditable ismap itemscope loop multiple muted nohref nomodule noresize noshade novalidate nowrap open paused playsinline pubdate readonly required reversed scoped seamless seeking selected truespeed typemustmatch willvalidate\".split(\" \");function W(a,b){var c=null,e=b.toLowerCase();if(\"style\"==e)return(c=a.style)&&\"string\"!=typeof c&&(c=c.cssText),c;if((\"selected\"==e||\"checked\"==e)&&V(a)){if(!V(a))throw new l(15,\"Element is not selectable\");b=\"selected\";c=a.type&&a.type.toLowerCase();if(\"checkbox\"==c||\"radio\"==c)b=\"checked\";return U(a,b)?\"true\":null}var g=T(a,\"A\");if(T(a,\"IMG\")&&\"src\"==e||g&&\"href\"==e)return(c=S(a,e))&&(c=U(a,e)),c;if(\"spellcheck\"==e){c=S(a,e);if(null!==c){if(\"false\"==c.toLowerCase())return\"false\";if(\"true\"==c.toLowerCase())return\"true\"}return U(a,\ne)+\"\"}g=fa[b]||b;if(0\u003C=h(ha,e))return(c=null!==S(a,b)||U(a,g))?\"true\":null;try{var x=U(a,g)}catch(ia){}(e=null==x)||(e=typeof x,e=\"object\"==e&&null!=x||\"function\"==e);e?c=S(a,b):c=x;return null!=c?c.toString():null}var X=[\"se_exportedFunctionSymbol\"],Y=d;X[0]in Y||\"undefined\"==typeof Y.execScript||Y.execScript(\"var \"+X[0]);for(var Z;X.length&&(Z=X.shift());)X.length||void 0===W?Y[Z]&&Y[Z]!==Object.prototype[Z]?Y=Y[Z]:Y=Y[Z]={}:Y[Z]=W;; return this.se_exportedFunctionSymbol.apply(null,arguments);}).apply(window, arguments);}\n).apply(null, arguments);"
}
[1769669278.151][INFO]: Waiting for pending navigations...
[1769669278.152][INFO]: Done waiting for pending navigations. Status: ok
[1769669278.154][INFO]: Waiting for pending navigations...
[1769669278.154][INFO]: Done waiting for pending navigations. Status: ok
[1769669278.154][INFO]: [e9bdbd4df8cae9f7a7b05ef895e65b5c] RESPONSE ExecuteScript "https://gg.asuracomic.net/storage/media/405811/conversions/05-optimized.webp"
[1769669278.155][INFO]: [e9bdbd4df8cae9f7a7b05ef895e65b5c] COMMAND ExecuteScript {
   "args": [ {
      "element-6066-11e4-a52e-4f735466cecf": "f.CAA1FE4C08EC3FB8AD3888983C4001B7.d.728B49898D8128A16D8B333025A9BEAB.e.30"
   }, "alt" ],
   "script": "/* getAttribute */return (function(){return (function(){var d=this||self;function f(a,b){function c(){}c.prototype=b.prototype;a.prototype=new c;a.prototype.constructor=a};var h=Array.prototype.indexOf?function(a,b){return Array.prototype.indexOf.call(a,b,void 0)}:function(a,b){if(\"string\"===typeof a)return\"string\"!==typeof b||1!=b.length?-1:a.indexOf(b,0);for(var c=0;c\u003Ca.length;c++)if(c in a&&a[c]===b)return c;return-1},k=Array.prototype.forEach?function(a,b){Array.prototype.forEach.call(a,b,void 0)}:function(a,b){for(var c=a.length,e=\"string\"===typeof a?a.split(\"\"):a,g=0;g\u003Cc;g++)g in e&&b.call(void 0,e[g],g,a)};function l(a,b){this.code=a;this.a=m[a]||n;this.message=b||\"\";a=this.a.replace(/((?:^|\\s+)[a-z])/g,function(c){return c.toUpperCase().replace(/^[\\s\\xa0]+/g,\"\")});b=a.length-5;if(0>b||a.indexOf(\"Error\",b)!=b)a+=\"Error\";this.name=a;a=Error(this.message);a.name=this.name;this.stack=a.stack||\"\"}f(l,Error);var n=\"unknown error\",m={15:\"element not selectable\",11:\"element not visible\"};m[31]=n;m[30]=n;m[24]=\"invalid cookie domain\";m[29]=\"invalid element coordinates\";m[12]=\"invalid element state\";m[32]=\"invalid selector\";\nm[51]=\"invalid selector\";m[52]=\"invalid selector\";m[17]=\"javascript error\";m[405]=\"unsupported operation\";m[34]=\"move target out of bounds\";m[27]=\"no such alert\";m[7]=\"no such element\";m[8]=\"no such frame\";m[23]=\"no such window\";m[28]=\"script timeout\";m[33]=\"session not created\";m[10]=\"stale element reference\";m[21]=\"timeout\";m[25]=\"unable to set cookie\";m[26]=\"unexpected alert open\";m[13]=n;m[9]=\"unknown command\";var p;a:{var q=d.navigator;if(q){var r=q.userAgent;if(r){p=r;break a}}p=\"\"}function t(a){return-1!=p.indexOf(a)};function u(){return t(\"Firefox\")||t(\"FxiOS\")}function v(){return(t(\"Chrome\")||t(\"CriOS\"))&&!t(\"Edge\")};function w(){return t(\"iPhone\")&&!t(\"iPod\")&&!t(\"iPad\")};var y=t(\"Opera\"),z=t(\"Trident\")||t(\"MSIE\"),A=t(\"Edge\"),B=t(\"Gecko\")&&!(-1!=p.toLowerCase().indexOf(\"webkit\")&&!t(\"Edge\"))&&!(t(\"Trident\")||t(\"MSIE\"))&&!t(\"Edge\"),C=-1!=p.toLowerCase().indexOf(\"webkit\")&&!t(\"Edge\");function D(){var a=d.document;return a?a.documentMode:void 0}var E;\na:{var F=\"\",G=function(){var a=p;if(B)return/rv:([^\\);]+)(\\)|;)/.exec(a);if(A)return/Edge\\/([\\d\\.]+)/.exec(a);if(z)return/\\b(?:MSIE|rv)[: ]([^\\);]+)(\\)|;)/.exec(a);if(C)return/WebKit\\/(\\S+)/.exec(a);if(y)return/(?:Version)[ \\/]?(\\S+)/.exec(a)}();G&&(F=G?G[1]:\"\");if(z){var H=D();if(null!=H&&H>parseFloat(F)){E=String(H);break a}}E=F}var I;I=d.document&&z?D():void 0;var J=u(),K=w()||t(\"iPod\"),L=t(\"iPad\"),M=t(\"Android\")&&!(v()||u()||t(\"Opera\")||t(\"Silk\")),N=v(),aa=t(\"Safari\")&&!(v()||t(\"Coast\")||t(\"Opera\")||t(\"Edge\")||t(\"Edg/\")||t(\"OPR\")||u()||t(\"Silk\")||t(\"Android\"))&&!(w()||t(\"iPad\")||t(\"iPod\"));function O(a){return(a=a.exec(p))?a[1]:\"\"}(function(){if(J)return O(/Firefox\\/([0-9.]+)/);if(z||A||y)return E;if(N)return w()||t(\"iPad\")||t(\"iPod\")?O(/CriOS\\/([0-9.]+)/):O(/Chrome\\/([0-9.]+)/);if(aa&&!(w()||t(\"iPad\")||t(\"iPod\")))return O(/Version\\/([0-9.]+)/);if(K||L){var a=/Version\\/(\\S+).*Mobile\\/(\\S+)/.exec(p);if(a)return a[1]+\".\"+a[2]}else if(M)return(a=O(/Android\\s+([0-9.]+)/))?a:O(/Version\\/([0-9.]+)/);return\"\"})();var P=z&&!(8\u003C=Number(I)),ba=z&&!(9\u003C=Number(I));var ca={SCRIPT:1,STYLE:1,HEAD:1,IFRAME:1,OBJECT:1},Q={IMG:\" \",BR:\"\\n\"};function R(a,b,c){if(!(a.nodeName in ca))if(3==a.nodeType)c?b.push(String(a.nodeValue).replace(/(\\r\\n|\\r|\\n)/g,\"\")):b.push(a.nodeValue);else if(a.nodeName in Q)b.push(Q[a.nodeName]);else for(a=a.firstChild;a;)R(a,b,c),a=a.nextSibling};function S(a,b){b=b.toLowerCase();return\"style\"==b?da(a.style.cssText):P&&\"value\"==b&&T(a,\"INPUT\")?a.value:ba&&!0===a[b]?String(a.getAttribute(b)):(a=a.getAttributeNode(b))&&a.specified?a.value:null}var ea=/[;]+(?=(?:(?:[^\"]*\"){2})*[^\"]*$)(?=(?:(?:[^']*'){2})*[^']*$)(?=(?:[^()]*\\([^()]*\\))*[^()]*$)/;\nfunction da(a){var b=[];k(a.split(ea),function(c){var e=c.indexOf(\":\");0\u003Ce&&(c=[c.slice(0,e),c.slice(e+1)],2==c.length&&b.push(c[0].toLowerCase(),\":\",c[1],\";\"))});b=b.join(\"\");return b=\";\"==b.charAt(b.length-1)?b:b+\";\"}function U(a,b){P&&\"value\"==b&&T(a,\"OPTION\")&&null===S(a,\"value\")?(b=[],R(a,b,!1),a=b.join(\"\")):a=a[b];return a}\nfunction T(a,b){b&&\"string\"!==typeof b&&(b=b.toString());return a instanceof HTMLFormElement?!!a&&1==a.nodeType&&(!b||\"FORM\"==b):!!a&&1==a.nodeType&&(!b||a.tagName.toUpperCase()==b)}function V(a){return T(a,\"OPTION\")?!0:T(a,\"INPUT\")?(a=a.type.toLowerCase(),\"checkbox\"==a||\"radio\"==a):!1};var fa={\"class\":\"className\",readonly:\"readOnly\"},ha=\"allowfullscreen allowpaymentrequest allowusermedia async autofocus autoplay checked compact complete controls declare default defaultchecked defaultselected defer disabled ended formnovalidate hidden indeterminate iscontenteditable ismap itemscope loop multiple muted nohref nomodule noresize noshade novalidate nowrap open paused playsinline pubdate readonly required reversed scoped seamless seeking selected truespeed typemustmatch willvalidate\".split(\" \");function W(a,b){var c=null,e=b.toLowerCase();if(\"style\"==e)return(c=a.style)&&\"string\"!=typeof c&&(c=c.cssText),c;if((\"selected\"==e||\"checked\"==e)&&V(a)){if(!V(a))throw new l(15,\"Element is not selectable\");b=\"selected\";c=a.type&&a.type.toLowerCase();if(\"checkbox\"==c||\"radio\"==c)b=\"checked\";return U(a,b)?\"true\":null}var g=T(a,\"A\");if(T(a,\"IMG\")&&\"src\"==e||g&&\"href\"==e)return(c=S(a,e))&&(c=U(a,e)),c;if(\"spellcheck\"==e){c=S(a,e);if(null!==c){if(\"false\"==c.toLowerCase())return\"false\";if(\"true\"==c.toLowerCase())return\"true\"}return U(a,\ne)+\"\"}g=fa[b]||b;if(0\u003C=h(ha,e))return(c=null!==S(a,b)||U(a,g))?\"true\":null;try{var x=U(a,g)}catch(ia){}(e=null==x)||(e=typeof x,e=\"object\"==e&&null!=x||\"function\"==e);e?c=S(a,b):c=x;return null!=c?c.toString():null}var X=[\"se_exportedFunctionSymbol\"],Y=d;X[0]in Y||\"undefined\"==typeof Y.execScript||Y.execScript(\"var \"+X[0]);for(var Z;X.length&&(Z=X.shift());)X.length||void 0===W?Y[Z]&&Y[Z]!==Object.prototype[Z]?Y=Y[Z]:Y=Y[Z]={}:Y[Z]=W;; return this.se_exportedFunctionSymbol.apply(null,arguments);}).apply(window, arguments);}\n).apply(null, arguments);"
}
[1769669278.155][INFO]: Waiting for pending navigations...
[1769669278.155][INFO]: Done waiting for pending navigations. Status: ok
[1769669278.157][INFO]: Waiting for pending navigations...
[1769669278.158][INFO]: Done waiting for pending navigations. Status: ok
[1769669278.158][INFO]: [e9bdbd4df8cae9f7a7b05ef895e65b5c] RESPONSE ExecuteScript "chapter page 7"
[1769669278.158][INFO]: [e9bdbd4df8cae9f7a7b05ef895e65b5c] COMMAND ExecuteScript {
   "args": [ {
      "element-6066-11e4-a52e-4f735466cecf": "f.CAA1FE4C08EC3FB8AD3888983C4001B7.d.728B49898D8128A16D8B333025A9BEAB.e.30"
   }, "currentSrc" ],
   "script": "/* getAttribute */return (function(){return (function(){var d=this||self;function f(a,b){function c(){}c.prototype=b.prototype;a.prototype=new c;a.prototype.constructor=a};var h=Array.prototype.indexOf?function(a,b){return Array.prototype.indexOf.call(a,b,void 0)}:function(a,b){if(\"string\"===typeof a)return\"string\"!==typeof b||1!=b.length?-1:a.indexOf(b,0);for(var c=0;c\u003Ca.length;c++)if(c in a&&a[c]===b)return c;return-1},k=Array.prototype.forEach?function(a,b){Array.prototype.forEach.call(a,b,void 0)}:function(a,b){for(var c=a.length,e=\"string\"===typeof a?a.split(\"\"):a,g=0;g\u003Cc;g++)g in e&&b.call(void 0,e[g],g,a)};function l(a,b){this.code=a;this.a=m[a]||n;this.message=b||\"\";a=this.a.replace(/((?:^|\\s+)[a-z])/g,function(c){return c.toUpperCase().replace(/^[\\s\\xa0]+/g,\"\")});b=a.length-5;if(0>b||a.indexOf(\"Error\",b)!=b)a+=\"Error\";this.name=a;a=Error(this.message);a.name=this.name;this.stack=a.stack||\"\"}f(l,Error);var n=\"unknown error\",m={15:\"element not selectable\",11:\"element not visible\"};m[31]=n;m[30]=n;m[24]=\"invalid cookie domain\";m[29]=\"invalid element coordinates\";m[12]=\"invalid element state\";m[32]=\"invalid selector\";\nm[51]=\"invalid selector\";m[52]=\"invalid selector\";m[17]=\"javascript error\";m[405]=\"unsupported operation\";m[34]=\"move target out of bounds\";m[27]=\"no such alert\";m[7]=\"no such element\";m[8]=\"no such frame\";m[23]=\"no such window\";m[28]=\"script timeout\";m[33]=\"session not created\";m[10]=\"stale element reference\";m[21]=\"timeout\";m[25]=\"unable to set cookie\";m[26]=\"unexpected alert open\";m[13]=n;m[9]=\"unknown command\";var p;a:{var q=d.navigator;if(q){var r=q.userAgent;if(r){p=r;break a}}p=\"\"}function t(a){return-1!=p.indexOf(a)};function u(){return t(\"Firefox\")||t(\"FxiOS\")}function v(){return(t(\"Chrome\")||t(\"CriOS\"))&&!t(\"Edge\")};function w(){return t(\"iPhone\")&&!t(\"iPod\")&&!t(\"iPad\")};var y=t(\"Opera\"),z=t(\"Trident\")||t(\"MSIE\"),A=t(\"Edge\"),B=t(\"Gecko\")&&!(-1!=p.toLowerCase().indexOf(\"webkit\")&&!t(\"Edge\"))&&!(t(\"Trident\")||t(\"MSIE\"))&&!t(\"Edge\"),C=-1!=p.toLowerCase().indexOf(\"webkit\")&&!t(\"Edge\");function D(){var a=d.document;return a?a.documentMode:void 0}var E;\na:{var F=\"\",G=function(){var a=p;if(B)return/rv:([^\\);]+)(\\)|;)/.exec(a);if(A)return/Edge\\/([\\d\\.]+)/.exec(a);if(z)return/\\b(?:MSIE|rv)[: ]([^\\);]+)(\\)|;)/.exec(a);if(C)return/WebKit\\/(\\S+)/.exec(a);if(y)return/(?:Version)[ \\/]?(\\S+)/.exec(a)}();G&&(F=G?G[1]:\"\");if(z){var H=D();if(null!=H&&H>parseFloat(F)){E=String(H);break a}}E=F}var I;I=d.document&&z?D():void 0;var J=u(),K=w()||t(\"iPod\"),L=t(\"iPad\"),M=t(\"Android\")&&!(v()||u()||t(\"Opera\")||t(\"Silk\")),N=v(),aa=t(\"Safari\")&&!(v()||t(\"Coast\")||t(\"Opera\")||t(\"Edge\")||t(\"Edg/\")||t(\"OPR\")||u()||t(\"Silk\")||t(\"Android\"))&&!(w()||t(\"iPad\")||t(\"iPod\"));function O(a){return(a=a.exec(p))?a[1]:\"\"}(function(){if(J)return O(/Firefox\\/([0-9.]+)/);if(z||A||y)return E;if(N)return w()||t(\"iPad\")||t(\"iPod\")?O(/CriOS\\/([0-9.]+)/):O(/Chrome\\/([0-9.]+)/);if(aa&&!(w()||t(\"iPad\")||t(\"iPod\")))return O(/Version\\/([0-9.]+)/);if(K||L){var a=/Version\\/(\\S+).*Mobile\\/(\\S+)/.exec(p);if(a)return a[1]+\".\"+a[2]}else if(M)return(a=O(/Android\\s+([0-9.]+)/))?a:O(/Version\\/([0-9.]+)/);return\"\"})();var P=z&&!(8\u003C=Number(I)),ba=z&&!(9\u003C=Number(I));var ca={SCRIPT:1,STYLE:1,HEAD:1,IFRAME:1,OBJECT:1},Q={IMG:\" \",BR:\"\\n\"};function R(a,b,c){if(!(a.nodeName in ca))if(3==a.nodeType)c?b.push(String(a.nodeValue).replace(/(\\r\\n|\\r|\\n)/g,\"\")):b.push(a.nodeValue);else if(a.nodeName in Q)b.push(Q[a.nodeName]);else for(a=a.firstChild;a;)R(a,b,c),a=a.nextSibling};function S(a,b){b=b.toLowerCase();return\"style\"==b?da(a.style.cssText):P&&\"value\"==b&&T(a,\"INPUT\")?a.value:ba&&!0===a[b]?String(a.getAttribute(b)):(a=a.getAttributeNode(b))&&a.specified?a.value:null}var ea=/[;]+(?=(?:(?:[^\"]*\"){2})*[^\"]*$)(?=(?:(?:[^']*'){2})*[^']*$)(?=(?:[^()]*\\([^()]*\\))*[^()]*$)/;\nfunction da(a){var b=[];k(a.split(ea),function(c){var e=c.indexOf(\":\");0\u003Ce&&(c=[c.slice(0,e),c.slice(e+1)],2==c.length&&b.push(c[0].toLowerCase(),\":\",c[1],\";\"))});b=b.join(\"\");return b=\";\"==b.charAt(b.length-1)?b:b+\";\"}function U(a,b){P&&\"value\"==b&&T(a,\"OPTION\")&&null===S(a,\"value\")?(b=[],R(a,b,!1),a=b.join(\"\")):a=a[b];return a}\nfunction T(a,b){b&&\"string\"!==typeof b&&(b=b.toString());return a instanceof HTMLFormElement?!!a&&1==a.nodeType&&(!b||\"FORM\"==b):!!a&&1==a.nodeType&&(!b||a.tagName.toUpperCase()==b)}function V(a){return T(a,\"OPTION\")?!0:T(a,\"INPUT\")?(a=a.type.toLowerCase(),\"checkbox\"==a||\"radio\"==a):!1};var fa={\"class\":\"className\",readonly:\"readOnly\"},ha=\"allowfullscreen allowpaymentrequest allowusermedia async autofocus autoplay checked compact complete controls declare default defaultchecked defaultselected defer disabled ended formnovalidate hidden indeterminate iscontenteditable ismap itemscope loop multiple muted nohref nomodule noresize noshade novalidate nowrap open paused playsinline pubdate readonly required reversed scoped seamless seeking selected truespeed typemustmatch willvalidate\".split(\" \");function W(a,b){var c=null,e=b.toLowerCase();if(\"style\"==e)return(c=a.style)&&\"string\"!=typeof c&&(c=c.cssText),c;if((\"selected\"==e||\"checked\"==e)&&V(a)){if(!V(a))throw new l(15,\"Element is not selectable\");b=\"selected\";c=a.type&&a.type.toLowerCase();if(\"checkbox\"==c||\"radio\"==c)b=\"checked\";return U(a,b)?\"true\":null}var g=T(a,\"A\");if(T(a,\"IMG\")&&\"src\"==e||g&&\"href\"==e)return(c=S(a,e))&&(c=U(a,e)),c;if(\"spellcheck\"==e){c=S(a,e);if(null!==c){if(\"false\"==c.toLowerCase())return\"false\";if(\"true\"==c.toLowerCase())return\"true\"}return U(a,\ne)+\"\"}g=fa[b]||b;if(0\u003C=h(ha,e))return(c=null!==S(a,b)||U(a,g))?\"true\":null;try{var x=U(a,g)}catch(ia){}(e=null==x)||(e=typeof x,e=\"object\"==e&&null!=x||\"function\"==e);e?c=S(a,b):c=x;return null!=c?c.toString():null}var X=[\"se_exportedFunctionSymbol\"],Y=d;X[0]in Y||\"undefined\"==typeof Y.execScript||Y.execScript(\"var \"+X[0]);for(var Z;X.length&&(Z=X.shift());)X.length||void 0===W?Y[Z]&&Y[Z]!==Object.prototype[Z]?Y=Y[Z]:Y=Y[Z]={}:Y[Z]=W;; return this.se_exportedFunctionSymbol.apply(null,arguments);}).apply(window, arguments);}\n).apply(null, arguments);"
}
[1769669278.158][INFO]: Waiting for pending navigations...
[1769669278.159][INFO]: Done waiting for pending navigations. Status: ok
[1769669278.160][INFO]: Waiting for pending navigations...
[1769669278.161][INFO]: Done waiting for pending navigations. Status: ok
[1769669278.161][INFO]: [e9bdbd4df8cae9f7a7b05ef895e65b5c] RESPONSE ExecuteScript "https://gg.asuracomic.net/storage/media/405812/conversions/06-optimized.webp"
[1769669278.162][INFO]: [e9bdbd4df8cae9f7a7b05ef895e65b5c] COMMAND ExecuteScript {
   "args": [ {
      "element-6066-11e4-a52e-4f735466cecf": "f.CAA1FE4C08EC3FB8AD3888983C4001B7.d.728B49898D8128A16D8B333025A9BEAB.e.31"
   }, "alt" ],
   "script": "/* getAttribute */return (function(){return (function(){var d=this||self;function f(a,b){function c(){}c.prototype=b.prototype;a.prototype=new c;a.prototype.constructor=a};var h=Array.prototype.indexOf?function(a,b){return Array.prototype.indexOf.call(a,b,void 0)}:function(a,b){if(\"string\"===typeof a)return\"string\"!==typeof b||1!=b.length?-1:a.indexOf(b,0);for(var c=0;c\u003Ca.length;c++)if(c in a&&a[c]===b)return c;return-1},k=Array.prototype.forEach?function(a,b){Array.prototype.forEach.call(a,b,void 0)}:function(a,b){for(var c=a.length,e=\"string\"===typeof a?a.split(\"\"):a,g=0;g\u003Cc;g++)g in e&&b.call(void 0,e[g],g,a)};function l(a,b){this.code=a;this.a=m[a]||n;this.message=b||\"\";a=this.a.replace(/((?:^|\\s+)[a-z])/g,function(c){return c.toUpperCase().replace(/^[\\s\\xa0]+/g,\"\")});b=a.length-5;if(0>b||a.indexOf(\"Error\",b)!=b)a+=\"Error\";this.name=a;a=Error(this.message);a.name=this.name;this.stack=a.stack||\"\"}f(l,Error);var n=\"unknown error\",m={15:\"element not selectable\",11:\"element not visible\"};m[31]=n;m[30]=n;m[24]=\"invalid cookie domain\";m[29]=\"invalid element coordinates\";m[12]=\"invalid element state\";m[32]=\"invalid selector\";\nm[51]=\"invalid selector\";m[52]=\"invalid selector\";m[17]=\"javascript error\";m[405]=\"unsupported operation\";m[34]=\"move target out of bounds\";m[27]=\"no such alert\";m[7]=\"no such element\";m[8]=\"no such frame\";m[23]=\"no such window\";m[28]=\"script timeout\";m[33]=\"session not created\";m[10]=\"stale element reference\";m[21]=\"timeout\";m[25]=\"unable to set cookie\";m[26]=\"unexpected alert open\";m[13]=n;m[9]=\"unknown command\";var p;a:{var q=d.navigator;if(q){var r=q.userAgent;if(r){p=r;break a}}p=\"\"}function t(a){return-1!=p.indexOf(a)};function u(){return t(\"Firefox\")||t(\"FxiOS\")}function v(){return(t(\"Chrome\")||t(\"CriOS\"))&&!t(\"Edge\")};function w(){return t(\"iPhone\")&&!t(\"iPod\")&&!t(\"iPad\")};var y=t(\"Opera\"),z=t(\"Trident\")||t(\"MSIE\"),A=t(\"Edge\"),B=t(\"Gecko\")&&!(-1!=p.toLowerCase().indexOf(\"webkit\")&&!t(\"Edge\"))&&!(t(\"Trident\")||t(\"MSIE\"))&&!t(\"Edge\"),C=-1!=p.toLowerCase().indexOf(\"webkit\")&&!t(\"Edge\");function D(){var a=d.document;return a?a.documentMode:void 0}var E;\na:{var F=\"\",G=function(){var a=p;if(B)return/rv:([^\\);]+)(\\)|;)/.exec(a);if(A)return/Edge\\/([\\d\\.]+)/.exec(a);if(z)return/\\b(?:MSIE|rv)[: ]([^\\);]+)(\\)|;)/.exec(a);if(C)return/WebKit\\/(\\S+)/.exec(a);if(y)return/(?:Version)[ \\/]?(\\S+)/.exec(a)}();G&&(F=G?G[1]:\"\");if(z){var H=D();if(null!=H&&H>parseFloat(F)){E=String(H);break a}}E=F}var I;I=d.document&&z?D():void 0;var J=u(),K=w()||t(\"iPod\"),L=t(\"iPad\"),M=t(\"Android\")&&!(v()||u()||t(\"Opera\")||t(\"Silk\")),N=v(),aa=t(\"Safari\")&&!(v()||t(\"Coast\")||t(\"Opera\")||t(\"Edge\")||t(\"Edg/\")||t(\"OPR\")||u()||t(\"Silk\")||t(\"Android\"))&&!(w()||t(\"iPad\")||t(\"iPod\"));function O(a){return(a=a.exec(p))?a[1]:\"\"}(function(){if(J)return O(/Firefox\\/([0-9.]+)/);if(z||A||y)return E;if(N)return w()||t(\"iPad\")||t(\"iPod\")?O(/CriOS\\/([0-9.]+)/):O(/Chrome\\/([0-9.]+)/);if(aa&&!(w()||t(\"iPad\")||t(\"iPod\")))return O(/Version\\/([0-9.]+)/);if(K||L){var a=/Version\\/(\\S+).*Mobile\\/(\\S+)/.exec(p);if(a)return a[1]+\".\"+a[2]}else if(M)return(a=O(/Android\\s+([0-9.]+)/))?a:O(/Version\\/([0-9.]+)/);return\"\"})();var P=z&&!(8\u003C=Number(I)),ba=z&&!(9\u003C=Number(I));var ca={SCRIPT:1,STYLE:1,HEAD:1,IFRAME:1,OBJECT:1},Q={IMG:\" \",BR:\"\\n\"};function R(a,b,c){if(!(a.nodeName in ca))if(3==a.nodeType)c?b.push(String(a.nodeValue).replace(/(\\r\\n|\\r|\\n)/g,\"\")):b.push(a.nodeValue);else if(a.nodeName in Q)b.push(Q[a.nodeName]);else for(a=a.firstChild;a;)R(a,b,c),a=a.nextSibling};function S(a,b){b=b.toLowerCase();return\"style\"==b?da(a.style.cssText):P&&\"value\"==b&&T(a,\"INPUT\")?a.value:ba&&!0===a[b]?String(a.getAttribute(b)):(a=a.getAttributeNode(b))&&a.specified?a.value:null}var ea=/[;]+(?=(?:(?:[^\"]*\"){2})*[^\"]*$)(?=(?:(?:[^']*'){2})*[^']*$)(?=(?:[^()]*\\([^()]*\\))*[^()]*$)/;\nfunction da(a){var b=[];k(a.split(ea),function(c){var e=c.indexOf(\":\");0\u003Ce&&(c=[c.slice(0,e),c.slice(e+1)],2==c.length&&b.push(c[0].toLowerCase(),\":\",c[1],\";\"))});b=b.join(\"\");return b=\";\"==b.charAt(b.length-1)?b:b+\";\"}function U(a,b){P&&\"value\"==b&&T(a,\"OPTION\")&&null===S(a,\"value\")?(b=[],R(a,b,!1),a=b.join(\"\")):a=a[b];return a}\nfunction T(a,b){b&&\"string\"!==typeof b&&(b=b.toString());return a instanceof HTMLFormElement?!!a&&1==a.nodeType&&(!b||\"FORM\"==b):!!a&&1==a.nodeType&&(!b||a.tagName.toUpperCase()==b)}function V(a){return T(a,\"OPTION\")?!0:T(a,\"INPUT\")?(a=a.type.toLowerCase(),\"checkbox\"==a||\"radio\"==a):!1};var fa={\"class\":\"className\",readonly:\"readOnly\"},ha=\"allowfullscreen allowpaymentrequest allowusermedia async autofocus autoplay checked compact complete controls declare default defaultchecked defaultselected defer disabled ended formnovalidate hidden indeterminate iscontenteditable ismap itemscope loop multiple muted nohref nomodule noresize noshade novalidate nowrap open paused playsinline pubdate readonly required reversed scoped seamless seeking selected truespeed typemustmatch willvalidate\".split(\" \");function W(a,b){var c=null,e=b.toLowerCase();if(\"style\"==e)return(c=a.style)&&\"string\"!=typeof c&&(c=c.cssText),c;if((\"selected\"==e||\"checked\"==e)&&V(a)){if(!V(a))throw new l(15,\"Element is not selectable\");b=\"selected\";c=a.type&&a.type.toLowerCase();if(\"checkbox\"==c||\"radio\"==c)b=\"checked\";return U(a,b)?\"true\":null}var g=T(a,\"A\");if(T(a,\"IMG\")&&\"src\"==e||g&&\"href\"==e)return(c=S(a,e))&&(c=U(a,e)),c;if(\"spellcheck\"==e){c=S(a,e);if(null!==c){if(\"false\"==c.toLowerCase())return\"false\";if(\"true\"==c.toLowerCase())return\"true\"}return U(a,\ne)+\"\"}g=fa[b]||b;if(0\u003C=h(ha,e))return(c=null!==S(a,b)||U(a,g))?\"true\":null;try{var x=U(a,g)}catch(ia){}(e=null==x)||(e=typeof x,e=\"object\"==e&&null!=x||\"function\"==e);e?c=S(a,b):c=x;return null!=c?c.toString():null}var X=[\"se_exportedFunctionSymbol\"],Y=d;X[0]in Y||\"undefined\"==typeof Y.execScript||Y.execScript(\"var \"+X[0]);for(var Z;X.length&&(Z=X.shift());)X.length||void 0===W?Y[Z]&&Y[Z]!==Object.prototype[Z]?Y=Y[Z]:Y=Y[Z]={}:Y[Z]=W;; return this.se_exportedFunctionSymbol.apply(null,arguments);}).apply(window, arguments);}\n).apply(null, arguments);"
}
[1769669278.162][INFO]: Waiting for pending navigations...
[1769669278.162][INFO]: Done waiting for pending navigations. Status: ok
[1769669278.164][INFO]: Waiting for pending navigations...
[1769669278.164][INFO]: Done waiting for pending navigations. Status: ok
[1769669278.164][INFO]: [e9bdbd4df8cae9f7a7b05ef895e65b5c] RESPONSE ExecuteScript "chapter page 8"
[1769669278.165][INFO]: [e9bdbd4df8cae9f7a7b05ef895e65b5c] COMMAND ExecuteScript {
   "args": [ {
      "element-6066-11e4-a52e-4f735466cecf": "f.CAA1FE4C08EC3FB8AD3888983C4001B7.d.728B49898D8128A16D8B333025A9BEAB.e.31"
   }, "currentSrc" ],
   "script": "/* getAttribute */return (function(){return (function(){var d=this||self;function f(a,b){function c(){}c.prototype=b.prototype;a.prototype=new c;a.prototype.constructor=a};var h=Array.prototype.indexOf?function(a,b){return Array.prototype.indexOf.call(a,b,void 0)}:function(a,b){if(\"string\"===typeof a)return\"string\"!==typeof b||1!=b.length?-1:a.indexOf(b,0);for(var c=0;c\u003Ca.length;c++)if(c in a&&a[c]===b)return c;return-1},k=Array.prototype.forEach?function(a,b){Array.prototype.forEach.call(a,b,void 0)}:function(a,b){for(var c=a.length,e=\"string\"===typeof a?a.split(\"\"):a,g=0;g\u003Cc;g++)g in e&&b.call(void 0,e[g],g,a)};function l(a,b){this.code=a;this.a=m[a]||n;this.message=b||\"\";a=this.a.replace(/((?:^|\\s+)[a-z])/g,function(c){return c.toUpperCase().replace(/^[\\s\\xa0]+/g,\"\")});b=a.length-5;if(0>b||a.indexOf(\"Error\",b)!=b)a+=\"Error\";this.name=a;a=Error(this.message);a.name=this.name;this.stack=a.stack||\"\"}f(l,Error);var n=\"unknown error\",m={15:\"element not selectable\",11:\"element not visible\"};m[31]=n;m[30]=n;m[24]=\"invalid cookie domain\";m[29]=\"invalid element coordinates\";m[12]=\"invalid element state\";m[32]=\"invalid selector\";\nm[51]=\"invalid selector\";m[52]=\"invalid selector\";m[17]=\"javascript error\";m[405]=\"unsupported operation\";m[34]=\"move target out of bounds\";m[27]=\"no such alert\";m[7]=\"no such element\";m[8]=\"no such frame\";m[23]=\"no such window\";m[28]=\"script timeout\";m[33]=\"session not created\";m[10]=\"stale element reference\";m[21]=\"timeout\";m[25]=\"unable to set cookie\";m[26]=\"unexpected alert open\";m[13]=n;m[9]=\"unknown command\";var p;a:{var q=d.navigator;if(q){var r=q.userAgent;if(r){p=r;break a}}p=\"\"}function t(a){return-1!=p.indexOf(a)};function u(){return t(\"Firefox\")||t(\"FxiOS\")}function v(){return(t(\"Chrome\")||t(\"CriOS\"))&&!t(\"Edge\")};function w(){return t(\"iPhone\")&&!t(\"iPod\")&&!t(\"iPad\")};var y=t(\"Opera\"),z=t(\"Trident\")||t(\"MSIE\"),A=t(\"Edge\"),B=t(\"Gecko\")&&!(-1!=p.toLowerCase().indexOf(\"webkit\")&&!t(\"Edge\"))&&!(t(\"Trident\")||t(\"MSIE\"))&&!t(\"Edge\"),C=-1!=p.toLowerCase().indexOf(\"webkit\")&&!t(\"Edge\");function D(){var a=d.document;return a?a.documentMode:void 0}var E;\na:{var F=\"\",G=function(){var a=p;if(B)return/rv:([^\\);]+)(\\)|;)/.exec(a);if(A)return/Edge\\/([\\d\\.]+)/.exec(a);if(z)return/\\b(?:MSIE|rv)[: ]([^\\);]+)(\\)|;)/.exec(a);if(C)return/WebKit\\/(\\S+)/.exec(a);if(y)return/(?:Version)[ \\/]?(\\S+)/.exec(a)}();G&&(F=G?G[1]:\"\");if(z){var H=D();if(null!=H&&H>parseFloat(F)){E=String(H);break a}}E=F}var I;I=d.document&&z?D():void 0;var J=u(),K=w()||t(\"iPod\"),L=t(\"iPad\"),M=t(\"Android\")&&!(v()||u()||t(\"Opera\")||t(\"Silk\")),N=v(),aa=t(\"Safari\")&&!(v()||t(\"Coast\")||t(\"Opera\")||t(\"Edge\")||t(\"Edg/\")||t(\"OPR\")||u()||t(\"Silk\")||t(\"Android\"))&&!(w()||t(\"iPad\")||t(\"iPod\"));function O(a){return(a=a.exec(p))?a[1]:\"\"}(function(){if(J)return O(/Firefox\\/([0-9.]+)/);if(z||A||y)return E;if(N)return w()||t(\"iPad\")||t(\"iPod\")?O(/CriOS\\/([0-9.]+)/):O(/Chrome\\/([0-9.]+)/);if(aa&&!(w()||t(\"iPad\")||t(\"iPod\")))return O(/Version\\/([0-9.]+)/);if(K||L){var a=/Version\\/(\\S+).*Mobile\\/(\\S+)/.exec(p);if(a)return a[1]+\".\"+a[2]}else if(M)return(a=O(/Android\\s+([0-9.]+)/))?a:O(/Version\\/([0-9.]+)/);return\"\"})();var P=z&&!(8\u003C=Number(I)),ba=z&&!(9\u003C=Number(I));var ca={SCRIPT:1,STYLE:1,HEAD:1,IFRAME:1,OBJECT:1},Q={IMG:\" \",BR:\"\\n\"};function R(a,b,c){if(!(a.nodeName in ca))if(3==a.nodeType)c?b.push(String(a.nodeValue).replace(/(\\r\\n|\\r|\\n)/g,\"\")):b.push(a.nodeValue);else if(a.nodeName in Q)b.push(Q[a.nodeName]);else for(a=a.firstChild;a;)R(a,b,c),a=a.nextSibling};function S(a,b){b=b.toLowerCase();return\"style\"==b?da(a.style.cssText):P&&\"value\"==b&&T(a,\"INPUT\")?a.value:ba&&!0===a[b]?String(a.getAttribute(b)):(a=a.getAttributeNode(b))&&a.specified?a.value:null}var ea=/[;]+(?=(?:(?:[^\"]*\"){2})*[^\"]*$)(?=(?:(?:[^']*'){2})*[^']*$)(?=(?:[^()]*\\([^()]*\\))*[^()]*$)/;\nfunction da(a){var b=[];k(a.split(ea),function(c){var e=c.indexOf(\":\");0\u003Ce&&(c=[c.slice(0,e),c.slice(e+1)],2==c.length&&b.push(c[0].toLowerCase(),\":\",c[1],\";\"))});b=b.join(\"\");return b=\";\"==b.charAt(b.length-1)?b:b+\";\"}function U(a,b){P&&\"value\"==b&&T(a,\"OPTION\")&&null===S(a,\"value\")?(b=[],R(a,b,!1),a=b.join(\"\")):a=a[b];return a}\nfunction T(a,b){b&&\"string\"!==typeof b&&(b=b.toString());return a instanceof HTMLFormElement?!!a&&1==a.nodeType&&(!b||\"FORM\"==b):!!a&&1==a.nodeType&&(!b||a.tagName.toUpperCase()==b)}function V(a){return T(a,\"OPTION\")?!0:T(a,\"INPUT\")?(a=a.type.toLowerCase(),\"checkbox\"==a||\"radio\"==a):!1};var fa={\"class\":\"className\",readonly:\"readOnly\"},ha=\"allowfullscreen allowpaymentrequest allowusermedia async autofocus autoplay checked compact complete controls declare default defaultchecked defaultselected defer disabled ended formnovalidate hidden indeterminate iscontenteditable ismap itemscope loop multiple muted nohref nomodule noresize noshade novalidate nowrap open paused playsinline pubdate readonly required reversed scoped seamless seeking selected truespeed typemustmatch willvalidate\".split(\" \");function W(a,b){var c=null,e=b.toLowerCase();if(\"style\"==e)return(c=a.style)&&\"string\"!=typeof c&&(c=c.cssText),c;if((\"selected\"==e||\"checked\"==e)&&V(a)){if(!V(a))throw new l(15,\"Element is not selectable\");b=\"selected\";c=a.type&&a.type.toLowerCase();if(\"checkbox\"==c||\"radio\"==c)b=\"checked\";return U(a,b)?\"true\":null}var g=T(a,\"A\");if(T(a,\"IMG\")&&\"src\"==e||g&&\"href\"==e)return(c=S(a,e))&&(c=U(a,e)),c;if(\"spellcheck\"==e){c=S(a,e);if(null!==c){if(\"false\"==c.toLowerCase())return\"false\";if(\"true\"==c.toLowerCase())return\"true\"}return U(a,\ne)+\"\"}g=fa[b]||b;if(0\u003C=h(ha,e))return(c=null!==S(a,b)||U(a,g))?\"true\":null;try{var x=U(a,g)}catch(ia){}(e=null==x)||(e=typeof x,e=\"object\"==e&&null!=x||\"function\"==e);e?c=S(a,b):c=x;return null!=c?c.toString():null}var X=[\"se_exportedFunctionSymbol\"],Y=d;X[0]in Y||\"undefined\"==typeof Y.execScript||Y.execScript(\"var \"+X[0]);for(var Z;X.length&&(Z=X.shift());)X.length||void 0===W?Y[Z]&&Y[Z]!==Object.prototype[Z]?Y=Y[Z]:Y=Y[Z]={}:Y[Z]=W;; return this.se_exportedFunctionSymbol.apply(null,arguments);}).apply(window, arguments);}\n).apply(null, arguments);"
}
[1769669278.165][INFO]: Waiting for pending navigations...
[1769669278.165][INFO]: Done waiting for pending navigations. Status: ok
[1769669278.167][INFO]: Waiting for pending navigations...
[1769669278.167][INFO]: Done waiting for pending navigations. Status: ok
[1769669278.167][INFO]: [e9bdbd4df8cae9f7a7b05ef895e65b5c] RESPONSE ExecuteScript "https://gg.asuracomic.net/storage/media/405813/conversions/07-optimized.webp"
[1769669278.168][INFO]: [e9bdbd4df8cae9f7a7b05ef895e65b5c] COMMAND ExecuteScript {
   "args": [ {
      "element-6066-11e4-a52e-4f735466cecf": "f.CAA1FE4C08EC3FB8AD3888983C4001B7.d.728B49898D8128A16D8B333025A9BEAB.e.32"
   }, "alt" ],
   "script": "/* getAttribute */return (function(){return (function(){var d=this||self;function f(a,b){function c(){}c.prototype=b.prototype;a.prototype=new c;a.prototype.constructor=a};var h=Array.prototype.indexOf?function(a,b){return Array.prototype.indexOf.call(a,b,void 0)}:function(a,b){if(\"string\"===typeof a)return\"string\"!==typeof b||1!=b.length?-1:a.indexOf(b,0);for(var c=0;c\u003Ca.length;c++)if(c in a&&a[c]===b)return c;return-1},k=Array.prototype.forEach?function(a,b){Array.prototype.forEach.call(a,b,void 0)}:function(a,b){for(var c=a.length,e=\"string\"===typeof a?a.split(\"\"):a,g=0;g\u003Cc;g++)g in e&&b.call(void 0,e[g],g,a)};function l(a,b){this.code=a;this.a=m[a]||n;this.message=b||\"\";a=this.a.replace(/((?:^|\\s+)[a-z])/g,function(c){return c.toUpperCase().replace(/^[\\s\\xa0]+/g,\"\")});b=a.length-5;if(0>b||a.indexOf(\"Error\",b)!=b)a+=\"Error\";this.name=a;a=Error(this.message);a.name=this.name;this.stack=a.stack||\"\"}f(l,Error);var n=\"unknown error\",m={15:\"element not selectable\",11:\"element not visible\"};m[31]=n;m[30]=n;m[24]=\"invalid cookie domain\";m[29]=\"invalid element coordinates\";m[12]=\"invalid element state\";m[32]=\"invalid selector\";\nm[51]=\"invalid selector\";m[52]=\"invalid selector\";m[17]=\"javascript error\";m[405]=\"unsupported operation\";m[34]=\"move target out of bounds\";m[27]=\"no such alert\";m[7]=\"no such element\";m[8]=\"no such frame\";m[23]=\"no such window\";m[28]=\"script timeout\";m[33]=\"session not created\";m[10]=\"stale element reference\";m[21]=\"timeout\";m[25]=\"unable to set cookie\";m[26]=\"unexpected alert open\";m[13]=n;m[9]=\"unknown command\";var p;a:{var q=d.navigator;if(q){var r=q.userAgent;if(r){p=r;break a}}p=\"\"}function t(a){return-1!=p.indexOf(a)};function u(){return t(\"Firefox\")||t(\"FxiOS\")}function v(){return(t(\"Chrome\")||t(\"CriOS\"))&&!t(\"Edge\")};function w(){return t(\"iPhone\")&&!t(\"iPod\")&&!t(\"iPad\")};var y=t(\"Opera\"),z=t(\"Trident\")||t(\"MSIE\"),A=t(\"Edge\"),B=t(\"Gecko\")&&!(-1!=p.toLowerCase().indexOf(\"webkit\")&&!t(\"Edge\"))&&!(t(\"Trident\")||t(\"MSIE\"))&&!t(\"Edge\"),C=-1!=p.toLowerCase().indexOf(\"webkit\")&&!t(\"Edge\");function D(){var a=d.document;return a?a.documentMode:void 0}var E;\na:{var F=\"\",G=function(){var a=p;if(B)return/rv:([^\\);]+)(\\)|;)/.exec(a);if(A)return/Edge\\/([\\d\\.]+)/.exec(a);if(z)return/\\b(?:MSIE|rv)[: ]([^\\);]+)(\\)|;)/.exec(a);if(C)return/WebKit\\/(\\S+)/.exec(a);if(y)return/(?:Version)[ \\/]?(\\S+)/.exec(a)}();G&&(F=G?G[1]:\"\");if(z){var H=D();if(null!=H&&H>parseFloat(F)){E=String(H);break a}}E=F}var I;I=d.document&&z?D():void 0;var J=u(),K=w()||t(\"iPod\"),L=t(\"iPad\"),M=t(\"Android\")&&!(v()||u()||t(\"Opera\")||t(\"Silk\")),N=v(),aa=t(\"Safari\")&&!(v()||t(\"Coast\")||t(\"Opera\")||t(\"Edge\")||t(\"Edg/\")||t(\"OPR\")||u()||t(\"Silk\")||t(\"Android\"))&&!(w()||t(\"iPad\")||t(\"iPod\"));function O(a){return(a=a.exec(p))?a[1]:\"\"}(function(){if(J)return O(/Firefox\\/([0-9.]+)/);if(z||A||y)return E;if(N)return w()||t(\"iPad\")||t(\"iPod\")?O(/CriOS\\/([0-9.]+)/):O(/Chrome\\/([0-9.]+)/);if(aa&&!(w()||t(\"iPad\")||t(\"iPod\")))return O(/Version\\/([0-9.]+)/);if(K||L){var a=/Version\\/(\\S+).*Mobile\\/(\\S+)/.exec(p);if(a)return a[1]+\".\"+a[2]}else if(M)return(a=O(/Android\\s+([0-9.]+)/))?a:O(/Version\\/([0-9.]+)/);return\"\"})();var P=z&&!(8\u003C=Number(I)),ba=z&&!(9\u003C=Number(I));var ca={SCRIPT:1,STYLE:1,HEAD:1,IFRAME:1,OBJECT:1},Q={IMG:\" \",BR:\"\\n\"};function R(a,b,c){if(!(a.nodeName in ca))if(3==a.nodeType)c?b.push(String(a.nodeValue).replace(/(\\r\\n|\\r|\\n)/g,\"\")):b.push(a.nodeValue);else if(a.nodeName in Q)b.push(Q[a.nodeName]);else for(a=a.firstChild;a;)R(a,b,c),a=a.nextSibling};function S(a,b){b=b.toLowerCase();return\"style\"==b?da(a.style.cssText):P&&\"value\"==b&&T(a,\"INPUT\")?a.value:ba&&!0===a[b]?String(a.getAttribute(b)):(a=a.getAttributeNode(b))&&a.specified?a.value:null}var ea=/[;]+(?=(?:(?:[^\"]*\"){2})*[^\"]*$)(?=(?:(?:[^']*'){2})*[^']*$)(?=(?:[^()]*\\([^()]*\\))*[^()]*$)/;\nfunction da(a){var b=[];k(a.split(ea),function(c){var e=c.indexOf(\":\");0\u003Ce&&(c=[c.slice(0,e),c.slice(e+1)],2==c.length&&b.push(c[0].toLowerCase(),\":\",c[1],\";\"))});b=b.join(\"\");return b=\";\"==b.charAt(b.length-1)?b:b+\";\"}function U(a,b){P&&\"value\"==b&&T(a,\"OPTION\")&&null===S(a,\"value\")?(b=[],R(a,b,!1),a=b.join(\"\")):a=a[b];return a}\nfunction T(a,b){b&&\"string\"!==typeof b&&(b=b.toString());return a instanceof HTMLFormElement?!!a&&1==a.nodeType&&(!b||\"FORM\"==b):!!a&&1==a.nodeType&&(!b||a.tagName.toUpperCase()==b)}function V(a){return T(a,\"OPTION\")?!0:T(a,\"INPUT\")?(a=a.type.toLowerCase(),\"checkbox\"==a||\"radio\"==a):!1};var fa={\"class\":\"className\",readonly:\"readOnly\"},ha=\"allowfullscreen allowpaymentrequest allowusermedia async autofocus autoplay checked compact complete controls declare default defaultchecked defaultselected defer disabled ended formnovalidate hidden indeterminate iscontenteditable ismap itemscope loop multiple muted nohref nomodule noresize noshade novalidate nowrap open paused playsinline pubdate readonly required reversed scoped seamless seeking selected truespeed typemustmatch willvalidate\".split(\" \");function W(a,b){var c=null,e=b.toLowerCase();if(\"style\"==e)return(c=a.style)&&\"string\"!=typeof c&&(c=c.cssText),c;if((\"selected\"==e||\"checked\"==e)&&V(a)){if(!V(a))throw new l(15,\"Element is not selectable\");b=\"selected\";c=a.type&&a.type.toLowerCase();if(\"checkbox\"==c||\"radio\"==c)b=\"checked\";return U(a,b)?\"true\":null}var g=T(a,\"A\");if(T(a,\"IMG\")&&\"src\"==e||g&&\"href\"==e)return(c=S(a,e))&&(c=U(a,e)),c;if(\"spellcheck\"==e){c=S(a,e);if(null!==c){if(\"false\"==c.toLowerCase())return\"false\";if(\"true\"==c.toLowerCase())return\"true\"}return U(a,\ne)+\"\"}g=fa[b]||b;if(0\u003C=h(ha,e))return(c=null!==S(a,b)||U(a,g))?\"true\":null;try{var x=U(a,g)}catch(ia){}(e=null==x)||(e=typeof x,e=\"object\"==e&&null!=x||\"function\"==e);e?c=S(a,b):c=x;return null!=c?c.toString():null}var X=[\"se_exportedFunctionSymbol\"],Y=d;X[0]in Y||\"undefined\"==typeof Y.execScript||Y.execScript(\"var \"+X[0]);for(var Z;X.length&&(Z=X.shift());)X.length||void 0===W?Y[Z]&&Y[Z]!==Object.prototype[Z]?Y=Y[Z]:Y=Y[Z]={}:Y[Z]=W;; return this.se_exportedFunctionSymbol.apply(null,arguments);}).apply(window, arguments);}\n).apply(null, arguments);"
}
[1769669278.168][INFO]: Waiting for pending navigations...
[1769669278.168][INFO]: Done waiting for pending navigations. Status: ok
[1769669278.170][INFO]: Waiting for pending navigations...
[1769669278.171][INFO]: Done waiting for pending navigations. Status: ok
[1769669278.171][INFO]: [e9bdbd4df8cae9f7a7b05ef895e65b5c] RESPONSE ExecuteScript "chapter page 9"
[1769669278.171][INFO]: [e9bdbd4df8cae9f7a7b05ef895e65b5c] COMMAND ExecuteScript {
   "args": [ {
      "element-6066-11e4-a52e-4f735466cecf": "f.CAA1FE4C08EC3FB8AD3888983C4001B7.d.728B49898D8128A16D8B333025A9BEAB.e.32"
   }, "currentSrc" ],
   "script": "/* getAttribute */return (function(){return (function(){var d=this||self;function f(a,b){function c(){}c.prototype=b.prototype;a.prototype=new c;a.prototype.constructor=a};var h=Array.prototype.indexOf?function(a,b){return Array.prototype.indexOf.call(a,b,void 0)}:function(a,b){if(\"string\"===typeof a)return\"string\"!==typeof b||1!=b.length?-1:a.indexOf(b,0);for(var c=0;c\u003Ca.length;c++)if(c in a&&a[c]===b)return c;return-1},k=Array.prototype.forEach?function(a,b){Array.prototype.forEach.call(a,b,void 0)}:function(a,b){for(var c=a.length,e=\"string\"===typeof a?a.split(\"\"):a,g=0;g\u003Cc;g++)g in e&&b.call(void 0,e[g],g,a)};function l(a,b){this.code=a;this.a=m[a]||n;this.message=b||\"\";a=this.a.replace(/((?:^|\\s+)[a-z])/g,function(c){return c.toUpperCase().replace(/^[\\s\\xa0]+/g,\"\")});b=a.length-5;if(0>b||a.indexOf(\"Error\",b)!=b)a+=\"Error\";this.name=a;a=Error(this.message);a.name=this.name;this.stack=a.stack||\"\"}f(l,Error);var n=\"unknown error\",m={15:\"element not selectable\",11:\"element not visible\"};m[31]=n;m[30]=n;m[24]=\"invalid cookie domain\";m[29]=\"invalid element coordinates\";m[12]=\"invalid element state\";m[32]=\"invalid selector\";\nm[51]=\"invalid selector\";m[52]=\"invalid selector\";m[17]=\"javascript error\";m[405]=\"unsupported operation\";m[34]=\"move target out of bounds\";m[27]=\"no such alert\";m[7]=\"no such element\";m[8]=\"no such frame\";m[23]=\"no such window\";m[28]=\"script timeout\";m[33]=\"session not created\";m[10]=\"stale element reference\";m[21]=\"timeout\";m[25]=\"unable to set cookie\";m[26]=\"unexpected alert open\";m[13]=n;m[9]=\"unknown command\";var p;a:{var q=d.navigator;if(q){var r=q.userAgent;if(r){p=r;break a}}p=\"\"}function t(a){return-1!=p.indexOf(a)};function u(){return t(\"Firefox\")||t(\"FxiOS\")}function v(){return(t(\"Chrome\")||t(\"CriOS\"))&&!t(\"Edge\")};function w(){return t(\"iPhone\")&&!t(\"iPod\")&&!t(\"iPad\")};var y=t(\"Opera\"),z=t(\"Trident\")||t(\"MSIE\"),A=t(\"Edge\"),B=t(\"Gecko\")&&!(-1!=p.toLowerCase().indexOf(\"webkit\")&&!t(\"Edge\"))&&!(t(\"Trident\")||t(\"MSIE\"))&&!t(\"Edge\"),C=-1!=p.toLowerCase().indexOf(\"webkit\")&&!t(\"Edge\");function D(){var a=d.document;return a?a.documentMode:void 0}var E;\na:{var F=\"\",G=function(){var a=p;if(B)return/rv:([^\\);]+)(\\)|;)/.exec(a);if(A)return/Edge\\/([\\d\\.]+)/.exec(a);if(z)return/\\b(?:MSIE|rv)[: ]([^\\);]+)(\\)|;)/.exec(a);if(C)return/WebKit\\/(\\S+)/.exec(a);if(y)return/(?:Version)[ \\/]?(\\S+)/.exec(a)}();G&&(F=G?G[1]:\"\");if(z){var H=D();if(null!=H&&H>parseFloat(F)){E=String(H);break a}}E=F}var I;I=d.document&&z?D():void 0;var J=u(),K=w()||t(\"iPod\"),L=t(\"iPad\"),M=t(\"Android\")&&!(v()||u()||t(\"Opera\")||t(\"Silk\")),N=v(),aa=t(\"Safari\")&&!(v()||t(\"Coast\")||t(\"Opera\")||t(\"Edge\")||t(\"Edg/\")||t(\"OPR\")||u()||t(\"Silk\")||t(\"Android\"))&&!(w()||t(\"iPad\")||t(\"iPod\"));function O(a){return(a=a.exec(p))?a[1]:\"\"}(function(){if(J)return O(/Firefox\\/([0-9.]+)/);if(z||A||y)return E;if(N)return w()||t(\"iPad\")||t(\"iPod\")?O(/CriOS\\/([0-9.]+)/):O(/Chrome\\/([0-9.]+)/);if(aa&&!(w()||t(\"iPad\")||t(\"iPod\")))return O(/Version\\/([0-9.]+)/);if(K||L){var a=/Version\\/(\\S+).*Mobile\\/(\\S+)/.exec(p);if(a)return a[1]+\".\"+a[2]}else if(M)return(a=O(/Android\\s+([0-9.]+)/))?a:O(/Version\\/([0-9.]+)/);return\"\"})();var P=z&&!(8\u003C=Number(I)),ba=z&&!(9\u003C=Number(I));var ca={SCRIPT:1,STYLE:1,HEAD:1,IFRAME:1,OBJECT:1},Q={IMG:\" \",BR:\"\\n\"};function R(a,b,c){if(!(a.nodeName in ca))if(3==a.nodeType)c?b.push(String(a.nodeValue).replace(/(\\r\\n|\\r|\\n)/g,\"\")):b.push(a.nodeValue);else if(a.nodeName in Q)b.push(Q[a.nodeName]);else for(a=a.firstChild;a;)R(a,b,c),a=a.nextSibling};function S(a,b){b=b.toLowerCase();return\"style\"==b?da(a.style.cssText):P&&\"value\"==b&&T(a,\"INPUT\")?a.value:ba&&!0===a[b]?String(a.getAttribute(b)):(a=a.getAttributeNode(b))&&a.specified?a.value:null}var ea=/[;]+(?=(?:(?:[^\"]*\"){2})*[^\"]*$)(?=(?:(?:[^']*'){2})*[^']*$)(?=(?:[^()]*\\([^()]*\\))*[^()]*$)/;\nfunction da(a){var b=[];k(a.split(ea),function(c){var e=c.indexOf(\":\");0\u003Ce&&(c=[c.slice(0,e),c.slice(e+1)],2==c.length&&b.push(c[0].toLowerCase(),\":\",c[1],\";\"))});b=b.join(\"\");return b=\";\"==b.charAt(b.length-1)?b:b+\";\"}function U(a,b){P&&\"value\"==b&&T(a,\"OPTION\")&&null===S(a,\"value\")?(b=[],R(a,b,!1),a=b.join(\"\")):a=a[b];return a}\nfunction T(a,b){b&&\"string\"!==typeof b&&(b=b.toString());return a instanceof HTMLFormElement?!!a&&1==a.nodeType&&(!b||\"FORM\"==b):!!a&&1==a.nodeType&&(!b||a.tagName.toUpperCase()==b)}function V(a){return T(a,\"OPTION\")?!0:T(a,\"INPUT\")?(a=a.type.toLowerCase(),\"checkbox\"==a||\"radio\"==a):!1};var fa={\"class\":\"className\",readonly:\"readOnly\"},ha=\"allowfullscreen allowpaymentrequest allowusermedia async autofocus autoplay checked compact complete controls declare default defaultchecked defaultselected defer disabled ended formnovalidate hidden indeterminate iscontenteditable ismap itemscope loop multiple muted nohref nomodule noresize noshade novalidate nowrap open paused playsinline pubdate readonly required reversed scoped seamless seeking selected truespeed typemustmatch willvalidate\".split(\" \");function W(a,b){var c=null,e=b.toLowerCase();if(\"style\"==e)return(c=a.style)&&\"string\"!=typeof c&&(c=c.cssText),c;if((\"selected\"==e||\"checked\"==e)&&V(a)){if(!V(a))throw new l(15,\"Element is not selectable\");b=\"selected\";c=a.type&&a.type.toLowerCase();if(\"checkbox\"==c||\"radio\"==c)b=\"checked\";return U(a,b)?\"true\":null}var g=T(a,\"A\");if(T(a,\"IMG\")&&\"src\"==e||g&&\"href\"==e)return(c=S(a,e))&&(c=U(a,e)),c;if(\"spellcheck\"==e){c=S(a,e);if(null!==c){if(\"false\"==c.toLowerCase())return\"false\";if(\"true\"==c.toLowerCase())return\"true\"}return U(a,\ne)+\"\"}g=fa[b]||b;if(0\u003C=h(ha,e))return(c=null!==S(a,b)||U(a,g))?\"true\":null;try{var x=U(a,g)}catch(ia){}(e=null==x)||(e=typeof x,e=\"object\"==e&&null!=x||\"function\"==e);e?c=S(a,b):c=x;return null!=c?c.toString():null}var X=[\"se_exportedFunctionSymbol\"],Y=d;X[0]in Y||\"undefined\"==typeof Y.execScript||Y.execScript(\"var \"+X[0]);for(var Z;X.length&&(Z=X.shift());)X.length||void 0===W?Y[Z]&&Y[Z]!==Object.prototype[Z]?Y=Y[Z]:Y=Y[Z]={}:Y[Z]=W;; return this.se_exportedFunctionSymbol.apply(null,arguments);}).apply(window, arguments);}\n).apply(null, arguments);"
}
[1769669278.171][INFO]: Waiting for pending navigations...
[1769669278.172][INFO]: Done waiting for pending navigations. Status: ok
[1769669278.174][INFO]: Waiting for pending navigations...
[1769669278.174][INFO]: Done waiting for pending navigations. Status: ok
[1769669278.174][INFO]: [e9bdbd4df8cae9f7a7b05ef895e65b5c] RESPONSE ExecuteScript "https://gg.asuracomic.net/storage/media/405814/conversions/08-optimized.webp"
[1769669278.175][INFO]: [e9bdbd4df8cae9f7a7b05ef895e65b5c] COMMAND ExecuteScript {
   "args": [ {
      "element-6066-11e4-a52e-4f735466cecf": "f.CAA1FE4C08EC3FB8AD3888983C4001B7.d.728B49898D8128A16D8B333025A9BEAB.e.33"
   }, "alt" ],
   "script": "/* getAttribute */return (function(){return (function(){var d=this||self;function f(a,b){function c(){}c.prototype=b.prototype;a.prototype=new c;a.prototype.constructor=a};var h=Array.prototype.indexOf?function(a,b){return Array.prototype.indexOf.call(a,b,void 0)}:function(a,b){if(\"string\"===typeof a)return\"string\"!==typeof b||1!=b.length?-1:a.indexOf(b,0);for(var c=0;c\u003Ca.length;c++)if(c in a&&a[c]===b)return c;return-1},k=Array.prototype.forEach?function(a,b){Array.prototype.forEach.call(a,b,void 0)}:function(a,b){for(var c=a.length,e=\"string\"===typeof a?a.split(\"\"):a,g=0;g\u003Cc;g++)g in e&&b.call(void 0,e[g],g,a)};function l(a,b){this.code=a;this.a=m[a]||n;this.message=b||\"\";a=this.a.replace(/((?:^|\\s+)[a-z])/g,function(c){return c.toUpperCase().replace(/^[\\s\\xa0]+/g,\"\")});b=a.length-5;if(0>b||a.indexOf(\"Error\",b)!=b)a+=\"Error\";this.name=a;a=Error(this.message);a.name=this.name;this.stack=a.stack||\"\"}f(l,Error);var n=\"unknown error\",m={15:\"element not selectable\",11:\"element not visible\"};m[31]=n;m[30]=n;m[24]=\"invalid cookie domain\";m[29]=\"invalid element coordinates\";m[12]=\"invalid element state\";m[32]=\"invalid selector\";\nm[51]=\"invalid selector\";m[52]=\"invalid selector\";m[17]=\"javascript error\";m[405]=\"unsupported operation\";m[34]=\"move target out of bounds\";m[27]=\"no such alert\";m[7]=\"no such element\";m[8]=\"no such frame\";m[23]=\"no such window\";m[28]=\"script timeout\";m[33]=\"session not created\";m[10]=\"stale element reference\";m[21]=\"timeout\";m[25]=\"unable to set cookie\";m[26]=\"unexpected alert open\";m[13]=n;m[9]=\"unknown command\";var p;a:{var q=d.navigator;if(q){var r=q.userAgent;if(r){p=r;break a}}p=\"\"}function t(a){return-1!=p.indexOf(a)};function u(){return t(\"Firefox\")||t(\"FxiOS\")}function v(){return(t(\"Chrome\")||t(\"CriOS\"))&&!t(\"Edge\")};function w(){return t(\"iPhone\")&&!t(\"iPod\")&&!t(\"iPad\")};var y=t(\"Opera\"),z=t(\"Trident\")||t(\"MSIE\"),A=t(\"Edge\"),B=t(\"Gecko\")&&!(-1!=p.toLowerCase().indexOf(\"webkit\")&&!t(\"Edge\"))&&!(t(\"Trident\")||t(\"MSIE\"))&&!t(\"Edge\"),C=-1!=p.toLowerCase().indexOf(\"webkit\")&&!t(\"Edge\");function D(){var a=d.document;return a?a.documentMode:void 0}var E;\na:{var F=\"\",G=function(){var a=p;if(B)return/rv:([^\\);]+)(\\)|;)/.exec(a);if(A)return/Edge\\/([\\d\\.]+)/.exec(a);if(z)return/\\b(?:MSIE|rv)[: ]([^\\);]+)(\\)|;)/.exec(a);if(C)return/WebKit\\/(\\S+)/.exec(a);if(y)return/(?:Version)[ \\/]?(\\S+)/.exec(a)}();G&&(F=G?G[1]:\"\");if(z){var H=D();if(null!=H&&H>parseFloat(F)){E=String(H);break a}}E=F}var I;I=d.document&&z?D():void 0;var J=u(),K=w()||t(\"iPod\"),L=t(\"iPad\"),M=t(\"Android\")&&!(v()||u()||t(\"Opera\")||t(\"Silk\")),N=v(),aa=t(\"Safari\")&&!(v()||t(\"Coast\")||t(\"Opera\")||t(\"Edge\")||t(\"Edg/\")||t(\"OPR\")||u()||t(\"Silk\")||t(\"Android\"))&&!(w()||t(\"iPad\")||t(\"iPod\"));function O(a){return(a=a.exec(p))?a[1]:\"\"}(function(){if(J)return O(/Firefox\\/([0-9.]+)/);if(z||A||y)return E;if(N)return w()||t(\"iPad\")||t(\"iPod\")?O(/CriOS\\/([0-9.]+)/):O(/Chrome\\/([0-9.]+)/);if(aa&&!(w()||t(\"iPad\")||t(\"iPod\")))return O(/Version\\/([0-9.]+)/);if(K||L){var a=/Version\\/(\\S+).*Mobile\\/(\\S+)/.exec(p);if(a)return a[1]+\".\"+a[2]}else if(M)return(a=O(/Android\\s+([0-9.]+)/))?a:O(/Version\\/([0-9.]+)/);return\"\"})();var P=z&&!(8\u003C=Number(I)),ba=z&&!(9\u003C=Number(I));var ca={SCRIPT:1,STYLE:1,HEAD:1,IFRAME:1,OBJECT:1},Q={IMG:\" \",BR:\"\\n\"};function R(a,b,c){if(!(a.nodeName in ca))if(3==a.nodeType)c?b.push(String(a.nodeValue).replace(/(\\r\\n|\\r|\\n)/g,\"\")):b.push(a.nodeValue);else if(a.nodeName in Q)b.push(Q[a.nodeName]);else for(a=a.firstChild;a;)R(a,b,c),a=a.nextSibling};function S(a,b){b=b.toLowerCase();return\"style\"==b?da(a.style.cssText):P&&\"value\"==b&&T(a,\"INPUT\")?a.value:ba&&!0===a[b]?String(a.getAttribute(b)):(a=a.getAttributeNode(b))&&a.specified?a.value:null}var ea=/[;]+(?=(?:(?:[^\"]*\"){2})*[^\"]*$)(?=(?:(?:[^']*'){2})*[^']*$)(?=(?:[^()]*\\([^()]*\\))*[^()]*$)/;\nfunction da(a){var b=[];k(a.split(ea),function(c){var e=c.indexOf(\":\");0\u003Ce&&(c=[c.slice(0,e),c.slice(e+1)],2==c.length&&b.push(c[0].toLowerCase(),\":\",c[1],\";\"))});b=b.join(\"\");return b=\";\"==b.charAt(b.length-1)?b:b+\";\"}function U(a,b){P&&\"value\"==b&&T(a,\"OPTION\")&&null===S(a,\"value\")?(b=[],R(a,b,!1),a=b.join(\"\")):a=a[b];return a}\nfunction T(a,b){b&&\"string\"!==typeof b&&(b=b.toString());return a instanceof HTMLFormElement?!!a&&1==a.nodeType&&(!b||\"FORM\"==b):!!a&&1==a.nodeType&&(!b||a.tagName.toUpperCase()==b)}function V(a){return T(a,\"OPTION\")?!0:T(a,\"INPUT\")?(a=a.type.toLowerCase(),\"checkbox\"==a||\"radio\"==a):!1};var fa={\"class\":\"className\",readonly:\"readOnly\"},ha=\"allowfullscreen allowpaymentrequest allowusermedia async autofocus autoplay checked compact complete controls declare default defaultchecked defaultselected defer disabled ended formnovalidate hidden indeterminate iscontenteditable ismap itemscope loop multiple muted nohref nomodule noresize noshade novalidate nowrap open paused playsinline pubdate readonly required reversed scoped seamless seeking selected truespeed typemustmatch willvalidate\".split(\" \");function W(a,b){var c=null,e=b.toLowerCase();if(\"style\"==e)return(c=a.style)&&\"string\"!=typeof c&&(c=c.cssText),c;if((\"selected\"==e||\"checked\"==e)&&V(a)){if(!V(a))throw new l(15,\"Element is not selectable\");b=\"selected\";c=a.type&&a.type.toLowerCase();if(\"checkbox\"==c||\"radio\"==c)b=\"checked\";return U(a,b)?\"true\":null}var g=T(a,\"A\");if(T(a,\"IMG\")&&\"src\"==e||g&&\"href\"==e)return(c=S(a,e))&&(c=U(a,e)),c;if(\"spellcheck\"==e){c=S(a,e);if(null!==c){if(\"false\"==c.toLowerCase())return\"false\";if(\"true\"==c.toLowerCase())return\"true\"}return U(a,\ne)+\"\"}g=fa[b]||b;if(0\u003C=h(ha,e))return(c=null!==S(a,b)||U(a,g))?\"true\":null;try{var x=U(a,g)}catch(ia){}(e=null==x)||(e=typeof x,e=\"object\"==e&&null!=x||\"function\"==e);e?c=S(a,b):c=x;return null!=c?c.toString():null}var X=[\"se_exportedFunctionSymbol\"],Y=d;X[0]in Y||\"undefined\"==typeof Y.execScript||Y.execScript(\"var \"+X[0]);for(var Z;X.length&&(Z=X.shift());)X.length||void 0===W?Y[Z]&&Y[Z]!==Object.prototype[Z]?Y=Y[Z]:Y=Y[Z]={}:Y[Z]=W;; return this.se_exportedFunctionSymbol.apply(null,arguments);}).apply(window, arguments);}\n).apply(null, arguments);"
}
[1769669278.175][INFO]: Waiting for pending navigations...
[1769669278.175][INFO]: Done waiting for pending navigations. Status: ok
[1769669278.177][INFO]: Waiting for pending navigations...
[1769669278.177][INFO]: Done waiting for pending navigations. Status: ok
[1769669278.177][INFO]: [e9bdbd4df8cae9f7a7b05ef895e65b5c] RESPONSE ExecuteScript "chapter page 10"
[1769669278.178][INFO]: [e9bdbd4df8cae9f7a7b05ef895e65b5c] COMMAND ExecuteScript {
   "args": [ {
      "element-6066-11e4-a52e-4f735466cecf": "f.CAA1FE4C08EC3FB8AD3888983C4001B7.d.728B49898D8128A16D8B333025A9BEAB.e.33"
   }, "currentSrc" ],
   "script": "/* getAttribute */return (function(){return (function(){var d=this||self;function f(a,b){function c(){}c.prototype=b.prototype;a.prototype=new c;a.prototype.constructor=a};var h=Array.prototype.indexOf?function(a,b){return Array.prototype.indexOf.call(a,b,void 0)}:function(a,b){if(\"string\"===typeof a)return\"string\"!==typeof b||1!=b.length?-1:a.indexOf(b,0);for(var c=0;c\u003Ca.length;c++)if(c in a&&a[c]===b)return c;return-1},k=Array.prototype.forEach?function(a,b){Array.prototype.forEach.call(a,b,void 0)}:function(a,b){for(var c=a.length,e=\"string\"===typeof a?a.split(\"\"):a,g=0;g\u003Cc;g++)g in e&&b.call(void 0,e[g],g,a)};function l(a,b){this.code=a;this.a=m[a]||n;this.message=b||\"\";a=this.a.replace(/((?:^|\\s+)[a-z])/g,function(c){return c.toUpperCase().replace(/^[\\s\\xa0]+/g,\"\")});b=a.length-5;if(0>b||a.indexOf(\"Error\",b)!=b)a+=\"Error\";this.name=a;a=Error(this.message);a.name=this.name;this.stack=a.stack||\"\"}f(l,Error);var n=\"unknown error\",m={15:\"element not selectable\",11:\"element not visible\"};m[31]=n;m[30]=n;m[24]=\"invalid cookie domain\";m[29]=\"invalid element coordinates\";m[12]=\"invalid element state\";m[32]=\"invalid selector\";\nm[51]=\"invalid selector\";m[52]=\"invalid selector\";m[17]=\"javascript error\";m[405]=\"unsupported operation\";m[34]=\"move target out of bounds\";m[27]=\"no such alert\";m[7]=\"no such element\";m[8]=\"no such frame\";m[23]=\"no such window\";m[28]=\"script timeout\";m[33]=\"session not created\";m[10]=\"stale element reference\";m[21]=\"timeout\";m[25]=\"unable to set cookie\";m[26]=\"unexpected alert open\";m[13]=n;m[9]=\"unknown command\";var p;a:{var q=d.navigator;if(q){var r=q.userAgent;if(r){p=r;break a}}p=\"\"}function t(a){return-1!=p.indexOf(a)};function u(){return t(\"Firefox\")||t(\"FxiOS\")}function v(){return(t(\"Chrome\")||t(\"CriOS\"))&&!t(\"Edge\")};function w(){return t(\"iPhone\")&&!t(\"iPod\")&&!t(\"iPad\")};var y=t(\"Opera\"),z=t(\"Trident\")||t(\"MSIE\"),A=t(\"Edge\"),B=t(\"Gecko\")&&!(-1!=p.toLowerCase().indexOf(\"webkit\")&&!t(\"Edge\"))&&!(t(\"Trident\")||t(\"MSIE\"))&&!t(\"Edge\"),C=-1!=p.toLowerCase().indexOf(\"webkit\")&&!t(\"Edge\");function D(){var a=d.document;return a?a.documentMode:void 0}var E;\na:{var F=\"\",G=function(){var a=p;if(B)return/rv:([^\\);]+)(\\)|;)/.exec(a);if(A)return/Edge\\/([\\d\\.]+)/.exec(a);if(z)return/\\b(?:MSIE|rv)[: ]([^\\);]+)(\\)|;)/.exec(a);if(C)return/WebKit\\/(\\S+)/.exec(a);if(y)return/(?:Version)[ \\/]?(\\S+)/.exec(a)}();G&&(F=G?G[1]:\"\");if(z){var H=D();if(null!=H&&H>parseFloat(F)){E=String(H);break a}}E=F}var I;I=d.document&&z?D():void 0;var J=u(),K=w()||t(\"iPod\"),L=t(\"iPad\"),M=t(\"Android\")&&!(v()||u()||t(\"Opera\")||t(\"Silk\")),N=v(),aa=t(\"Safari\")&&!(v()||t(\"Coast\")||t(\"Opera\")||t(\"Edge\")||t(\"Edg/\")||t(\"OPR\")||u()||t(\"Silk\")||t(\"Android\"))&&!(w()||t(\"iPad\")||t(\"iPod\"));function O(a){return(a=a.exec(p))?a[1]:\"\"}(function(){if(J)return O(/Firefox\\/([0-9.]+)/);if(z||A||y)return E;if(N)return w()||t(\"iPad\")||t(\"iPod\")?O(/CriOS\\/([0-9.]+)/):O(/Chrome\\/([0-9.]+)/);if(aa&&!(w()||t(\"iPad\")||t(\"iPod\")))return O(/Version\\/([0-9.]+)/);if(K||L){var a=/Version\\/(\\S+).*Mobile\\/(\\S+)/.exec(p);if(a)return a[1]+\".\"+a[2]}else if(M)return(a=O(/Android\\s+([0-9.]+)/))?a:O(/Version\\/([0-9.]+)/);return\"\"})();var P=z&&!(8\u003C=Number(I)),ba=z&&!(9\u003C=Number(I));var ca={SCRIPT:1,STYLE:1,HEAD:1,IFRAME:1,OBJECT:1},Q={IMG:\" \",BR:\"\\n\"};function R(a,b,c){if(!(a.nodeName in ca))if(3==a.nodeType)c?b.push(String(a.nodeValue).replace(/(\\r\\n|\\r|\\n)/g,\"\")):b.push(a.nodeValue);else if(a.nodeName in Q)b.push(Q[a.nodeName]);else for(a=a.firstChild;a;)R(a,b,c),a=a.nextSibling};function S(a,b){b=b.toLowerCase();return\"style\"==b?da(a.style.cssText):P&&\"value\"==b&&T(a,\"INPUT\")?a.value:ba&&!0===a[b]?String(a.getAttribute(b)):(a=a.getAttributeNode(b))&&a.specified?a.value:null}var ea=/[;]+(?=(?:(?:[^\"]*\"){2})*[^\"]*$)(?=(?:(?:[^']*'){2})*[^']*$)(?=(?:[^()]*\\([^()]*\\))*[^()]*$)/;\nfunction da(a){var b=[];k(a.split(ea),function(c){var e=c.indexOf(\":\");0\u003Ce&&(c=[c.slice(0,e),c.slice(e+1)],2==c.length&&b.push(c[0].toLowerCase(),\":\",c[1],\";\"))});b=b.join(\"\");return b=\";\"==b.charAt(b.length-1)?b:b+\";\"}function U(a,b){P&&\"value\"==b&&T(a,\"OPTION\")&&null===S(a,\"value\")?(b=[],R(a,b,!1),a=b.join(\"\")):a=a[b];return a}\nfunction T(a,b){b&&\"string\"!==typeof b&&(b=b.toString());return a instanceof HTMLFormElement?!!a&&1==a.nodeType&&(!b||\"FORM\"==b):!!a&&1==a.nodeType&&(!b||a.tagName.toUpperCase()==b)}function V(a){return T(a,\"OPTION\")?!0:T(a,\"INPUT\")?(a=a.type.toLowerCase(),\"checkbox\"==a||\"radio\"==a):!1};var fa={\"class\":\"className\",readonly:\"readOnly\"},ha=\"allowfullscreen allowpaymentrequest allowusermedia async autofocus autoplay checked compact complete controls declare default defaultchecked defaultselected defer disabled ended formnovalidate hidden indeterminate iscontenteditable ismap itemscope loop multiple muted nohref nomodule noresize noshade novalidate nowrap open paused playsinline pubdate readonly required reversed scoped seamless seeking selected truespeed typemustmatch willvalidate\".split(\" \");function W(a,b){var c=null,e=b.toLowerCase();if(\"style\"==e)return(c=a.style)&&\"string\"!=typeof c&&(c=c.cssText),c;if((\"selected\"==e||\"checked\"==e)&&V(a)){if(!V(a))throw new l(15,\"Element is not selectable\");b=\"selected\";c=a.type&&a.type.toLowerCase();if(\"checkbox\"==c||\"radio\"==c)b=\"checked\";return U(a,b)?\"true\":null}var g=T(a,\"A\");if(T(a,\"IMG\")&&\"src\"==e||g&&\"href\"==e)return(c=S(a,e))&&(c=U(a,e)),c;if(\"spellcheck\"==e){c=S(a,e);if(null!==c){if(\"false\"==c.toLowerCase())return\"false\";if(\"true\"==c.toLowerCase())return\"true\"}return U(a,\ne)+\"\"}g=fa[b]||b;if(0\u003C=h(ha,e))return(c=null!==S(a,b)||U(a,g))?\"true\":null;try{var x=U(a,g)}catch(ia){}(e=null==x)||(e=typeof x,e=\"object\"==e&&null!=x||\"function\"==e);e?c=S(a,b):c=x;return null!=c?c.toString():null}var X=[\"se_exportedFunctionSymbol\"],Y=d;X[0]in Y||\"undefined\"==typeof Y.execScript||Y.execScript(\"var \"+X[0]);for(var Z;X.length&&(Z=X.shift());)X.length||void 0===W?Y[Z]&&Y[Z]!==Object.prototype[Z]?Y=Y[Z]:Y=Y[Z]={}:Y[Z]=W;; return this.se_exportedFunctionSymbol.apply(null,arguments);}).apply(window, arguments);}\n).apply(null, arguments);"
}
[1769669278.178][INFO]: Waiting for pending navigations...
[1769669278.178][INFO]: Done waiting for pending navigations. Status: ok
[1769669278.180][INFO]: Waiting for pending navigations...
[1769669278.180][INFO]: Done waiting for pending navigations. Status: ok
[1769669278.180][INFO]: [e9bdbd4df8cae9f7a7b05ef895e65b5c] RESPONSE ExecuteScript "https://gg.asuracomic.net/storage/media/405815/conversions/09-optimized.webp"
[1769669278.181][INFO]: [e9bdbd4df8cae9f7a7b05ef895e65b5c] COMMAND ExecuteScript {
   "args": [ {
      "element-6066-11e4-a52e-4f735466cecf": "f.CAA1FE4C08EC3FB8AD3888983C4001B7.d.728B49898D8128A16D8B333025A9BEAB.e.34"
   }, "alt" ],
   "script": "/* getAttribute */return (function(){return (function(){var d=this||self;function f(a,b){function c(){}c.prototype=b.prototype;a.prototype=new c;a.prototype.constructor=a};var h=Array.prototype.indexOf?function(a,b){return Array.prototype.indexOf.call(a,b,void 0)}:function(a,b){if(\"string\"===typeof a)return\"string\"!==typeof b||1!=b.length?-1:a.indexOf(b,0);for(var c=0;c\u003Ca.length;c++)if(c in a&&a[c]===b)return c;return-1},k=Array.prototype.forEach?function(a,b){Array.prototype.forEach.call(a,b,void 0)}:function(a,b){for(var c=a.length,e=\"string\"===typeof a?a.split(\"\"):a,g=0;g\u003Cc;g++)g in e&&b.call(void 0,e[g],g,a)};function l(a,b){this.code=a;this.a=m[a]||n;this.message=b||\"\";a=this.a.replace(/((?:^|\\s+)[a-z])/g,function(c){return c.toUpperCase().replace(/^[\\s\\xa0]+/g,\"\")});b=a.length-5;if(0>b||a.indexOf(\"Error\",b)!=b)a+=\"Error\";this.name=a;a=Error(this.message);a.name=this.name;this.stack=a.stack||\"\"}f(l,Error);var n=\"unknown error\",m={15:\"element not selectable\",11:\"element not visible\"};m[31]=n;m[30]=n;m[24]=\"invalid cookie domain\";m[29]=\"invalid element coordinates\";m[12]=\"invalid element state\";m[32]=\"invalid selector\";\nm[51]=\"invalid selector\";m[52]=\"invalid selector\";m[17]=\"javascript error\";m[405]=\"unsupported operation\";m[34]=\"move target out of bounds\";m[27]=\"no such alert\";m[7]=\"no such element\";m[8]=\"no such frame\";m[23]=\"no such window\";m[28]=\"script timeout\";m[33]=\"session not created\";m[10]=\"stale element reference\";m[21]=\"timeout\";m[25]=\"unable to set cookie\";m[26]=\"unexpected alert open\";m[13]=n;m[9]=\"unknown command\";var p;a:{var q=d.navigator;if(q){var r=q.userAgent;if(r){p=r;break a}}p=\"\"}function t(a){return-1!=p.indexOf(a)};function u(){return t(\"Firefox\")||t(\"FxiOS\")}function v(){return(t(\"Chrome\")||t(\"CriOS\"))&&!t(\"Edge\")};function w(){return t(\"iPhone\")&&!t(\"iPod\")&&!t(\"iPad\")};var y=t(\"Opera\"),z=t(\"Trident\")||t(\"MSIE\"),A=t(\"Edge\"),B=t(\"Gecko\")&&!(-1!=p.toLowerCase().indexOf(\"webkit\")&&!t(\"Edge\"))&&!(t(\"Trident\")||t(\"MSIE\"))&&!t(\"Edge\"),C=-1!=p.toLowerCase().indexOf(\"webkit\")&&!t(\"Edge\");function D(){var a=d.document;return a?a.documentMode:void 0}var E;\na:{var F=\"\",G=function(){var a=p;if(B)return/rv:([^\\);]+)(\\)|;)/.exec(a);if(A)return/Edge\\/([\\d\\.]+)/.exec(a);if(z)return/\\b(?:MSIE|rv)[: ]([^\\);]+)(\\)|;)/.exec(a);if(C)return/WebKit\\/(\\S+)/.exec(a);if(y)return/(?:Version)[ \\/]?(\\S+)/.exec(a)}();G&&(F=G?G[1]:\"\");if(z){var H=D();if(null!=H&&H>parseFloat(F)){E=String(H);break a}}E=F}var I;I=d.document&&z?D():void 0;var J=u(),K=w()||t(\"iPod\"),L=t(\"iPad\"),M=t(\"Android\")&&!(v()||u()||t(\"Opera\")||t(\"Silk\")),N=v(),aa=t(\"Safari\")&&!(v()||t(\"Coast\")||t(\"Opera\")||t(\"Edge\")||t(\"Edg/\")||t(\"OPR\")||u()||t(\"Silk\")||t(\"Android\"))&&!(w()||t(\"iPad\")||t(\"iPod\"));function O(a){return(a=a.exec(p))?a[1]:\"\"}(function(){if(J)return O(/Firefox\\/([0-9.]+)/);if(z||A||y)return E;if(N)return w()||t(\"iPad\")||t(\"iPod\")?O(/CriOS\\/([0-9.]+)/):O(/Chrome\\/([0-9.]+)/);if(aa&&!(w()||t(\"iPad\")||t(\"iPod\")))return O(/Version\\/([0-9.]+)/);if(K||L){var a=/Version\\/(\\S+).*Mobile\\/(\\S+)/.exec(p);if(a)return a[1]+\".\"+a[2]}else if(M)return(a=O(/Android\\s+([0-9.]+)/))?a:O(/Version\\/([0-9.]+)/);return\"\"})();var P=z&&!(8\u003C=Number(I)),ba=z&&!(9\u003C=Number(I));var ca={SCRIPT:1,STYLE:1,HEAD:1,IFRAME:1,OBJECT:1},Q={IMG:\" \",BR:\"\\n\"};function R(a,b,c){if(!(a.nodeName in ca))if(3==a.nodeType)c?b.push(String(a.nodeValue).replace(/(\\r\\n|\\r|\\n)/g,\"\")):b.push(a.nodeValue);else if(a.nodeName in Q)b.push(Q[a.nodeName]);else for(a=a.firstChild;a;)R(a,b,c),a=a.nextSibling};function S(a,b){b=b.toLowerCase();return\"style\"==b?da(a.style.cssText):P&&\"value\"==b&&T(a,\"INPUT\")?a.value:ba&&!0===a[b]?String(a.getAttribute(b)):(a=a.getAttributeNode(b))&&a.specified?a.value:null}var ea=/[;]+(?=(?:(?:[^\"]*\"){2})*[^\"]*$)(?=(?:(?:[^']*'){2})*[^']*$)(?=(?:[^()]*\\([^()]*\\))*[^()]*$)/;\nfunction da(a){var b=[];k(a.split(ea),function(c){var e=c.indexOf(\":\");0\u003Ce&&(c=[c.slice(0,e),c.slice(e+1)],2==c.length&&b.push(c[0].toLowerCase(),\":\",c[1],\";\"))});b=b.join(\"\");return b=\";\"==b.charAt(b.length-1)?b:b+\";\"}function U(a,b){P&&\"value\"==b&&T(a,\"OPTION\")&&null===S(a,\"value\")?(b=[],R(a,b,!1),a=b.join(\"\")):a=a[b];return a}\nfunction T(a,b){b&&\"string\"!==typeof b&&(b=b.toString());return a instanceof HTMLFormElement?!!a&&1==a.nodeType&&(!b||\"FORM\"==b):!!a&&1==a.nodeType&&(!b||a.tagName.toUpperCase()==b)}function V(a){return T(a,\"OPTION\")?!0:T(a,\"INPUT\")?(a=a.type.toLowerCase(),\"checkbox\"==a||\"radio\"==a):!1};var fa={\"class\":\"className\",readonly:\"readOnly\"},ha=\"allowfullscreen allowpaymentrequest allowusermedia async autofocus autoplay checked compact complete controls declare default defaultchecked defaultselected defer disabled ended formnovalidate hidden indeterminate iscontenteditable ismap itemscope loop multiple muted nohref nomodule noresize noshade novalidate nowrap open paused playsinline pubdate readonly required reversed scoped seamless seeking selected truespeed typemustmatch willvalidate\".split(\" \");function W(a,b){var c=null,e=b.toLowerCase();if(\"style\"==e)return(c=a.style)&&\"string\"!=typeof c&&(c=c.cssText),c;if((\"selected\"==e||\"checked\"==e)&&V(a)){if(!V(a))throw new l(15,\"Element is not selectable\");b=\"selected\";c=a.type&&a.type.toLowerCase();if(\"checkbox\"==c||\"radio\"==c)b=\"checked\";return U(a,b)?\"true\":null}var g=T(a,\"A\");if(T(a,\"IMG\")&&\"src\"==e||g&&\"href\"==e)return(c=S(a,e))&&(c=U(a,e)),c;if(\"spellcheck\"==e){c=S(a,e);if(null!==c){if(\"false\"==c.toLowerCase())return\"false\";if(\"true\"==c.toLowerCase())return\"true\"}return U(a,\ne)+\"\"}g=fa[b]||b;if(0\u003C=h(ha,e))return(c=null!==S(a,b)||U(a,g))?\"true\":null;try{var x=U(a,g)}catch(ia){}(e=null==x)||(e=typeof x,e=\"object\"==e&&null!=x||\"function\"==e);e?c=S(a,b):c=x;return null!=c?c.toString():null}var X=[\"se_exportedFunctionSymbol\"],Y=d;X[0]in Y||\"undefined\"==typeof Y.execScript||Y.execScript(\"var \"+X[0]);for(var Z;X.length&&(Z=X.shift());)X.length||void 0===W?Y[Z]&&Y[Z]!==Object.prototype[Z]?Y=Y[Z]:Y=Y[Z]={}:Y[Z]=W;; return this.se_exportedFunctionSymbol.apply(null,arguments);}).apply(window, arguments);}\n).apply(null, arguments);"
}
[1769669278.181][INFO]: Waiting for pending navigations...
[1769669278.181][INFO]: Done waiting for pending navigations. Status: ok
[1769669278.183][INFO]: Waiting for pending navigations...
[1769669278.183][INFO]: Done waiting for pending navigations. Status: ok
[1769669278.183][INFO]: [e9bdbd4df8cae9f7a7b05ef895e65b5c] RESPONSE ExecuteScript "chapter page 11"
[1769669278.184][INFO]: [e9bdbd4df8cae9f7a7b05ef895e65b5c] COMMAND ExecuteScript {
   "args": [ {
      "element-6066-11e4-a52e-4f735466cecf": "f.CAA1FE4C08EC3FB8AD3888983C4001B7.d.728B49898D8128A16D8B333025A9BEAB.e.34"
   }, "currentSrc" ],
   "script": "/* getAttribute */return (function(){return (function(){var d=this||self;function f(a,b){function c(){}c.prototype=b.prototype;a.prototype=new c;a.prototype.constructor=a};var h=Array.prototype.indexOf?function(a,b){return Array.prototype.indexOf.call(a,b,void 0)}:function(a,b){if(\"string\"===typeof a)return\"string\"!==typeof b||1!=b.length?-1:a.indexOf(b,0);for(var c=0;c\u003Ca.length;c++)if(c in a&&a[c]===b)return c;return-1},k=Array.prototype.forEach?function(a,b){Array.prototype.forEach.call(a,b,void 0)}:function(a,b){for(var c=a.length,e=\"string\"===typeof a?a.split(\"\"):a,g=0;g\u003Cc;g++)g in e&&b.call(void 0,e[g],g,a)};function l(a,b){this.code=a;this.a=m[a]||n;this.message=b||\"\";a=this.a.replace(/((?:^|\\s+)[a-z])/g,function(c){return c.toUpperCase().replace(/^[\\s\\xa0]+/g,\"\")});b=a.length-5;if(0>b||a.indexOf(\"Error\",b)!=b)a+=\"Error\";this.name=a;a=Error(this.message);a.name=this.name;this.stack=a.stack||\"\"}f(l,Error);var n=\"unknown error\",m={15:\"element not selectable\",11:\"element not visible\"};m[31]=n;m[30]=n;m[24]=\"invalid cookie domain\";m[29]=\"invalid element coordinates\";m[12]=\"invalid element state\";m[32]=\"invalid selector\";\nm[51]=\"invalid selector\";m[52]=\"invalid selector\";m[17]=\"javascript error\";m[405]=\"unsupported operation\";m[34]=\"move target out of bounds\";m[27]=\"no such alert\";m[7]=\"no such element\";m[8]=\"no such frame\";m[23]=\"no such window\";m[28]=\"script timeout\";m[33]=\"session not created\";m[10]=\"stale element reference\";m[21]=\"timeout\";m[25]=\"unable to set cookie\";m[26]=\"unexpected alert open\";m[13]=n;m[9]=\"unknown command\";var p;a:{var q=d.navigator;if(q){var r=q.userAgent;if(r){p=r;break a}}p=\"\"}function t(a){return-1!=p.indexOf(a)};function u(){return t(\"Firefox\")||t(\"FxiOS\")}function v(){return(t(\"Chrome\")||t(\"CriOS\"))&&!t(\"Edge\")};function w(){return t(\"iPhone\")&&!t(\"iPod\")&&!t(\"iPad\")};var y=t(\"Opera\"),z=t(\"Trident\")||t(\"MSIE\"),A=t(\"Edge\"),B=t(\"Gecko\")&&!(-1!=p.toLowerCase().indexOf(\"webkit\")&&!t(\"Edge\"))&&!(t(\"Trident\")||t(\"MSIE\"))&&!t(\"Edge\"),C=-1!=p.toLowerCase().indexOf(\"webkit\")&&!t(\"Edge\");function D(){var a=d.document;return a?a.documentMode:void 0}var E;\na:{var F=\"\",G=function(){var a=p;if(B)return/rv:([^\\);]+)(\\)|;)/.exec(a);if(A)return/Edge\\/([\\d\\.]+)/.exec(a);if(z)return/\\b(?:MSIE|rv)[: ]([^\\);]+)(\\)|;)/.exec(a);if(C)return/WebKit\\/(\\S+)/.exec(a);if(y)return/(?:Version)[ \\/]?(\\S+)/.exec(a)}();G&&(F=G?G[1]:\"\");if(z){var H=D();if(null!=H&&H>parseFloat(F)){E=String(H);break a}}E=F}var I;I=d.document&&z?D():void 0;var J=u(),K=w()||t(\"iPod\"),L=t(\"iPad\"),M=t(\"Android\")&&!(v()||u()||t(\"Opera\")||t(\"Silk\")),N=v(),aa=t(\"Safari\")&&!(v()||t(\"Coast\")||t(\"Opera\")||t(\"Edge\")||t(\"Edg/\")||t(\"OPR\")||u()||t(\"Silk\")||t(\"Android\"))&&!(w()||t(\"iPad\")||t(\"iPod\"));function O(a){return(a=a.exec(p))?a[1]:\"\"}(function(){if(J)return O(/Firefox\\/([0-9.]+)/);if(z||A||y)return E;if(N)return w()||t(\"iPad\")||t(\"iPod\")?O(/CriOS\\/([0-9.]+)/):O(/Chrome\\/([0-9.]+)/);if(aa&&!(w()||t(\"iPad\")||t(\"iPod\")))return O(/Version\\/([0-9.]+)/);if(K||L){var a=/Version\\/(\\S+).*Mobile\\/(\\S+)/.exec(p);if(a)return a[1]+\".\"+a[2]}else if(M)return(a=O(/Android\\s+([0-9.]+)/))?a:O(/Version\\/([0-9.]+)/);return\"\"})();var P=z&&!(8\u003C=Number(I)),ba=z&&!(9\u003C=Number(I));var ca={SCRIPT:1,STYLE:1,HEAD:1,IFRAME:1,OBJECT:1},Q={IMG:\" \",BR:\"\\n\"};function R(a,b,c){if(!(a.nodeName in ca))if(3==a.nodeType)c?b.push(String(a.nodeValue).replace(/(\\r\\n|\\r|\\n)/g,\"\")):b.push(a.nodeValue);else if(a.nodeName in Q)b.push(Q[a.nodeName]);else for(a=a.firstChild;a;)R(a,b,c),a=a.nextSibling};function S(a,b){b=b.toLowerCase();return\"style\"==b?da(a.style.cssText):P&&\"value\"==b&&T(a,\"INPUT\")?a.value:ba&&!0===a[b]?String(a.getAttribute(b)):(a=a.getAttributeNode(b))&&a.specified?a.value:null}var ea=/[;]+(?=(?:(?:[^\"]*\"){2})*[^\"]*$)(?=(?:(?:[^']*'){2})*[^']*$)(?=(?:[^()]*\\([^()]*\\))*[^()]*$)/;\nfunction da(a){var b=[];k(a.split(ea),function(c){var e=c.indexOf(\":\");0\u003Ce&&(c=[c.slice(0,e),c.slice(e+1)],2==c.length&&b.push(c[0].toLowerCase(),\":\",c[1],\";\"))});b=b.join(\"\");return b=\";\"==b.charAt(b.length-1)?b:b+\";\"}function U(a,b){P&&\"value\"==b&&T(a,\"OPTION\")&&null===S(a,\"value\")?(b=[],R(a,b,!1),a=b.join(\"\")):a=a[b];return a}\nfunction T(a,b){b&&\"string\"!==typeof b&&(b=b.toString());return a instanceof HTMLFormElement?!!a&&1==a.nodeType&&(!b||\"FORM\"==b):!!a&&1==a.nodeType&&(!b||a.tagName.toUpperCase()==b)}function V(a){return T(a,\"OPTION\")?!0:T(a,\"INPUT\")?(a=a.type.toLowerCase(),\"checkbox\"==a||\"radio\"==a):!1};var fa={\"class\":\"className\",readonly:\"readOnly\"},ha=\"allowfullscreen allowpaymentrequest allowusermedia async autofocus autoplay checked compact complete controls declare default defaultchecked defaultselected defer disabled ended formnovalidate hidden indeterminate iscontenteditable ismap itemscope loop multiple muted nohref nomodule noresize noshade novalidate nowrap open paused playsinline pubdate readonly required reversed scoped seamless seeking selected truespeed typemustmatch willvalidate\".split(\" \");function W(a,b){var c=null,e=b.toLowerCase();if(\"style\"==e)return(c=a.style)&&\"string\"!=typeof c&&(c=c.cssText),c;if((\"selected\"==e||\"checked\"==e)&&V(a)){if(!V(a))throw new l(15,\"Element is not selectable\");b=\"selected\";c=a.type&&a.type.toLowerCase();if(\"checkbox\"==c||\"radio\"==c)b=\"checked\";return U(a,b)?\"true\":null}var g=T(a,\"A\");if(T(a,\"IMG\")&&\"src\"==e||g&&\"href\"==e)return(c=S(a,e))&&(c=U(a,e)),c;if(\"spellcheck\"==e){c=S(a,e);if(null!==c){if(\"false\"==c.toLowerCase())return\"false\";if(\"true\"==c.toLowerCase())return\"true\"}return U(a,\ne)+\"\"}g=fa[b]||b;if(0\u003C=h(ha,e))return(c=null!==S(a,b)||U(a,g))?\"true\":null;try{var x=U(a,g)}catch(ia){}(e=null==x)||(e=typeof x,e=\"object\"==e&&null!=x||\"function\"==e);e?c=S(a,b):c=x;return null!=c?c.toString():null}var X=[\"se_exportedFunctionSymbol\"],Y=d;X[0]in Y||\"undefined\"==typeof Y.execScript||Y.execScript(\"var \"+X[0]);for(var Z;X.length&&(Z=X.shift());)X.length||void 0===W?Y[Z]&&Y[Z]!==Object.prototype[Z]?Y=Y[Z]:Y=Y[Z]={}:Y[Z]=W;; return this.se_exportedFunctionSymbol.apply(null,arguments);}).apply(window, arguments);}\n).apply(null, arguments);"
}
[1769669278.184][INFO]: Waiting for pending navigations...
[1769669278.184][INFO]: Done waiting for pending navigations. Status: ok
[1769669278.186][INFO]: Waiting for pending navigations...
[1769669278.186][INFO]: Done waiting for pending navigations. Status: ok
[1769669278.186][INFO]: [e9bdbd4df8cae9f7a7b05ef895e65b5c] RESPONSE ExecuteScript "https://gg.asuracomic.net/storage/media/405816/conversions/10-optimized.webp"
[1769669278.187][INFO]: [e9bdbd4df8cae9f7a7b05ef895e65b5c] COMMAND ExecuteScript {
   "args": [ {
      "element-6066-11e4-a52e-4f735466cecf": "f.CAA1FE4C08EC3FB8AD3888983C4001B7.d.728B49898D8128A16D8B333025A9BEAB.e.35"
   }, "alt" ],
   "script": "/* getAttribute */return (function(){return (function(){var d=this||self;function f(a,b){function c(){}c.prototype=b.prototype;a.prototype=new c;a.prototype.constructor=a};var h=Array.prototype.indexOf?function(a,b){return Array.prototype.indexOf.call(a,b,void 0)}:function(a,b){if(\"string\"===typeof a)return\"string\"!==typeof b||1!=b.length?-1:a.indexOf(b,0);for(var c=0;c\u003Ca.length;c++)if(c in a&&a[c]===b)return c;return-1},k=Array.prototype.forEach?function(a,b){Array.prototype.forEach.call(a,b,void 0)}:function(a,b){for(var c=a.length,e=\"string\"===typeof a?a.split(\"\"):a,g=0;g\u003Cc;g++)g in e&&b.call(void 0,e[g],g,a)};function l(a,b){this.code=a;this.a=m[a]||n;this.message=b||\"\";a=this.a.replace(/((?:^|\\s+)[a-z])/g,function(c){return c.toUpperCase().replace(/^[\\s\\xa0]+/g,\"\")});b=a.length-5;if(0>b||a.indexOf(\"Error\",b)!=b)a+=\"Error\";this.name=a;a=Error(this.message);a.name=this.name;this.stack=a.stack||\"\"}f(l,Error);var n=\"unknown error\",m={15:\"element not selectable\",11:\"element not visible\"};m[31]=n;m[30]=n;m[24]=\"invalid cookie domain\";m[29]=\"invalid element coordinates\";m[12]=\"invalid element state\";m[32]=\"invalid selector\";\nm[51]=\"invalid selector\";m[52]=\"invalid selector\";m[17]=\"javascript error\";m[405]=\"unsupported operation\";m[34]=\"move target out of bounds\";m[27]=\"no such alert\";m[7]=\"no such element\";m[8]=\"no such frame\";m[23]=\"no such window\";m[28]=\"script timeout\";m[33]=\"session not created\";m[10]=\"stale element reference\";m[21]=\"timeout\";m[25]=\"unable to set cookie\";m[26]=\"unexpected alert open\";m[13]=n;m[9]=\"unknown command\";var p;a:{var q=d.navigator;if(q){var r=q.userAgent;if(r){p=r;break a}}p=\"\"}function t(a){return-1!=p.indexOf(a)};function u(){return t(\"Firefox\")||t(\"FxiOS\")}function v(){return(t(\"Chrome\")||t(\"CriOS\"))&&!t(\"Edge\")};function w(){return t(\"iPhone\")&&!t(\"iPod\")&&!t(\"iPad\")};var y=t(\"Opera\"),z=t(\"Trident\")||t(\"MSIE\"),A=t(\"Edge\"),B=t(\"Gecko\")&&!(-1!=p.toLowerCase().indexOf(\"webkit\")&&!t(\"Edge\"))&&!(t(\"Trident\")||t(\"MSIE\"))&&!t(\"Edge\"),C=-1!=p.toLowerCase().indexOf(\"webkit\")&&!t(\"Edge\");function D(){var a=d.document;return a?a.documentMode:void 0}var E;\na:{var F=\"\",G=function(){var a=p;if(B)return/rv:([^\\);]+)(\\)|;)/.exec(a);if(A)return/Edge\\/([\\d\\.]+)/.exec(a);if(z)return/\\b(?:MSIE|rv)[: ]([^\\);]+)(\\)|;)/.exec(a);if(C)return/WebKit\\/(\\S+)/.exec(a);if(y)return/(?:Version)[ \\/]?(\\S+)/.exec(a)}();G&&(F=G?G[1]:\"\");if(z){var H=D();if(null!=H&&H>parseFloat(F)){E=String(H);break a}}E=F}var I;I=d.document&&z?D():void 0;var J=u(),K=w()||t(\"iPod\"),L=t(\"iPad\"),M=t(\"Android\")&&!(v()||u()||t(\"Opera\")||t(\"Silk\")),N=v(),aa=t(\"Safari\")&&!(v()||t(\"Coast\")||t(\"Opera\")||t(\"Edge\")||t(\"Edg/\")||t(\"OPR\")||u()||t(\"Silk\")||t(\"Android\"))&&!(w()||t(\"iPad\")||t(\"iPod\"));function O(a){return(a=a.exec(p))?a[1]:\"\"}(function(){if(J)return O(/Firefox\\/([0-9.]+)/);if(z||A||y)return E;if(N)return w()||t(\"iPad\")||t(\"iPod\")?O(/CriOS\\/([0-9.]+)/):O(/Chrome\\/([0-9.]+)/);if(aa&&!(w()||t(\"iPad\")||t(\"iPod\")))return O(/Version\\/([0-9.]+)/);if(K||L){var a=/Version\\/(\\S+).*Mobile\\/(\\S+)/.exec(p);if(a)return a[1]+\".\"+a[2]}else if(M)return(a=O(/Android\\s+([0-9.]+)/))?a:O(/Version\\/([0-9.]+)/);return\"\"})();var P=z&&!(8\u003C=Number(I)),ba=z&&!(9\u003C=Number(I));var ca={SCRIPT:1,STYLE:1,HEAD:1,IFRAME:1,OBJECT:1},Q={IMG:\" \",BR:\"\\n\"};function R(a,b,c){if(!(a.nodeName in ca))if(3==a.nodeType)c?b.push(String(a.nodeValue).replace(/(\\r\\n|\\r|\\n)/g,\"\")):b.push(a.nodeValue);else if(a.nodeName in Q)b.push(Q[a.nodeName]);else for(a=a.firstChild;a;)R(a,b,c),a=a.nextSibling};function S(a,b){b=b.toLowerCase();return\"style\"==b?da(a.style.cssText):P&&\"value\"==b&&T(a,\"INPUT\")?a.value:ba&&!0===a[b]?String(a.getAttribute(b)):(a=a.getAttributeNode(b))&&a.specified?a.value:null}var ea=/[;]+(?=(?:(?:[^\"]*\"){2})*[^\"]*$)(?=(?:(?:[^']*'){2})*[^']*$)(?=(?:[^()]*\\([^()]*\\))*[^()]*$)/;\nfunction da(a){var b=[];k(a.split(ea),function(c){var e=c.indexOf(\":\");0\u003Ce&&(c=[c.slice(0,e),c.slice(e+1)],2==c.length&&b.push(c[0].toLowerCase(),\":\",c[1],\";\"))});b=b.join(\"\");return b=\";\"==b.charAt(b.length-1)?b:b+\";\"}function U(a,b){P&&\"value\"==b&&T(a,\"OPTION\")&&null===S(a,\"value\")?(b=[],R(a,b,!1),a=b.join(\"\")):a=a[b];return a}\nfunction T(a,b){b&&\"string\"!==typeof b&&(b=b.toString());return a instanceof HTMLFormElement?!!a&&1==a.nodeType&&(!b||\"FORM\"==b):!!a&&1==a.nodeType&&(!b||a.tagName.toUpperCase()==b)}function V(a){return T(a,\"OPTION\")?!0:T(a,\"INPUT\")?(a=a.type.toLowerCase(),\"checkbox\"==a||\"radio\"==a):!1};var fa={\"class\":\"className\",readonly:\"readOnly\"},ha=\"allowfullscreen allowpaymentrequest allowusermedia async autofocus autoplay checked compact complete controls declare default defaultchecked defaultselected defer disabled ended formnovalidate hidden indeterminate iscontenteditable ismap itemscope loop multiple muted nohref nomodule noresize noshade novalidate nowrap open paused playsinline pubdate readonly required reversed scoped seamless seeking selected truespeed typemustmatch willvalidate\".split(\" \");function W(a,b){var c=null,e=b.toLowerCase();if(\"style\"==e)return(c=a.style)&&\"string\"!=typeof c&&(c=c.cssText),c;if((\"selected\"==e||\"checked\"==e)&&V(a)){if(!V(a))throw new l(15,\"Element is not selectable\");b=\"selected\";c=a.type&&a.type.toLowerCase();if(\"checkbox\"==c||\"radio\"==c)b=\"checked\";return U(a,b)?\"true\":null}var g=T(a,\"A\");if(T(a,\"IMG\")&&\"src\"==e||g&&\"href\"==e)return(c=S(a,e))&&(c=U(a,e)),c;if(\"spellcheck\"==e){c=S(a,e);if(null!==c){if(\"false\"==c.toLowerCase())return\"false\";if(\"true\"==c.toLowerCase())return\"true\"}return U(a,\ne)+\"\"}g=fa[b]||b;if(0\u003C=h(ha,e))return(c=null!==S(a,b)||U(a,g))?\"true\":null;try{var x=U(a,g)}catch(ia){}(e=null==x)||(e=typeof x,e=\"object\"==e&&null!=x||\"function\"==e);e?c=S(a,b):c=x;return null!=c?c.toString():null}var X=[\"se_exportedFunctionSymbol\"],Y=d;X[0]in Y||\"undefined\"==typeof Y.execScript||Y.execScript(\"var \"+X[0]);for(var Z;X.length&&(Z=X.shift());)X.length||void 0===W?Y[Z]&&Y[Z]!==Object.prototype[Z]?Y=Y[Z]:Y=Y[Z]={}:Y[Z]=W;; return this.se_exportedFunctionSymbol.apply(null,arguments);}).apply(window, arguments);}\n).apply(null, arguments);"
}
[1769669278.187][INFO]: Waiting for pending navigations...
[1769669278.187][INFO]: Done waiting for pending navigations. Status: ok
[1769669278.189][INFO]: Waiting for pending navigations...
[1769669278.189][INFO]: Done waiting for pending navigations. Status: ok
[1769669278.189][INFO]: [e9bdbd4df8cae9f7a7b05ef895e65b5c] RESPONSE ExecuteScript "chapter page 12"
[1769669278.190][INFO]: [e9bdbd4df8cae9f7a7b05ef895e65b5c] COMMAND ExecuteScript {
   "args": [ {
      "element-6066-11e4-a52e-4f735466cecf": "f.CAA1FE4C08EC3FB8AD3888983C4001B7.d.728B49898D8128A16D8B333025A9BEAB.e.35"
   }, "currentSrc" ],
   "script": "/* getAttribute */return (function(){return (function(){var d=this||self;function f(a,b){function c(){}c.prototype=b.prototype;a.prototype=new c;a.prototype.constructor=a};var h=Array.prototype.indexOf?function(a,b){return Array.prototype.indexOf.call(a,b,void 0)}:function(a,b){if(\"string\"===typeof a)return\"string\"!==typeof b||1!=b.length?-1:a.indexOf(b,0);for(var c=0;c\u003Ca.length;c++)if(c in a&&a[c]===b)return c;return-1},k=Array.prototype.forEach?function(a,b){Array.prototype.forEach.call(a,b,void 0)}:function(a,b){for(var c=a.length,e=\"string\"===typeof a?a.split(\"\"):a,g=0;g\u003Cc;g++)g in e&&b.call(void 0,e[g],g,a)};function l(a,b){this.code=a;this.a=m[a]||n;this.message=b||\"\";a=this.a.replace(/((?:^|\\s+)[a-z])/g,function(c){return c.toUpperCase().replace(/^[\\s\\xa0]+/g,\"\")});b=a.length-5;if(0>b||a.indexOf(\"Error\",b)!=b)a+=\"Error\";this.name=a;a=Error(this.message);a.name=this.name;this.stack=a.stack||\"\"}f(l,Error);var n=\"unknown error\",m={15:\"element not selectable\",11:\"element not visible\"};m[31]=n;m[30]=n;m[24]=\"invalid cookie domain\";m[29]=\"invalid element coordinates\";m[12]=\"invalid element state\";m[32]=\"invalid selector\";\nm[51]=\"invalid selector\";m[52]=\"invalid selector\";m[17]=\"javascript error\";m[405]=\"unsupported operation\";m[34]=\"move target out of bounds\";m[27]=\"no such alert\";m[7]=\"no such element\";m[8]=\"no such frame\";m[23]=\"no such window\";m[28]=\"script timeout\";m[33]=\"session not created\";m[10]=\"stale element reference\";m[21]=\"timeout\";m[25]=\"unable to set cookie\";m[26]=\"unexpected alert open\";m[13]=n;m[9]=\"unknown command\";var p;a:{var q=d.navigator;if(q){var r=q.userAgent;if(r){p=r;break a}}p=\"\"}function t(a){return-1!=p.indexOf(a)};function u(){return t(\"Firefox\")||t(\"FxiOS\")}function v(){return(t(\"Chrome\")||t(\"CriOS\"))&&!t(\"Edge\")};function w(){return t(\"iPhone\")&&!t(\"iPod\")&&!t(\"iPad\")};var y=t(\"Opera\"),z=t(\"Trident\")||t(\"MSIE\"),A=t(\"Edge\"),B=t(\"Gecko\")&&!(-1!=p.toLowerCase().indexOf(\"webkit\")&&!t(\"Edge\"))&&!(t(\"Trident\")||t(\"MSIE\"))&&!t(\"Edge\"),C=-1!=p.toLowerCase().indexOf(\"webkit\")&&!t(\"Edge\");function D(){var a=d.document;return a?a.documentMode:void 0}var E;\na:{var F=\"\",G=function(){var a=p;if(B)return/rv:([^\\);]+)(\\)|;)/.exec(a);if(A)return/Edge\\/([\\d\\.]+)/.exec(a);if(z)return/\\b(?:MSIE|rv)[: ]([^\\);]+)(\\)|;)/.exec(a);if(C)return/WebKit\\/(\\S+)/.exec(a);if(y)return/(?:Version)[ \\/]?(\\S+)/.exec(a)}();G&&(F=G?G[1]:\"\");if(z){var H=D();if(null!=H&&H>parseFloat(F)){E=String(H);break a}}E=F}var I;I=d.document&&z?D():void 0;var J=u(),K=w()||t(\"iPod\"),L=t(\"iPad\"),M=t(\"Android\")&&!(v()||u()||t(\"Opera\")||t(\"Silk\")),N=v(),aa=t(\"Safari\")&&!(v()||t(\"Coast\")||t(\"Opera\")||t(\"Edge\")||t(\"Edg/\")||t(\"OPR\")||u()||t(\"Silk\")||t(\"Android\"))&&!(w()||t(\"iPad\")||t(\"iPod\"));function O(a){return(a=a.exec(p))?a[1]:\"\"}(function(){if(J)return O(/Firefox\\/([0-9.]+)/);if(z||A||y)return E;if(N)return w()||t(\"iPad\")||t(\"iPod\")?O(/CriOS\\/([0-9.]+)/):O(/Chrome\\/([0-9.]+)/);if(aa&&!(w()||t(\"iPad\")||t(\"iPod\")))return O(/Version\\/([0-9.]+)/);if(K||L){var a=/Version\\/(\\S+).*Mobile\\/(\\S+)/.exec(p);if(a)return a[1]+\".\"+a[2]}else if(M)return(a=O(/Android\\s+([0-9.]+)/))?a:O(/Version\\/([0-9.]+)/);return\"\"})();var P=z&&!(8\u003C=Number(I)),ba=z&&!(9\u003C=Number(I));var ca={SCRIPT:1,STYLE:1,HEAD:1,IFRAME:1,OBJECT:1},Q={IMG:\" \",BR:\"\\n\"};function R(a,b,c){if(!(a.nodeName in ca))if(3==a.nodeType)c?b.push(String(a.nodeValue).replace(/(\\r\\n|\\r|\\n)/g,\"\")):b.push(a.nodeValue);else if(a.nodeName in Q)b.push(Q[a.nodeName]);else for(a=a.firstChild;a;)R(a,b,c),a=a.nextSibling};function S(a,b){b=b.toLowerCase();return\"style\"==b?da(a.style.cssText):P&&\"value\"==b&&T(a,\"INPUT\")?a.value:ba&&!0===a[b]?String(a.getAttribute(b)):(a=a.getAttributeNode(b))&&a.specified?a.value:null}var ea=/[;]+(?=(?:(?:[^\"]*\"){2})*[^\"]*$)(?=(?:(?:[^']*'){2})*[^']*$)(?=(?:[^()]*\\([^()]*\\))*[^()]*$)/;\nfunction da(a){var b=[];k(a.split(ea),function(c){var e=c.indexOf(\":\");0\u003Ce&&(c=[c.slice(0,e),c.slice(e+1)],2==c.length&&b.push(c[0].toLowerCase(),\":\",c[1],\";\"))});b=b.join(\"\");return b=\";\"==b.charAt(b.length-1)?b:b+\";\"}function U(a,b){P&&\"value\"==b&&T(a,\"OPTION\")&&null===S(a,\"value\")?(b=[],R(a,b,!1),a=b.join(\"\")):a=a[b];return a}\nfunction T(a,b){b&&\"string\"!==typeof b&&(b=b.toString());return a instanceof HTMLFormElement?!!a&&1==a.nodeType&&(!b||\"FORM\"==b):!!a&&1==a.nodeType&&(!b||a.tagName.toUpperCase()==b)}function V(a){return T(a,\"OPTION\")?!0:T(a,\"INPUT\")?(a=a.type.toLowerCase(),\"checkbox\"==a||\"radio\"==a):!1};var fa={\"class\":\"className\",readonly:\"readOnly\"},ha=\"allowfullscreen allowpaymentrequest allowusermedia async autofocus autoplay checked compact complete controls declare default defaultchecked defaultselected defer disabled ended formnovalidate hidden indeterminate iscontenteditable ismap itemscope loop multiple muted nohref nomodule noresize noshade novalidate nowrap open paused playsinline pubdate readonly required reversed scoped seamless seeking selected truespeed typemustmatch willvalidate\".split(\" \");function W(a,b){var c=null,e=b.toLowerCase();if(\"style\"==e)return(c=a.style)&&\"string\"!=typeof c&&(c=c.cssText),c;if((\"selected\"==e||\"checked\"==e)&&V(a)){if(!V(a))throw new l(15,\"Element is not selectable\");b=\"selected\";c=a.type&&a.type.toLowerCase();if(\"checkbox\"==c||\"radio\"==c)b=\"checked\";return U(a,b)?\"true\":null}var g=T(a,\"A\");if(T(a,\"IMG\")&&\"src\"==e||g&&\"href\"==e)return(c=S(a,e))&&(c=U(a,e)),c;if(\"spellcheck\"==e){c=S(a,e);if(null!==c){if(\"false\"==c.toLowerCase())return\"false\";if(\"true\"==c.toLowerCase())return\"true\"}return U(a,\ne)+\"\"}g=fa[b]||b;if(0\u003C=h(ha,e))return(c=null!==S(a,b)||U(a,g))?\"true\":null;try{var x=U(a,g)}catch(ia){}(e=null==x)||(e=typeof x,e=\"object\"==e&&null!=x||\"function\"==e);e?c=S(a,b):c=x;return null!=c?c.toString():null}var X=[\"se_exportedFunctionSymbol\"],Y=d;X[0]in Y||\"undefined\"==typeof Y.execScript||Y.execScript(\"var \"+X[0]);for(var Z;X.length&&(Z=X.shift());)X.length||void 0===W?Y[Z]&&Y[Z]!==Object.prototype[Z]?Y=Y[Z]:Y=Y[Z]={}:Y[Z]=W;; return this.se_exportedFunctionSymbol.apply(null,arguments);}).apply(window, arguments);}\n).apply(null, arguments);"
}
[1769669278.190][INFO]: Waiting for pending navigations...
[1769669278.190][INFO]: Done waiting for pending navigations. Status: ok
[1769669278.193][INFO]: Waiting for pending navigations...
[1769669278.193][INFO]: Done waiting for pending navigations. Status: ok
[1769669278.193][INFO]: [e9bdbd4df8cae9f7a7b05ef895e65b5c] RESPONSE ExecuteScript "https://gg.asuracomic.net/storage/media/405817/conversions/11-optimized.webp"
[1769669278.194][INFO]: [e9bdbd4df8cae9f7a7b05ef895e65b5c] COMMAND Quit {
}
[26357:893412:0129/114758.346255:WARNING:net/extras/sqlite/sqlite_persistent_store_backend_base.cc:176] Failed to post task from FlushAndNotifyInBackground@net/extras/sqlite/sqlite_persistent_store_backend_base.cc:226 to client_task_runner_.
[26357:893412:0129/114758.347517:WARNING:net/extras/sqlite/sqlite_persistent_store_backend_base.cc:176] Failed to post task from FlushAndNotifyInBackground@net/extras/sqlite/sqlite_persistent_store_backend_base.cc:226 to client_task_runner_.
[1769669278.398][INFO]: [e9bdbd4df8cae9f7a7b05ef895e65b5c] RESPONSE Quit
